{"mean":{"confidence_interval":{"confidence_level":0.95,"lower_bound":41854.661515590305,"upper_bound":41932.64814700101},"point_estimate":41892.42199318813,"standard_error":19.86630843469369},"median":{"confidence_interval":{"confidence_level":0.95,"lower_bound":41833.72514619883,"upper_bound":41892.82523510972},"point_estimate":41866.43384271978,"standard_error":13.629387665198408},"median_abs_dev":{"confidence_interval":{"confidence_level":0.95,"lower_bound":72.66242547115415,"upper_bound":127.30420455334321},"point_estimate":94.07854453570401,"standard_error":14.217376927883222},"slope":{"confidence_interval":{"confidence_level":0.95,"lower_bound":41846.145130496945,"upper_bound":41924.39810804682},"point_estimate":41878.738728510914,"standard_error":20.164473355102306},"std_dev":{"confidence_interval":{"confidence_level":0.95,"lower_bound":137.95642749939367,"upper_bound":260.0987234738092},"point_estimate":200.45993696273538,"standard_error":31.423786737286463}}