{"mean":{"confidence_interval":{"confidence_level":0.95,"lower_bound":0.10051551756916409,"upper_bound":0.10545301335102837},"point_estimate":0.10295187133557371,"standard_error":0.001259023992995198},"median":{"confidence_interval":{"confidence_level":0.95,"lower_bound":0.10412981140137068,"upper_bound":0.10756966817744273},"point_estimate":0.10590702594355017,"standard_error":0.000908855095755923}}