{"mean":{"confidence_interval":{"confidence_level":0.95,"lower_bound":1528244919.65,"upper_bound":1584081130.09925},"point_estimate":1556166846.35,"standard_error":14261942.02206187},"median":{"confidence_interval":{"confidence_level":0.95,"lower_bound":1530332813.0,"upper_bound":1595912625.0},"point_estimate":1566528270.5,"standard_error":15474697.411919137},"median_abs_dev":{"confidence_interval":{"confidence_level":0.95,"lower_bound":108481222.57117331,"upper_bound":176804796.81496722},"point_estimate":144924333.49337876,"standard_error":17125833.742753215},"slope":null,"std_dev":{"confidence_interval":{"confidence_level":0.95,"lower_bound":122533430.98374832,"upper_bound":161047196.31636494},"point_estimate":142800068.51622486,"standard_error":9840297.156617457}}