{"mean":{"confidence_interval":{"confidence_level":0.95,"lower_bound":25310965.92975,"upper_bound":25890033.481625002},"point_estimate":25551536.715,"standard_error":153141.07207445637},"median":{"confidence_interval":{"confidence_level":0.95,"lower_bound":25238583.5,"upper_bound":25272583.5},"point_estimate":25254718.75,"standard_error":9433.133584435436},"median_abs_dev":{"confidence_interval":{"confidence_level":0.95,"lower_bound":53033.71300846338,"upper_bound":104569.64792601755},"point_estimate":65666.94738417864,"standard_error":12928.502882721259},"slope":null,"std_dev":{"confidence_interval":{"confidence_level":0.95,"lower_bound":181392.1863213805,"upper_bound":2387563.8638004754},"point_estimate":1541834.8041785727,"standard_error":589734.1867409688}}