{"mean":{"confidence_interval":{"confidence_level":0.95,"lower_bound":-0.0035952832671988896,"upper_bound":0.004203423413099771},"point_estimate":0.0003782398074516635,"standard_error":0.0019939352174625485},"median":{"confidence_interval":{"confidence_level":0.95,"lower_bound":-0.0025803365396214195,"upper_bound":-0.0007991547040972752},"point_estimate":-0.0016467025661084378,"standard_error":0.0004433994611164515}}