{"mean":{"confidence_interval":{"confidence_level":0.95,"lower_bound":-0.9299723046186388,"upper_bound":-0.929510276415093},"point_estimate":-0.929761802925594,"standard_error":0.00011734208696188155},"median":{"confidence_interval":{"confidence_level":0.95,"lower_bound":-0.9299924783184097,"upper_bound":-0.9298478568859523},"point_estimate":-0.929930421315353,"standard_error":0.00003697174518192664}}