{"mean":{"confidence_interval":{"confidence_level":0.95,"lower_bound":-0.032150688751604935,"upper_bound":-0.019440267858279132},"point_estimate":-0.025388847789318603,"standard_error":0.0032575599008686593},"median":{"confidence_interval":{"confidence_level":0.95,"lower_bound":-0.020678593113261035,"upper_bound":-0.018522949029122104},"point_estimate":-0.019665772273635418,"standard_error":0.0005525867119784795}}