{"mean":{"confidence_interval":{"confidence_level":0.95,"lower_bound":0.005011490594689883,"upper_bound":0.015469429128346994},"point_estimate":0.010240250404033091,"standard_error":0.0026702248727377177},"median":{"confidence_interval":{"confidence_level":0.95,"lower_bound":0.011751194619421979,"upper_bound":0.01846572661247481},"point_estimate":0.015531951411852374,"standard_error":0.0019314727093884849}}