{"mean":{"confidence_interval":{"confidence_level":0.95,"lower_bound":-0.014633970107911187,"upper_bound":-0.010220771841365293},"point_estimate":-0.012396541128610328,"standard_error":0.0011286573200473332},"median":{"confidence_interval":{"confidence_level":0.95,"lower_bound":-0.015699563442130637,"upper_bound":-0.011708062987403909},"point_estimate":-0.01380798035640407,"standard_error":0.0009650674904719065}}