{"mean":{"confidence_interval":{"confidence_level":0.95,"lower_bound":-0.027668538067504394,"upper_bound":-0.019847430956337307},"point_estimate":-0.023917116596750443,"standard_error":0.00199696071976367},"median":{"confidence_interval":{"confidence_level":0.95,"lower_bound":-0.026544929387543825,"upper_bound":-0.019557337933575725},"point_estimate":-0.023726631013271215,"standard_error":0.0019554357865606987}}