{"mean":{"confidence_interval":{"confidence_level":0.95,"lower_bound":-0.020470798510685284,"upper_bound":-0.0033756884614388927},"point_estimate":-0.010943624215818626,"standard_error":0.004395747374842453},"median":{"confidence_interval":{"confidence_level":0.95,"lower_bound":-0.004029222996795869,"upper_bound":0.0022330692574819245},"point_estimate":-0.0008823309584248262,"standard_error":0.0015612711254656014}}