{"mean":{"confidence_interval":{"confidence_level":0.95,"lower_bound":156680.71483281252,"upper_bound":156889.2180375},"point_estimate":156780.787125,"standard_error":53.056497247750066},"median":{"confidence_interval":{"confidence_level":0.95,"lower_bound":156310.53125,"upper_bound":156320.953125},"point_estimate":156315.7578125,"standard_error":2.7467612801125667},"median_abs_dev":{"confidence_interval":{"confidence_level":0.95,"lower_bound":46.864058542996645,"upper_bound":60.91400985606015},"point_estimate":53.54734123684466,"standard_error":3.447396979936538},"slope":null,"std_dev":{"confidence_interval":{"confidence_level":0.95,"lower_bound":983.3484439493238,"upper_bound":1395.6247247943547},"point_estimate":1188.1688254244818,"standard_error":105.48998553992253}}