{"mean":{"confidence_interval":{"confidence_level":0.95,"lower_bound":142927.79102605637,"upper_bound":143133.3571549297},"point_estimate":143032.15261971822,"standard_error":52.390058986391836},"median":{"confidence_interval":{"confidence_level":0.95,"lower_bound":143329.80985915492,"upper_bound":143730.18309859154},"point_estimate":143551.08450704225,"standard_error":108.46765898006329},"median_abs_dev":{"confidence_interval":{"confidence_level":0.95,"lower_bound":554.5654760699855,"upper_bound":1021.1250706038334},"point_estimate":764.8545328999958,"standard_error":129.0242775181456},"slope":null,"std_dev":{"confidence_interval":{"confidence_level":0.95,"lower_bound":1102.3304682106357,"upper_bound":1244.3607074486033},"point_estimate":1176.507000857481,"standard_error":36.26792755181127}}