{"mean":{"confidence_interval":{"confidence_level":0.95,"lower_bound":578960.3451443949,"upper_bound":579995.1406831513},"point_estimate":579434.8889503352,"standard_error":264.1029835780812},"median":{"confidence_interval":{"confidence_level":0.95,"lower_bound":578824.4107142857,"upper_bound":579447.7459016393},"point_estimate":579303.4661016949,"standard_error":145.45355636420717},"median_abs_dev":{"confidence_interval":{"confidence_level":0.95,"lower_bound":703.9882886381303,"upper_bound":1131.1458460006747},"point_estimate":898.2448948920768,"standard_error":107.76971879958518},"slope":{"confidence_interval":{"confidence_level":0.95,"lower_bound":578046.6359061144,"upper_bound":579097.4142770318},"point_estimate":578639.0154159893,"standard_error":271.00154880478095},"std_dev":{"confidence_interval":{"confidence_level":0.95,"lower_bound":1326.5889252176814,"upper_bound":3935.3192839090825},"point_estimate":2662.2548467546153,"standard_error":701.3519295935121}}