{"mean":{"confidence_interval":{"confidence_level":0.95,"lower_bound":48866.052250201305,"upper_bound":49041.514661370245},"point_estimate":48948.643260923614,"standard_error":44.87602823106235},"median":{"confidence_interval":{"confidence_level":0.95,"lower_bound":48829.227222222224,"upper_bound":48974.670445344134},"point_estimate":48904.92171717172,"standard_error":40.020883196907896},"median_abs_dev":{"confidence_interval":{"confidence_level":0.95,"lower_bound":211.6252813518813,"upper_bound":392.1257414407797},"point_estimate":285.8448965313645,"standard_error":47.67514712100102},"slope":{"confidence_interval":{"confidence_level":0.95,"lower_bound":48860.45679563318,"upper_bound":49104.659423098085},"point_estimate":48971.33216477021,"standard_error":62.50634285413238},"std_dev":{"confidence_interval":{"confidence_level":0.95,"lower_bound":315.174277050968,"upper_bound":605.1933384059104},"point_estimate":451.60195741815903,"standard_error":78.72103064422025}}