{"mean":{"confidence_interval":{"confidence_level":0.95,"lower_bound":46013.689553045864,"upper_bound":46216.945313532924},"point_estimate":46106.598516307626,"standard_error":52.135473774617196},"median":{"confidence_interval":{"confidence_level":0.95,"lower_bound":45930.360922931235,"upper_bound":45977.23242235018},"point_estimate":45955.182656350735,"standard_error":10.777654124929239},"median_abs_dev":{"confidence_interval":{"confidence_level":0.95,"lower_bound":82.5685015800411,"upper_bound":147.54682499427994},"point_estimate":116.10991727029253,"standard_error":16.53045734896399},"slope":{"confidence_interval":{"confidence_level":0.95,"lower_bound":45923.72609726004,"upper_bound":45971.53758973638},"point_estimate":45945.01957628599,"standard_error":12.20460373605688},"std_dev":{"confidence_interval":{"confidence_level":0.95,"lower_bound":329.2938191346144,"upper_bound":682.3764506409875},"point_estimate":524.1329210211892,"standard_error":90.52940907098656}}