{"mean":{"confidence_interval":{"confidence_level":0.95,"lower_bound":40880.12100970911,"upper_bound":40910.22425242187},"point_estimate":40892.031553723595,"standard_error":7.988038864163091},"median":{"confidence_interval":{"confidence_level":0.95,"lower_bound":40875.21506734007,"upper_bound":40885.015384615384},"point_estimate":40878.828162136066,"standard_error":2.263003920271354},"median_abs_dev":{"confidence_interval":{"confidence_level":0.95,"lower_bound":19.37231068688671,"upper_bound":33.161845177678714},"point_estimate":25.776564600584614,"standard_error":3.4434504827115187},"slope":{"confidence_interval":{"confidence_level":0.95,"lower_bound":40880.632851135284,"upper_bound":40893.60539660841},"point_estimate":40886.80398736516,"standard_error":3.326181385425808},"std_dev":{"confidence_interval":{"confidence_level":0.95,"lower_bound":26.006260651436577,"upper_bound":132.01431588231483},"point_estimate":80.58012278061922,"standard_error":35.36306074587096}}