{"mean":{"confidence_interval":{"confidence_level":0.95,"lower_bound":-0.0017400648761702353,"upper_bound":0.001488463954338986},"point_estimate":-0.00008527195740781757,"standard_error":0.0008246617938731441},"median":{"confidence_interval":{"confidence_level":0.95,"lower_bound":-0.000444296061931645,"upper_bound":0.000023548330825740038},"point_estimate":-0.00026373898706544274,"standard_error":0.00012373896046518357}}