{"mean":{"confidence_interval":{"confidence_level":0.95,"lower_bound":154229.10645384615,"upper_bound":154296.2630323078},"point_estimate":154260.29550769238,"standard_error":17.217361158582943},"median":{"confidence_interval":{"confidence_level":0.95,"lower_bound":154103.43846153846,"upper_bound":154120.86923076923},"point_estimate":154110.76923076925,"standard_error":4.366440708828542},"median_abs_dev":{"confidence_interval":{"confidence_level":0.95,"lower_bound":67.4582988023758,"upper_bound":104.50048891399814},"point_estimate":80.23146780640582,"standard_error":9.193442053307937},"slope":null,"std_dev":{"confidence_interval":{"confidence_level":0.95,"lower_bound":264.76552177953596,"upper_bound":530.7857202835507},"point_estimate":386.41312073190306,"standard_error":74.44741057977443}}