{"mean":{"confidence_interval":{"confidence_level":0.95,"lower_bound":40964.45915868091,"upper_bound":40998.92003277454},"point_estimate":40978.67857612655,"standard_error":9.027390146538556},"median":{"confidence_interval":{"confidence_level":0.95,"lower_bound":40957.35396226415,"upper_bound":40968.56506329114},"point_estimate":40963.68256551724,"standard_error":2.7730087931893843},"median_abs_dev":{"confidence_interval":{"confidence_level":0.95,"lower_bound":17.136698239660717,"upper_bound":31.720646363220606},"point_estimate":22.984365140695477,"standard_error":3.766572529208856},"slope":{"confidence_interval":{"confidence_level":0.95,"lower_bound":40963.47272418896,"upper_bound":40973.24467193729},"point_estimate":40968.314987202604,"standard_error":2.5016907835432565},"std_dev":{"confidence_interval":{"confidence_level":0.95,"lower_bound":28.20317943540531,"upper_bound":146.17345505445778},"point_estimate":91.0338971116498,"standard_error":35.3833348872428}}