{"mean":{"confidence_interval":{"confidence_level":0.95,"lower_bound":30272.355222366266,"upper_bound":30400.322999858916},"point_estimate":30331.98113313029,"standard_error":32.603162574448596},"median":{"confidence_interval":{"confidence_level":0.95,"lower_bound":30244.122865013775,"upper_bound":30323.08121212121},"point_estimate":30260.369605142332,"standard_error":18.6230407994902},"median_abs_dev":{"confidence_interval":{"confidence_level":0.95,"lower_bound":123.96280243758699,"upper_bound":189.61692762738792},"point_estimate":157.6261056909612,"standard_error":17.01975535297354},"slope":{"confidence_interval":{"confidence_level":0.95,"lower_bound":30177.21825837561,"upper_bound":30304.312902070073},"point_estimate":30228.76500002239,"standard_error":32.88859337739645},"std_dev":{"confidence_interval":{"confidence_level":0.95,"lower_bound":206.47603741550543,"upper_bound":436.0966973501223},"point_estimate":329.30545793427893,"standard_error":58.777924247182696}}