{"mean":{"confidence_interval":{"confidence_level":0.95,"lower_bound":44815.04533018593,"upper_bound":44984.29933508657},"point_estimate":44894.85904671701,"standard_error":43.29414794681783},"median":{"confidence_interval":{"confidence_level":0.95,"lower_bound":44738.84722222222,"upper_bound":44859.41118881119},"point_estimate":44802.004272115606,"standard_error":34.17252739913222},"median_abs_dev":{"confidence_interval":{"confidence_level":0.95,"lower_bound":123.57559247367932,"upper_bound":229.97154644090784},"point_estimate":170.01530783850586,"standard_error":27.81890679526722},"slope":{"confidence_interval":{"confidence_level":0.95,"lower_bound":44828.72928284093,"upper_bound":45030.64828874718},"point_estimate":44920.87763437538,"standard_error":51.94258695240855},"std_dev":{"confidence_interval":{"confidence_level":0.95,"lower_bound":280.00057302938956,"upper_bound":584.5515787727087},"point_estimate":433.8481863193081,"standard_error":79.3119465357097}}