{"mean":{"confidence_interval":{"confidence_level":0.95,"lower_bound":0.008394817631401793,"upper_bound":0.019933616052235887},"point_estimate":0.013543156331308426,"standard_error":0.003012083946540758},"median":{"confidence_interval":{"confidence_level":0.95,"lower_bound":0.002170108705942697,"upper_bound":0.01170902301663812},"point_estimate":0.008436478408835102,"standard_error":0.0026374341025602746}}