{"mean":{"confidence_interval":{"confidence_level":0.95,"lower_bound":28675.01181256641,"upper_bound":28729.779626835774},"point_estimate":28702.991245341407,"standard_error":14.066029715656336},"median":{"confidence_interval":{"confidence_level":0.95,"lower_bound":28699.91611721612,"upper_bound":28728.779300291546},"point_estimate":28717.254400837257,"standard_error":6.269866451368253},"median_abs_dev":{"confidence_interval":{"confidence_level":0.95,"lower_bound":52.25018580384763,"upper_bound":113.19964966111051},"point_estimate":84.39108234776991,"standard_error":15.547134020143263},"slope":{"confidence_interval":{"confidence_level":0.95,"lower_bound":28729.94762825937,"upper_bound":28757.82188677596},"point_estimate":28744.29165158648,"standard_error":7.0829465223764725},"std_dev":{"confidence_interval":{"confidence_level":0.95,"lower_bound":106.8385436118021,"upper_bound":171.73487753335084},"point_estimate":141.3098457212323,"standard_error":16.546805039519615}}