{"mean":{"confidence_interval":{"confidence_level":0.95,"lower_bound":11886542.63995,"upper_bound":11952669.438499998},"point_estimate":11915403.092,"standard_error":17031.26386412652},"median":{"confidence_interval":{"confidence_level":0.95,"lower_bound":11876462.5,"upper_bound":11890133.2},"point_estimate":11883491.7,"standard_error":3287.571655748162},"median_abs_dev":{"confidence_interval":{"confidence_level":0.95,"lower_bound":21405.037119984627,"upper_bound":33797.0524799821},"point_estimate":29052.732564210615,"standard_error":3190.4966507179774},"slope":null,"std_dev":{"confidence_interval":{"confidence_level":0.95,"lower_bound":61271.75115263344,"upper_bound":252210.2636929832},"point_estimate":171182.17696840977,"standard_error":48790.6262060231}}