{"mean":{"confidence_interval":{"confidence_level":0.95,"lower_bound":1644.9765476497337,"upper_bound":1647.1268893460299},"point_estimate":1646.0242201826882,"standard_error":0.5471286979967672},"median":{"confidence_interval":{"confidence_level":0.95,"lower_bound":1644.0220633547538,"upper_bound":1646.4352656246774},"point_estimate":1644.696525586979,"standard_error":0.6213681474857079},"median_abs_dev":{"confidence_interval":{"confidence_level":0.95,"lower_bound":3.3475893897011346,"upper_bound":6.6471514840035875},"point_estimate":4.297440077845759,"standard_error":0.8458552023599001},"slope":{"confidence_interval":{"confidence_level":0.95,"lower_bound":1644.0883594020377,"upper_bound":1646.8554437689809},"point_estimate":1645.354655715515,"standard_error":0.7105787149841081},"std_dev":{"confidence_interval":{"confidence_level":0.95,"lower_bound":4.181198581377951,"upper_bound":6.890966417637238},"point_estimate":5.496588408490082,"standard_error":0.713773722776751}}