{"mean":{"confidence_interval":{"confidence_level":0.95,"lower_bound":1379.4877866009303,"upper_bound":1381.7593655280123},"point_estimate":1380.5798325365874,"standard_error":0.5791275756484988},"median":{"confidence_interval":{"confidence_level":0.95,"lower_bound":1378.7176814818397,"upper_bound":1380.572312515469},"point_estimate":1379.7996789083363,"standard_error":0.41298135262283514},"median_abs_dev":{"confidence_interval":{"confidence_level":0.95,"lower_bound":3.0194809579317834,"upper_bound":5.621133745913458},"point_estimate":4.2563129750097115,"standard_error":0.6980188280714096},"slope":{"confidence_interval":{"confidence_level":0.95,"lower_bound":1378.1462349576313,"upper_bound":1381.5015340083228},"point_estimate":1379.6664781628358,"standard_error":0.8566736820817126},"std_dev":{"confidence_interval":{"confidence_level":0.95,"lower_bound":4.2665845994286,"upper_bound":7.279667804534214},"point_estimate":5.806413126440728,"standard_error":0.7752792497643216}}