{"mean":{"confidence_interval":{"confidence_level":0.95,"lower_bound":1739.3325729741202,"upper_bound":1818.8411490245446},"point_estimate":1775.474784534451,"standard_error":20.379154408301126},"median":{"confidence_interval":{"confidence_level":0.95,"lower_bound":1714.4515188234207,"upper_bound":1718.2287662288045},"point_estimate":1715.615453355012,"standard_error":1.0262309734141783},"median_abs_dev":{"confidence_interval":{"confidence_level":0.95,"lower_bound":6.196454824750309,"upper_bound":11.796964590183235},"point_estimate":7.983285051561523,"standard_error":1.472463699722546},"slope":{"confidence_interval":{"confidence_level":0.95,"lower_bound":1735.0894563743207,"upper_bound":1824.1447379895294},"point_estimate":1774.0509973995065,"standard_error":22.7195128628584},"std_dev":{"confidence_interval":{"confidence_level":0.95,"lower_bound":119.96406503773176,"upper_bound":268.2819331659867},"point_estimate":203.75976490005775,"standard_error":38.04321658499279}}