{"mean":{"confidence_interval":{"confidence_level":0.95,"lower_bound":-0.0019921687159722367,"upper_bound":0.0017874395634618733},"point_estimate":-0.0001949347064791329,"standard_error":0.0009532655413489789},"median":{"confidence_interval":{"confidence_level":0.95,"lower_bound":-0.000333965935400804,"upper_bound":0.00011410490945640284},"point_estimate":-0.00010883035947251152,"standard_error":0.00010842518082098044}}