{"mean":{"confidence_interval":{"confidence_level":0.95,"lower_bound":928924.6357041675,"upper_bound":937825.9386666656},"point_estimate":933365.5018333334,"standard_error":2270.9776498417186},"median":{"confidence_interval":{"confidence_level":0.95,"lower_bound":889250.0833333333,"upper_bound":927096.9166666667},"point_estimate":907082.2083333334,"standard_error":12716.979107027077},"median_abs_dev":{"confidence_interval":{"confidence_level":0.95,"lower_bound":16061.68503984806,"upper_bound":63953.86488959179},"point_estimate":41669.21356022358,"standard_error":13077.590030004987},"slope":null,"std_dev":{"confidence_interval":{"confidence_level":0.95,"lower_bound":49970.22462112887,"upper_bound":51367.84075981397},"point_estimate":50762.96137534296,"standard_error":355.8434500417008}}