{"mean":{"confidence_interval":{"confidence_level":0.95,"lower_bound":-0.0077254995430291185,"upper_bound":-0.002850625535758439},"point_estimate":-0.005205423770325623,"standard_error":0.0012337486590195512},"median":{"confidence_interval":{"confidence_level":0.95,"lower_bound":-0.006460794376332913,"upper_bound":-0.003979566761197817},"point_estimate":-0.005068346554932268,"standard_error":0.0006236238282408492}}