{"mean":{"confidence_interval":{"confidence_level":0.95,"lower_bound":25387655.535,"upper_bound":25448218.797875},"point_estimate":25414420.075,"standard_error":15596.58630628277},"median":{"confidence_interval":{"confidence_level":0.95,"lower_bound":25376332.0,"upper_bound":25407067.0},"point_estimate":25397251.0,"standard_error":7699.2841096606135},"median_abs_dev":{"confidence_interval":{"confidence_level":0.95,"lower_bound":42358.62254798412,"upper_bound":69239.2720207572},"point_estimate":58484.121161699295,"standard_error":6921.20759973988},"slope":null,"std_dev":{"confidence_interval":{"confidence_level":0.95,"lower_bound":53763.08994305394,"upper_bound":223989.73518871685},"point_estimate":156527.9185211459,"standard_error":40866.930184744044}}