{"mean":{"confidence_interval":{"confidence_level":0.95,"lower_bound":12340865.8225,"upper_bound":12366808.1521875},"point_estimate":12353162.395,"standard_error":6592.569024728005},"median":{"confidence_interval":{"confidence_level":0.95,"lower_bound":12332864.5,"upper_bound":12355843.75},"point_estimate":12348255.125,"standard_error":5946.91553909201},"median_abs_dev":{"confidence_interval":{"confidence_level":0.95,"lower_bound":41566.72883704305,"upper_bound":72716.89558401704},"point_estimate":55968.33433136344,"standard_error":7691.97200407896},"slope":null,"std_dev":{"confidence_interval":{"confidence_level":0.95,"lower_bound":46730.18577744367,"upper_bound":88986.66451101238},"point_estimate":66164.89337762092,"standard_error":11716.997104573196}}