{"mean":{"confidence_interval":{"confidence_level":0.95,"lower_bound":-0.003379092865171584,"upper_bound":0.010574214297781857},"point_estimate":0.0029092100769116946,"standard_error":0.0035061211317261205},"median":{"confidence_interval":{"confidence_level":0.95,"lower_bound":-0.0003960889823151067,"upper_bound":0.0005950868987494307},"point_estimate":0.00010412094396761162,"standard_error":0.00023290035523273485}}