{"mean":{"confidence_interval":{"confidence_level":0.95,"lower_bound":-0.07685237694113618,"upper_bound":-0.06897529908812161},"point_estimate":-0.0729064174936227,"standard_error":0.0020117240967854914},"median":{"confidence_interval":{"confidence_level":0.95,"lower_bound":-0.07462566911541735,"upper_bound":-0.06973840596763622},"point_estimate":-0.07171561126646342,"standard_error":0.0011488701566818868}}