{"mean":{"confidence_interval":{"confidence_level":0.95,"lower_bound":-0.009572899856521313,"upper_bound":-0.0007081742572039307},"point_estimate":-0.005168681862780966,"standard_error":0.002260930588731995},"median":{"confidence_interval":{"confidence_level":0.95,"lower_bound":-0.0062617217759830535,"upper_bound":-0.0009538129664122819},"point_estimate":-0.0031906108085005824,"standard_error":0.0013187741067351721}}