{"mean":{"confidence_interval":{"confidence_level":0.95,"lower_bound":-0.005640407426446892,"upper_bound":0.006779934080390353},"point_estimate":0.0012676369899378148,"standard_error":0.003189610411019212},"median":{"confidence_interval":{"confidence_level":0.95,"lower_bound":0.001134275826171649,"upper_bound":0.0048450771745822685},"point_estimate":0.0020962983009060743,"standard_error":0.0009203354391300692}}