{"mean":{"confidence_interval":{"confidence_level":0.95,"lower_bound":-0.0002508620527743588,"upper_bound":0.009792209619250657},"point_estimate":0.004872840925232547,"standard_error":0.0025478916798140684},"median":{"confidence_interval":{"confidence_level":0.95,"lower_bound":0.00007633212165392145,"upper_bound":0.0024232917030326817},"point_estimate":0.0008111805999031496,"standard_error":0.000901398610305965}}