{"mean":{"confidence_interval":{"confidence_level":0.95,"lower_bound":0.00539509029591425,"upper_bound":0.03581348670299004},"point_estimate":0.02000003535421424,"standard_error":0.008280049466924481},"median":{"confidence_interval":{"confidence_level":0.95,"lower_bound":-0.022787263127326374,"upper_bound":0.018798211346018112},"point_estimate":0.0021335501835653137,"standard_error":0.01150605072511474}}