{"mean":{"confidence_interval":{"confidence_level":0.95,"lower_bound":1714.928971410106,"upper_bound":1719.4624701056466},"point_estimate":1717.0896948363734,"standard_error":1.1532711777611142},"median":{"confidence_interval":{"confidence_level":0.95,"lower_bound":1712.0748103666244,"upper_bound":1715.6429026548672},"point_estimate":1713.9041087231353,"standard_error":0.9477564474313307},"median_abs_dev":{"confidence_interval":{"confidence_level":0.95,"lower_bound":5.085772587414417,"upper_bound":9.084578146565077},"point_estimate":6.656849417300201,"standard_error":0.9712565953822808},"slope":{"confidence_interval":{"confidence_level":0.95,"lower_bound":1711.334392579313,"upper_bound":1716.0825287941354},"point_estimate":1713.4811593482686,"standard_error":1.2132348662305372},"std_dev":{"confidence_interval":{"confidence_level":0.95,"lower_bound":8.761670897996815,"upper_bound":14.074459901201948},"point_estimate":11.595064116371063,"standard_error":1.3584724198767693}}