{"mean":{"confidence_interval":{"confidence_level":0.95,"lower_bound":44786.097443020466,"upper_bound":45134.62444064367},"point_estimate":44951.47691984265,"standard_error":88.55520151514915},"median":{"confidence_interval":{"confidence_level":0.95,"lower_bound":44607.24654731458,"upper_bound":44991.81130156076},"point_estimate":44775.01908552766,"standard_error":114.92776727479024},"median_abs_dev":{"confidence_interval":{"confidence_level":0.95,"lower_bound":401.73126473299754,"upper_bound":678.3509741222063},"point_estimate":566.7250795707263,"standard_error":69.77705500260666},"slope":{"confidence_interval":{"confidence_level":0.95,"lower_bound":44615.2169902195,"upper_bound":45177.75014502977},"point_estimate":44842.5159691855,"standard_error":148.29990293607707},"std_dev":{"confidence_interval":{"confidence_level":0.95,"lower_bound":589.3637707040394,"upper_bound":1160.490186206978},"point_estimate":889.5366584523574,"standard_error":146.00974536062895}}