{"mean":{"confidence_interval":{"confidence_level":0.95,"lower_bound":53601.78648976633,"upper_bound":54070.15060078758},"point_estimate":53805.09128025667,"standard_error":120.71993333166266},"median":{"confidence_interval":{"confidence_level":0.95,"lower_bound":53460.52631578947,"upper_bound":53498.81605209423},"point_estimate":53484.56048014774,"standard_error":12.137396014719583},"median_abs_dev":{"confidence_interval":{"confidence_level":0.95,"lower_bound":92.0843416084224,"upper_bound":241.84788772926441},"point_estimate":153.21998895117935,"standard_error":37.81324024833337},"slope":{"confidence_interval":{"confidence_level":0.95,"lower_bound":53512.12029741685,"upper_bound":54525.62164787971},"point_estimate":53944.459495850606,"standard_error":264.0666955599668},"std_dev":{"confidence_interval":{"confidence_level":0.95,"lower_bound":442.0436603074366,"upper_bound":1819.546221177808},"point_estimate":1210.6368859861795,"standard_error":363.1078243348456}}