{"mean":{"confidence_interval":{"confidence_level":0.95,"lower_bound":-0.022182405195612907,"upper_bound":-0.014724611320429022},"point_estimate":-0.018432082189953625,"standard_error":0.0018956292260205812},"median":{"confidence_interval":{"confidence_level":0.95,"lower_bound":-0.02008858154226667,"upper_bound":-0.01761076834051422},"point_estimate":-0.01892809078844826,"standard_error":0.0006797503790003556}}