{"mean":{"confidence_interval":{"confidence_level":0.95,"lower_bound":-0.02670155300710494,"upper_bound":-0.018407998723894727},"point_estimate":-0.02260400487472436,"standard_error":0.0021265844977757737},"median":{"confidence_interval":{"confidence_level":0.95,"lower_bound":-0.02817538322085278,"upper_bound":-0.022304141985421553},"point_estimate":-0.02544853553041726,"standard_error":0.0015180101457421052}}