{"mean":{"confidence_interval":{"confidence_level":0.95,"lower_bound":2.1267275779270314,"upper_bound":2.173496707336244},"point_estimate":2.151636569714675,"standard_error":0.011982101523187072},"median":{"confidence_interval":{"confidence_level":0.95,"lower_bound":2.192099166320705,"upper_bound":2.209046831773578},"point_estimate":2.2005015513799573,"standard_error":0.004276175664524253}}