{"mean":{"confidence_interval":{"confidence_level":0.95,"lower_bound":-0.0050626852336692835,"upper_bound":0.013231914097277295},"point_estimate":0.003758228514627149,"standard_error":0.004625870655330744},"median":{"confidence_interval":{"confidence_level":0.95,"lower_bound":-0.003907457255868298,"upper_bound":-0.0009792557603300889},"point_estimate":-0.0027863165612000973,"standard_error":0.0007548028318636502}}