{"mean":{"confidence_interval":{"confidence_level":0.95,"lower_bound":-0.007053621537391447,"upper_bound":0.0034929469022223574},"point_estimate":-0.0017576644271256603,"standard_error":0.0026940662288849854},"median":{"confidence_interval":{"confidence_level":0.95,"lower_bound":-0.001280494317890013,"upper_bound":-0.00002954323015103011},"point_estimate":-0.0005891948049131512,"standard_error":0.0003081672803949897}}