{"mean":{"confidence_interval":{"confidence_level":0.95,"lower_bound":0.01700411982958651,"upper_bound":0.05301512776128199},"point_estimate":0.030652871487254263,"standard_error":0.009189393597973168},"median":{"confidence_interval":{"confidence_level":0.95,"lower_bound":0.006988324038974092,"upper_bound":0.025431103031643643},"point_estimate":0.014100354571905171,"standard_error":0.005057671728186075}}