{"mean":{"confidence_interval":{"confidence_level":0.95,"lower_bound":-0.14939390068758318,"upper_bound":-0.03898883485284969},"point_estimate":-0.08408990637634206,"standard_error":0.029935477273686815},"median":{"confidence_interval":{"confidence_level":0.95,"lower_bound":-0.0363406609502166,"upper_bound":-0.022631433451965832},"point_estimate":-0.028100386396769594,"standard_error":0.003589856656730499}}