{"mean":{"confidence_interval":{"confidence_level":0.95,"lower_bound":0.032056314733176404,"upper_bound":0.044555886350473334},"point_estimate":0.038486142627611075,"standard_error":0.0031882021071336273},"median":{"confidence_interval":{"confidence_level":0.95,"lower_bound":0.041281303558661886,"upper_bound":0.04666459149928709},"point_estimate":0.043540473122400725,"standard_error":0.001362368485758134}}