{"mean":{"confidence_interval":{"confidence_level":0.95,"lower_bound":0.006568059009024848,"upper_bound":0.018814847977677945},"point_estimate":0.012338105896471774,"standard_error":0.0031019248106365685},"median":{"confidence_interval":{"confidence_level":0.95,"lower_bound":0.003503687096538144,"upper_bound":0.005561852397183653},"point_estimate":0.004345804216047799,"standard_error":0.0005436261418375001}}