{"mean":{"confidence_interval":{"confidence_level":0.95,"lower_bound":2631399.548894736,"upper_bound":2647502.478276317},"point_estimate":2638768.1552631594,"standard_error":4110.01002849217},"median":{"confidence_interval":{"confidence_level":0.95,"lower_bound":2626355.263157895,"upper_bound":2628300.421052632},"point_estimate":2627152.421052632,"standard_error":532.37283336801},"median_abs_dev":{"confidence_interval":{"confidence_level":0.95,"lower_bound":3026.9209744193413,"upper_bound":5486.595297330322},"point_estimate":4228.375124931681,"standard_error":623.1758694245636},"slope":null,"std_dev":{"confidence_interval":{"confidence_level":0.95,"lower_bound":24657.73939463478,"upper_bound":54236.49499405229},"point_estimate":41207.44010458539,"standard_error":7562.2349850445635}}