{"mean":{"confidence_interval":{"confidence_level":0.95,"lower_bound":24157.903129462033,"upper_bound":24731.29156825389},"point_estimate":24414.927478967715,"standard_error":147.5854215546786},"median":{"confidence_interval":{"confidence_level":0.95,"lower_bound":23870.769696969695,"upper_bound":24211.399975945395},"point_estimate":23948.232559690543,"standard_error":119.11613671319414},"median_abs_dev":{"confidence_interval":{"confidence_level":0.95,"lower_bound":89.94103649846697,"upper_bound":528.406627115222},"point_estimate":274.26338860375694,"standard_error":138.9215105798262},"slope":{"confidence_interval":{"confidence_level":0.95,"lower_bound":24522.328150762547,"upper_bound":25757.52051244765},"point_estimate":25098.010289429796,"standard_error":317.8416822599567},"std_dev":{"confidence_interval":{"confidence_level":0.95,"lower_bound":678.8378995572434,"upper_bound":2101.663970754244},"point_estimate":1484.80842371867,"standard_error":363.06772678669086}}