{"mean":{"confidence_interval":{"confidence_level":0.95,"lower_bound":35539.34845879129,"upper_bound":35567.07162640811},"point_estimate":35551.15423509275,"standard_error":7.159407833502296},"median":{"confidence_interval":{"confidence_level":0.95,"lower_bound":35530.244299408994,"upper_bound":35539.332933872756},"point_estimate":35534.63493964462,"standard_error":2.5593921644050357},"median_abs_dev":{"confidence_interval":{"confidence_level":0.95,"lower_bound":12.886137975246058,"upper_bound":25.642167258718064},"point_estimate":18.733715230872566,"standard_error":3.216349080157885},"slope":{"confidence_interval":{"confidence_level":0.95,"lower_bound":35535.09935239763,"upper_bound":35544.72239359057},"point_estimate":35539.663394974596,"standard_error":2.456904178799855},"std_dev":{"confidence_interval":{"confidence_level":0.95,"lower_bound":30.32036231411973,"upper_bound":110.32363334040465},"point_estimate":71.54996010316296,"standard_error":22.85903226345911}}