{"mean":{"confidence_interval":{"confidence_level":0.95,"lower_bound":53362.87281404885,"upper_bound":53425.3091592201},"point_estimate":53393.70116454236,"standard_error":15.929036215013221},"median":{"confidence_interval":{"confidence_level":0.95,"lower_bound":53355.60974418702,"upper_bound":53420.66166166167},"point_estimate":53386.77393107084,"standard_error":16.41286159075758},"median_abs_dev":{"confidence_interval":{"confidence_level":0.95,"lower_bound":124.75848063356753,"upper_bound":193.93601181889443},"point_estimate":163.92509933362814,"standard_error":17.697912143890754},"slope":{"confidence_interval":{"confidence_level":0.95,"lower_bound":53275.770129157834,"upper_bound":53371.64020718041},"point_estimate":53316.32974248093,"standard_error":24.69741803868422},"std_dev":{"confidence_interval":{"confidence_level":0.95,"lower_bound":132.97783630004972,"upper_bound":186.88813594222157},"point_estimate":160.20236749495788,"standard_error":13.853099633574676}}