{"mean":{"confidence_interval":{"confidence_level":0.95,"lower_bound":2263204.0381818186,"upper_bound":2341894.713636364},"point_estimate":2295937.633636364,"standard_error":20443.778039326862},"median":{"confidence_interval":{"confidence_level":0.95,"lower_bound":2260851.340909091,"upper_bound":2264822.909090909},"point_estimate":2262130.6818181816,"standard_error":1059.3185738890875},"median_abs_dev":{"confidence_interval":{"confidence_level":0.95,"lower_bound":10164.806505902154,"upper_bound":26617.95971380064},"point_estimate":17267.538634348937,"standard_error":4718.087586823849},"slope":null,"std_dev":{"confidence_interval":{"confidence_level":0.95,"lower_bound":37289.57136985895,"upper_bound":325405.8847761401},"point_estimate":205449.38663090937,"standard_error":75608.41991409897}}