{"mean":{"confidence_interval":{"confidence_level":0.95,"lower_bound":0.015380063778548437,"upper_bound":0.018895020249339443},"point_estimate":0.01716895772861582,"standard_error":0.0008967181290622349},"median":{"confidence_interval":{"confidence_level":0.95,"lower_bound":0.018141616903126767,"upper_bound":0.019509142140558648},"point_estimate":0.01880184375469618,"standard_error":0.0003261357157291936}}