{"mean":{"confidence_interval":{"confidence_level":0.95,"lower_bound":49295.96692108562,"upper_bound":49412.392214072635},"point_estimate":49349.39194642625,"standard_error":29.722141156261113},"median":{"confidence_interval":{"confidence_level":0.95,"lower_bound":49251.25555555556,"upper_bound":49277.61111111111},"point_estimate":49261.21583178726,"standard_error":6.070140006962126},"median_abs_dev":{"confidence_interval":{"confidence_level":0.95,"lower_bound":32.432469579267284,"upper_bound":64.52311922015092},"point_estimate":51.755775800729474,"standard_error":9.329713220423328},"slope":{"confidence_interval":{"confidence_level":0.95,"lower_bound":49267.14718561947,"upper_bound":49435.22252662989},"point_estimate":49341.3167556841,"standard_error":43.239945384594925},"std_dev":{"confidence_interval":{"confidence_level":0.95,"lower_bound":169.54322142219814,"upper_bound":397.0905153412992},"point_estimate":298.359555252338,"standard_error":58.1693686648103}}