{"mean":{"confidence_interval":{"confidence_level":0.95,"lower_bound":243642.7311037978,"upper_bound":245528.7513942366},"point_estimate":244546.64849832977,"standard_error":481.6868048245189},"median":{"confidence_interval":{"confidence_level":0.95,"lower_bound":242018.39466666666,"upper_bound":244043.95051546392},"point_estimate":242653.6924641148,"standard_error":462.672189008689},"median_abs_dev":{"confidence_interval":{"confidence_level":0.95,"lower_bound":1757.6954828749047,"upper_bound":4279.646167771088},"point_estimate":2683.475278135797,"standard_error":607.3186165640437},"slope":{"confidence_interval":{"confidence_level":0.95,"lower_bound":243337.45714281703,"upper_bound":245635.2504660999},"point_estimate":244415.59100517217,"standard_error":584.8667606116807},"std_dev":{"confidence_interval":{"confidence_level":0.95,"lower_bound":3807.9410437629795,"upper_bound":5640.709582711274},"point_estimate":4819.188040051879,"standard_error":469.8084573778029}}