{"mean":{"confidence_interval":{"confidence_level":0.95,"lower_bound":-0.043875528278187186,"upper_bound":-0.03568127260967164},"point_estimate":-0.039920327742518635,"standard_error":0.0020947108894568242},"median":{"confidence_interval":{"confidence_level":0.95,"lower_bound":-0.03964074936138673,"upper_bound":-0.035878505727594656},"point_estimate":-0.03787592340132262,"standard_error":0.0009742644580650944}}