{"mean":{"confidence_interval":{"confidence_level":0.95,"lower_bound":0.011851056632733155,"upper_bound":0.025010770817086195},"point_estimate":0.018430972406982882,"standard_error":0.003385334497265713},"median":{"confidence_interval":{"confidence_level":0.95,"lower_bound":0.015315418594652241,"upper_bound":0.021830057107468548},"point_estimate":0.018925049821499007,"standard_error":0.0016246526737449898}}