{"mean":{"confidence_interval":{"confidence_level":0.95,"lower_bound":63792790.731249996,"upper_bound":63891261.28275},"point_estimate":63837399.92,"standard_error":25253.138011728},"median":{"confidence_interval":{"confidence_level":0.95,"lower_bound":63767805.0,"upper_bound":63792015.0},"point_estimate":63779232.5,"standard_error":7294.476957115202},"median_abs_dev":{"confidence_interval":{"confidence_level":0.95,"lower_bound":28366.58529639244,"upper_bound":47252.685061097145},"point_estimate":35046.43947780132,"standard_error":4815.584162665713},"slope":null,"std_dev":{"confidence_interval":{"confidence_level":0.95,"lower_bound":144998.30521100824,"upper_bound":337496.35843283683},"point_estimate":253597.57922344905,"standard_error":50121.737307013784}}