{"mean":{"confidence_interval":{"confidence_level":0.95,"lower_bound":56561.73881354674,"upper_bound":77457.536741186},"point_estimate":66762.33106757932,"standard_error":5350.27799362471},"median":{"confidence_interval":{"confidence_level":0.95,"lower_bound":25752.616304347826,"upper_bound":30748.03552631579},"point_estimate":30244.789855942377,"standard_error":4944.7097162774735},"median_abs_dev":{"confidence_interval":{"confidence_level":0.95,"lower_bound":983.0639768197982,"upper_bound":8636.991088855051},"point_estimate":7393.686905758928,"standard_error":4058.7293221090767},"slope":{"confidence_interval":{"confidence_level":0.95,"lower_bound":29066.07587385782,"upper_bound":34484.59626939944},"point_estimate":31356.743116447466,"standard_error":1384.9424379105176},"std_dev":{"confidence_interval":{"confidence_level":0.95,"lower_bound":49572.81795208352,"upper_bound":55834.78447101406},"point_estimate":53776.05517069616,"standard_error":1642.3256548724512}}