{"mean":{"confidence_interval":{"confidence_level":0.95,"lower_bound":8345044.068291666,"upper_bound":8373323.902583334},"point_estimate":8358850.610000003,"standard_error":7198.705019372895},"median":{"confidence_interval":{"confidence_level":0.95,"lower_bound":8351170.083333333,"upper_bound":8366548.5},"point_estimate":8360781.333333334,"standard_error":3488.8830585376745},"median_abs_dev":{"confidence_interval":{"confidence_level":0.95,"lower_bound":14151.540298759477,"upper_bound":32107.55567997694},"point_estimate":24921.146507560745,"standard_error":4516.172596366859},"slope":null,"std_dev":{"confidence_interval":{"confidence_level":0.95,"lower_bound":47984.852941970385,"upper_bound":93426.12467449422},"point_estimate":72044.9989458718,"standard_error":11600.518166324373}}