{"mean":{"confidence_interval":{"confidence_level":0.95,"lower_bound":59446.49296914586,"upper_bound":59592.79467958273},"point_estimate":59516.573204826476,"standard_error":37.17189952189169},"median":{"confidence_interval":{"confidence_level":0.95,"lower_bound":59415.68374938211,"upper_bound":59490.258801065436},"point_estimate":59451.15680782117,"standard_error":18.061153374372},"median_abs_dev":{"confidence_interval":{"confidence_level":0.95,"lower_bound":95.26622948954815,"upper_bound":165.52854242682378},"point_estimate":120.95224791851945,"standard_error":18.03126645611036},"slope":{"confidence_interval":{"confidence_level":0.95,"lower_bound":59485.626357183406,"upper_bound":59732.700710009114},"point_estimate":59596.062698563095,"standard_error":63.6148096635521},"std_dev":{"confidence_interval":{"confidence_level":0.95,"lower_bound":249.39265965410488,"upper_bound":498.9048926656315},"point_estimate":374.1097432459122,"standard_error":65.17618516517341}}