{"mean":{"confidence_interval":{"confidence_level":0.95,"lower_bound":164283.29515572652,"upper_bound":165370.9359791435},"point_estimate":164769.29525784246,"standard_error":279.76534188837695},"median":{"confidence_interval":{"confidence_level":0.95,"lower_bound":163912.51339285713,"upper_bound":164035.9124462494},"point_estimate":163964.81386100384,"standard_error":27.423624360189784},"median_abs_dev":{"confidence_interval":{"confidence_level":0.95,"lower_bound":239.8843301392942,"upper_bound":441.64284193704816},"point_estimate":341.308633940556,"standard_error":52.49984097746451},"slope":{"confidence_interval":{"confidence_level":0.95,"lower_bound":164135.91895929995,"upper_bound":165206.5658429031},"point_estimate":164619.79866790518,"standard_error":275.1091487769973},"std_dev":{"confidence_interval":{"confidence_level":0.95,"lower_bound":1293.11053525076,"upper_bound":4009.959960133955},"point_estimate":2812.0641329306027,"standard_error":704.2133045375615}}