{"mean":{"confidence_interval":{"confidence_level":0.95,"lower_bound":-0.0011478360687396214,"upper_bound":0.0019345846447687217},"point_estimate":0.00037835352025239466,"standard_error":0.0007842155041167907},"median":{"confidence_interval":{"confidence_level":0.95,"lower_bound":-0.0018384023408883898,"upper_bound":0.0007520938516460962},"point_estimate":-0.001190146261684344,"standard_error":0.0008451449869032666}}