{"mean":{"confidence_interval":{"confidence_level":0.95,"lower_bound":56840.52152957514,"upper_bound":57147.30606851744},"point_estimate":56994.69255227034,"standard_error":78.2131487044536},"median":{"confidence_interval":{"confidence_level":0.95,"lower_bound":56799.278846153844,"upper_bound":57186.0462962963},"point_estimate":56992.73794934641,"standard_error":93.1928917571789},"median_abs_dev":{"confidence_interval":{"confidence_level":0.95,"lower_bound":515.0667332591984,"upper_bound":811.9116705393899},"point_estimate":649.0805290562236,"standard_error":76.86377900654833},"slope":{"confidence_interval":{"confidence_level":0.95,"lower_bound":56694.419837521884,"upper_bound":57120.69147947041},"point_estimate":56904.75790273057,"standard_error":108.43730796034697},"std_dev":{"confidence_interval":{"confidence_level":0.95,"lower_bound":639.3143391654681,"upper_bound":925.1426731062002},"point_estimate":787.5982539125647,"standard_error":72.97038345506854}}