{"mean":{"confidence_interval":{"confidence_level":0.95,"lower_bound":63654.528393516295,"upper_bound":64119.96120845948},"point_estimate":63870.6693383081,"standard_error":119.10657248232295},"median":{"confidence_interval":{"confidence_level":0.95,"lower_bound":63407.90375,"upper_bound":63615.96808510638},"point_estimate":63521.02561936937,"standard_error":53.621928688787634},"median_abs_dev":{"confidence_interval":{"confidence_level":0.95,"lower_bound":315.66751966075446,"upper_bound":602.8337924400063},"point_estimate":435.0031614925276,"standard_error":70.60689753401356},"slope":{"confidence_interval":{"confidence_level":0.95,"lower_bound":63485.57611156551,"upper_bound":63925.534218715315},"point_estimate":63679.29424024679,"standard_error":113.60367061969897},"std_dev":{"confidence_interval":{"confidence_level":0.95,"lower_bound":741.0463723169452,"upper_bound":1580.6779638827468},"point_estimate":1199.0147204792129,"standard_error":213.00677198389198}}