{"mean":{"confidence_interval":{"confidence_level":0.95,"lower_bound":0.00009744045326879937,"upper_bound":0.002620679882802729},"point_estimate":0.0013523173878389194,"standard_error":0.0006503813423078353},"median":{"confidence_interval":{"confidence_level":0.95,"lower_bound":0.0008317530756787317,"upper_bound":0.0012874904478861193},"point_estimate":0.0010969321191112158,"standard_error":0.00011885903560540221}}