{"mean":{"confidence_interval":{"confidence_level":0.95,"lower_bound":855271.8392787916,"upper_bound":859262.6585625974},"point_estimate":857277.1288943014,"standard_error":1019.7472466244581},"median":{"confidence_interval":{"confidence_level":0.95,"lower_bound":856522.6875,"upper_bound":861538.1293103448},"point_estimate":859419.6622036875,"standard_error":1334.3527127298414},"median_abs_dev":{"confidence_interval":{"confidence_level":0.95,"lower_bound":7435.642994046847,"upper_bound":15914.353873713753},"point_estimate":13239.284723426848,"standard_error":2075.9594328942485},"slope":{"confidence_interval":{"confidence_level":0.95,"lower_bound":862642.3047872492,"upper_bound":866162.0925459602},"point_estimate":864488.118142456,"standard_error":898.5978643093457},"std_dev":{"confidence_interval":{"confidence_level":0.95,"lower_bound":9202.119646373443,"upper_bound":11171.219006182328},"point_estimate":10260.291133590932,"standard_error":502.4239682918911}}