{"mean":{"confidence_interval":{"confidence_level":0.95,"lower_bound":977908.9521818178,"upper_bound":980159.5840681805},"point_estimate":979013.7338181812,"standard_error":572.7151188629165},"median":{"confidence_interval":{"confidence_level":0.95,"lower_bound":976225.4090909091,"upper_bound":978923.8636363636},"point_estimate":977480.5,"standard_error":771.6625439066854},"median_abs_dev":{"confidence_interval":{"confidence_level":0.95,"lower_bound":11879.938807270697,"upper_bound":14400.973704558954},"point_estimate":13098.7033765425,"standard_error":645.4855649870644},"slope":null,"std_dev":{"confidence_interval":{"confidence_level":0.95,"lower_bound":11243.760178282577,"upper_bound":14402.969533557865},"point_estimate":12803.228775162024,"standard_error":808.0518530926355}}