{"mean":{"confidence_interval":{"confidence_level":0.95,"lower_bound":784369.3854169794,"upper_bound":786350.0939443847},"point_estimate":785318.7543404411,"standard_error":507.98163869079235},"median":{"confidence_interval":{"confidence_level":0.95,"lower_bound":784247.30859375,"upper_bound":785293.9938271604},"point_estimate":784674.1269230769,"standard_error":290.93675947068033},"median_abs_dev":{"confidence_interval":{"confidence_level":0.95,"lower_bound":1362.4479886021295,"upper_bound":2443.9496524796905},"point_estimate":2056.4769657919155,"standard_error":282.17820846440776},"slope":{"confidence_interval":{"confidence_level":0.95,"lower_bound":786759.5343928552,"upper_bound":790593.8000037278},"point_estimate":788679.0515294813,"standard_error":976.6052842493176},"std_dev":{"confidence_interval":{"confidence_level":0.95,"lower_bound":3641.044648976549,"upper_bound":6291.464673322515},"point_estimate":5091.14988233392,"standard_error":677.4340779317237}}