{"mean":{"confidence_interval":{"confidence_level":0.95,"lower_bound":47461.3987324077,"upper_bound":47717.216506760014},"point_estimate":47574.42123835697,"standard_error":65.62412559172205},"median":{"confidence_interval":{"confidence_level":0.95,"lower_bound":47374.12994350283,"upper_bound":47453.0427910053},"point_estimate":47420.6808589633,"standard_error":20.607665327347824},"median_abs_dev":{"confidence_interval":{"confidence_level":0.95,"lower_bound":136.34716541351915,"upper_bound":259.915174364706},"point_estimate":196.03669035580393,"standard_error":31.051542039716825},"slope":{"confidence_interval":{"confidence_level":0.95,"lower_bound":47396.7233694239,"upper_bound":47529.064035278},"point_estimate":47454.713111950856,"standard_error":33.85459649452528},"std_dev":{"confidence_interval":{"confidence_level":0.95,"lower_bound":334.9095685457957,"upper_bound":984.2840012916172},"point_estimate":660.8891856718657,"standard_error":183.18443722353172}}