{"mean":{"confidence_interval":{"confidence_level":0.95,"lower_bound":1031.0325194073125,"upper_bound":1181.08598684191},"point_estimate":1100.0656374492814,"standard_error":38.43353044997846},"median":{"confidence_interval":{"confidence_level":0.95,"lower_bound":993.9287148594377,"upper_bound":994.631658710313},"point_estimate":994.2627751801368,"standard_error":0.2133653775070186},"median_abs_dev":{"confidence_interval":{"confidence_level":0.95,"lower_bound":0.8075300157839246,"upper_bound":1.7535931724510996},"point_estimate":1.2681638848365753,"standard_error":0.24865429515116322},"slope":{"confidence_interval":{"confidence_level":0.95,"lower_bound":1097.5972978151772,"upper_bound":1458.8278226318423},"point_estimate":1272.974588443919,"standard_error":92.1151340099305},"std_dev":{"confidence_interval":{"confidence_level":0.95,"lower_bound":223.0619431834893,"upper_bound":508.1306578280229},"point_estimate":385.7700904158907,"standard_error":73.52999674223453}}