{"mean":{"confidence_interval":{"confidence_level":0.95,"lower_bound":0.0009067015385056009,"upper_bound":0.006359515808298614},"point_estimate":0.003640660122447903,"standard_error":0.001372007281651098},"median":{"confidence_interval":{"confidence_level":0.95,"lower_bound":0.0019877196914350748,"upper_bound":0.007927447756424844},"point_estimate":0.004367337930398785,"standard_error":0.0015775848539445413}}