{"mean":{"confidence_interval":{"confidence_level":0.95,"lower_bound":36123.00732725695,"upper_bound":36397.74431069409},"point_estimate":36254.610163655976,"standard_error":70.65954626773059},"median":{"confidence_interval":{"confidence_level":0.95,"lower_bound":36036.992062133075,"upper_bound":36058.892857142855},"point_estimate":36047.28600175866,"standard_error":4.887606112317747},"median_abs_dev":{"confidence_interval":{"confidence_level":0.95,"lower_bound":36.78407568435639,"upper_bound":341.86664961696766},"point_estimate":183.42831921623886,"standard_error":88.22913837329973},"slope":{"confidence_interval":{"confidence_level":0.95,"lower_bound":36517.06416247173,"upper_bound":36990.22963322425},"point_estimate":36766.52409772214,"standard_error":121.18519963375444},"std_dev":{"confidence_interval":{"confidence_level":0.95,"lower_bound":572.6893600298571,"upper_bound":813.0584336470257},"point_estimate":708.1277356533509,"standard_error":61.55071850290929}}