{"mean":{"confidence_interval":{"confidence_level":0.95,"lower_bound":33319.284933705334,"upper_bound":33401.744878660924},"point_estimate":33358.39458550036,"standard_error":21.139394407631094},"median":{"confidence_interval":{"confidence_level":0.95,"lower_bound":33302.00853658537,"upper_bound":33328.78888888889},"point_estimate":33312.95175824176,"standard_error":7.531715363841564},"median_abs_dev":{"confidence_interval":{"confidence_level":0.95,"lower_bound":56.85605546395876,"upper_bound":106.23008459073625},"point_estimate":74.15383927117905,"standard_error":12.71829314771354},"slope":{"confidence_interval":{"confidence_level":0.95,"lower_bound":33321.32209302221,"upper_bound":33421.14225477835},"point_estimate":33366.13176690803,"standard_error":25.653125225224045},"std_dev":{"confidence_interval":{"confidence_level":0.95,"lower_bound":149.23955468791996,"upper_bound":265.97996886422806},"point_estimate":212.58980563293585,"standard_error":29.717086970194256}}