{"mean":{"confidence_interval":{"confidence_level":0.95,"lower_bound":856549.1879999536,"upper_bound":876573.9896878807},"point_estimate":866477.3164559418,"standard_error":5117.9603951491845},"median":{"confidence_interval":{"confidence_level":0.95,"lower_bound":841367.7924528302,"upper_bound":843073.8125},"point_estimate":842355.7986772486,"standard_error":1909.934133084483},"median_abs_dev":{"confidence_interval":{"confidence_level":0.95,"lower_bound":5948.2691466192855,"upper_bound":55450.69406099941},"point_estimate":39188.34529315667,"standard_error":14561.52865834857},"slope":{"confidence_interval":{"confidence_level":0.95,"lower_bound":896762.6932857137,"upper_bound":915416.469006557},"point_estimate":907128.2112043742,"standard_error":4771.410509830028},"std_dev":{"confidence_interval":{"confidence_level":0.95,"lower_bound":46690.67357857129,"upper_bound":54355.58960990128},"point_estimate":51215.49695268417,"standard_error":1945.9732939135702}}