{"mean":{"confidence_interval":{"confidence_level":0.95,"lower_bound":823798.7359043908,"upper_bound":827058.6405320693},"point_estimate":825408.9490487239,"standard_error":834.6412700791501},"median":{"confidence_interval":{"confidence_level":0.95,"lower_bound":821552.8653958945,"upper_bound":823910.3958333334},"point_estimate":822392.5080737083,"standard_error":673.4893511173257},"median_abs_dev":{"confidence_interval":{"confidence_level":0.95,"lower_bound":4444.0611906672775,"upper_bound":9901.065201544305},"point_estimate":6674.075717325614,"standard_error":1402.7157613907516},"slope":{"confidence_interval":{"confidence_level":0.95,"lower_bound":830424.0338972305,"upper_bound":833857.068844648},"point_estimate":832295.3979754692,"standard_error":878.1587215143537},"std_dev":{"confidence_interval":{"confidence_level":0.95,"lower_bound":7460.720456686666,"upper_bound":9129.272088924128},"point_estimate":8384.767444169844,"standard_error":424.2142693900126}}