{"mean":{"confidence_interval":{"confidence_level":0.95,"lower_bound":1126926.1702409077,"upper_bound":1273616.7494681817},"point_estimate":1199172.6138181805,"standard_error":37602.51323089811},"median":{"confidence_interval":{"confidence_level":0.95,"lower_bound":804127.2727272727,"upper_bound":805297.2272727273},"point_estimate":804585.0909090908,"standard_error":308.25659148382704},"median_abs_dev":{"confidence_interval":{"confidence_level":0.95,"lower_bound":13872.062903039714,"upper_bound":22023.213918100766},"point_estimate":16964.717589724998,"standard_error":2225.2406420864986},"slope":null,"std_dev":{"confidence_interval":{"confidence_level":0.95,"lower_bound":771608.144213306,"upper_bound":901223.2562063858},"point_estimate":841082.5048057712,"standard_error":33174.80215658207}}