{"mean":{"confidence_interval":{"confidence_level":0.95,"lower_bound":167473.92676666653,"upper_bound":167577.6765333337},"point_estimate":167525.98593333294,"standard_error":26.554601208321877},"median":{"confidence_interval":{"confidence_level":0.95,"lower_bound":167573.4166666667,"upper_bound":167594.66666666666},"point_estimate":167583.75,"standard_error":5.300846976594861},"median_abs_dev":{"confidence_interval":{"confidence_level":0.95,"lower_bound":324.44229424001225,"upper_bound":363.73119354249485},"point_estimate":341.98639392853505,"standard_error":10.16463254171986},"slope":null,"std_dev":{"confidence_interval":{"confidence_level":0.95,"lower_bound":1815.7134060036155,"upper_bound":1913.0887474508634},"point_estimate":1864.8642603654805,"standard_error":24.91071973104092}}