{"mean":{"confidence_interval":{"confidence_level":0.95,"lower_bound":222140.48671111092,"upper_bound":222518.23124444456},"point_estimate":222324.02568888877,"standard_error":95.64639096059061},"median":{"confidence_interval":{"confidence_level":0.95,"lower_bound":221189.26666666666,"upper_bound":221213.05555555556},"point_estimate":221201.27777777775,"standard_error":5.761390583736407},"median_abs_dev":{"confidence_interval":{"confidence_level":0.95,"lower_bound":109.87713138260034,"upper_bound":154.05861059824818},"point_estimate":128.96972437696422,"standard_error":11.230897547348954},"slope":null,"std_dev":{"confidence_interval":{"confidence_level":0.95,"lower_bound":1901.3617554754956,"upper_bound":2389.083484493685},"point_estimate":2140.145690812497,"standard_error":124.88271402434337}}