{"mean":{"confidence_interval":{"confidence_level":0.95,"lower_bound":15236510.1575,"upper_bound":15275865.62025},"point_estimate":15254747.965,"standard_error":10081.027046663443},"median":{"confidence_interval":{"confidence_level":0.95,"lower_bound":15215602.0,"upper_bound":15235991.625},"point_estimate":15223184.875,"standard_error":5038.110182099932},"median_abs_dev":{"confidence_interval":{"confidence_level":0.95,"lower_bound":23934.33414258063,"upper_bound":41536.150212585926},"point_estimate":31885.90698391199,"standard_error":4592.32974724032},"slope":null,"std_dev":{"confidence_interval":{"confidence_level":0.95,"lower_bound":65251.68638100335,"upper_bound":129450.5550410761},"point_estimate":101360.82000200353,"standard_error":16394.682607988336}}