{"mean":{"confidence_interval":{"confidence_level":0.95,"lower_bound":15099797.1,"upper_bound":15185487.5224375},"point_estimate":15134376.8725,"standard_error":22475.395502197392},"median":{"confidence_interval":{"confidence_level":0.95,"lower_bound":15073214.75,"upper_bound":15094583.0},"point_estimate":15082791.875,"standard_error":5626.335790198687},"median_abs_dev":{"confidence_interval":{"confidence_level":0.95,"lower_bound":26101.543186604977,"upper_bound":44318.2490631938},"point_estimate":36760.13972237706,"standard_error":5003.8785005969785},"slope":null,"std_dev":{"confidence_interval":{"confidence_level":0.95,"lower_bound":71609.81662914327,"upper_bound":365679.1760010838},"point_estimate":226316.227514011,"standard_error":91822.77970280012}}