{"mean":{"confidence_interval":{"confidence_level":0.95,"lower_bound":-0.001505887387963356,"upper_bound":0.0014187172194025542},"point_estimate":0.00005770688474759922,"standard_error":0.0007606664770277253},"median":{"confidence_interval":{"confidence_level":0.95,"lower_bound":0.00023601121960415433,"upper_bound":0.0005596099149425271},"point_estimate":0.0003556741373687,"standard_error":0.00007708094456211327}}