{"mean":{"confidence_interval":{"confidence_level":0.95,"lower_bound":42940.48809471043,"upper_bound":43204.45215972456},"point_estimate":43062.78188289187,"standard_error":67.58345827879329},"median":{"confidence_interval":{"confidence_level":0.95,"lower_bound":42940.02989265695,"upper_bound":43035.44960474308},"point_estimate":42995.17896460424,"standard_error":28.068163292176838},"median_abs_dev":{"confidence_interval":{"confidence_level":0.95,"lower_bound":160.11230778254156,"upper_bound":340.6241673555615},"point_estimate":230.68490120241393,"standard_error":47.0424851591835},"slope":{"confidence_interval":{"confidence_level":0.95,"lower_bound":43063.18807625653,"upper_bound":43462.283433510434},"point_estimate":43230.63109296394,"standard_error":104.42756045773575},"std_dev":{"confidence_interval":{"confidence_level":0.95,"lower_bound":416.42613405371605,"upper_bound":898.2090229760272},"point_estimate":679.5667213417696,"standard_error":122.74874707846163}}