{"mean":{"confidence_interval":{"confidence_level":0.95,"lower_bound":729973.232825,"upper_bound":730602.5931},"point_estimate":730287.1541,"standard_error":160.09838263679586},"median":{"confidence_interval":{"confidence_level":0.95,"lower_bound":726650.5,"upper_bound":726877.25},"point_estimate":726761.75,"standard_error":59.0635784801012},"median_abs_dev":{"confidence_interval":{"confidence_level":0.95,"lower_bound":5116.0818591713905,"upper_bound":6567.917883396149},"point_estimate":5844.409096240997,"standard_error":380.2731208941709},"slope":null,"std_dev":{"confidence_interval":{"confidence_level":0.95,"lower_bound":11043.157463144966,"upper_bound":11581.764764568632},"point_estimate":11313.344672117837,"standard_error":137.6723143516915}}