{"mean":{"confidence_interval":{"confidence_level":0.95,"lower_bound":0.0064193514467657435,"upper_bound":0.012853594009829111},"point_estimate":0.009658108123060893,"standard_error":0.0016401299399145964},"median":{"confidence_interval":{"confidence_level":0.95,"lower_bound":0.0033821340085198326,"upper_bound":0.015584638443996157},"point_estimate":0.00830985187345612,"standard_error":0.00336648036995284}}