{"mean":{"confidence_interval":{"confidence_level":0.95,"lower_bound":42.779583808869646,"upper_bound":42.941356992743906},"point_estimate":42.858298498783206,"standard_error":0.041329056454104424},"median":{"confidence_interval":{"confidence_level":0.95,"lower_bound":42.65901558890378,"upper_bound":42.84234465822693},"point_estimate":42.76539952786061,"standard_error":0.04975946897971905},"median_abs_dev":{"confidence_interval":{"confidence_level":0.95,"lower_bound":0.24852222253633802,"upper_bound":0.45722682758780603},"point_estimate":0.35278969823850054,"standard_error":0.054907648470701655},"slope":{"confidence_interval":{"confidence_level":0.95,"lower_bound":42.792877614875394,"upper_bound":42.982769459367034},"point_estimate":42.88484106980679,"standard_error":0.048533086178609956},"std_dev":{"confidence_interval":{"confidence_level":0.95,"lower_bound":0.3511259439503354,"upper_bound":0.4708155784680023},"point_estimate":0.41625617259884795,"standard_error":0.030760484114012044}}