{"mean":{"confidence_interval":{"confidence_level":0.95,"lower_bound":-0.017777337950981853,"upper_bound":-0.008385774147264564},"point_estimate":-0.013210737353176127,"standard_error":0.0023920173441719507},"median":{"confidence_interval":{"confidence_level":0.95,"lower_bound":-0.019300570081448032,"upper_bound":-0.00999136018890412},"point_estimate":-0.014122496094513659,"standard_error":0.0025419969247280206}}