{"mean":{"confidence_interval":{"confidence_level":0.95,"lower_bound":1283.8043370563596,"upper_bound":1286.6747912335275},"point_estimate":1285.2442719875892,"standard_error":0.731544311069803},"median":{"confidence_interval":{"confidence_level":0.95,"lower_bound":1283.6803361531388,"upper_bound":1285.1249965324973},"point_estimate":1284.232319407441,"standard_error":0.4213586655802698},"median_abs_dev":{"confidence_interval":{"confidence_level":0.95,"lower_bound":2.1399341623290824,"upper_bound":3.9298336351489787},"point_estimate":2.9940238645939083,"standard_error":0.48016556776323},"slope":{"confidence_interval":{"confidence_level":0.95,"lower_bound":1284.9328576123723,"upper_bound":1288.1754125504463},"point_estimate":1286.4536904284134,"standard_error":0.8321473183994935},"std_dev":{"confidence_interval":{"confidence_level":0.95,"lower_bound":5.583672571674174,"upper_bound":8.980083055096534},"point_estimate":7.382958715350616,"standard_error":0.8695573987298433}}