{"mean":{"confidence_interval":{"confidence_level":0.95,"lower_bound":37360.14931976082,"upper_bound":37481.759229389034},"point_estimate":37416.78270714396,"standard_error":31.16899684789277},"median":{"confidence_interval":{"confidence_level":0.95,"lower_bound":37317.22792022792,"upper_bound":37348.18703703704},"point_estimate":37329.90600880601,"standard_error":7.571355638106987},"median_abs_dev":{"confidence_interval":{"confidence_level":0.95,"lower_bound":52.12029821998094,"upper_bound":92.26825135559575},"point_estimate":72.72943726530765,"standard_error":10.29246870164581},"slope":{"confidence_interval":{"confidence_level":0.95,"lower_bound":37302.77747934329,"upper_bound":37459.65606478308},"point_estimate":37370.64063434204,"standard_error":40.556093607679294},"std_dev":{"confidence_interval":{"confidence_level":0.95,"lower_bound":203.33836994742074,"upper_bound":398.9652435475788},"point_estimate":313.45777573363284,"standard_error":50.02266378910693}}