{"mean":{"confidence_interval":{"confidence_level":0.95,"lower_bound":-0.02007872085622932,"upper_bound":-0.01040385976856205},"point_estimate":-0.014852616626928716,"standard_error":0.0024810372133479935},"median":{"confidence_interval":{"confidence_level":0.95,"lower_bound":-0.014775534255725128,"upper_bound":-0.01066707763291852},"point_estimate":-0.01283852548676545,"standard_error":0.0011265759004043456}}