{"mean":{"confidence_interval":{"confidence_level":0.95,"lower_bound":10168873.5771,"upper_bound":10203635.397500003},"point_estimate":10185115.514,"standard_error":8918.875019851239},"median":{"confidence_interval":{"confidence_level":0.95,"lower_bound":10153499.0,"upper_bound":10165451.8},"point_estimate":10160019.0,"standard_error":2972.9023750265696},"median_abs_dev":{"confidence_interval":{"confidence_level":0.95,"lower_bound":20488.02309076484,"upper_bound":43717.58850985711},"point_estimate":31155.355846881866,"standard_error":6312.290429010045},"slope":null,"std_dev":{"confidence_interval":{"confidence_level":0.95,"lower_bound":62240.006707734865,"upper_bound":111960.13541704668},"point_estimate":89547.9109331508,"standard_error":12670.819014238317}}