{"mean":{"confidence_interval":{"confidence_level":0.95,"lower_bound":-0.006831251130747845,"upper_bound":-0.003315462303218503},"point_estimate":-0.005126016898291841,"standard_error":0.0008908287071784325},"median":{"confidence_interval":{"confidence_level":0.95,"lower_bound":-0.005818069054390529,"upper_bound":-0.003543711248884862},"point_estimate":-0.004729238089963506,"standard_error":0.000595264406587335}}