{"mean":{"confidence_interval":{"confidence_level":0.95,"lower_bound":0.03484256740826931,"upper_bound":0.04233583416100359},"point_estimate":0.03869203244746222,"standard_error":0.001915195135905153},"median":{"confidence_interval":{"confidence_level":0.95,"lower_bound":0.040771610545408274,"upper_bound":0.04520221146838255},"point_estimate":0.04281554558040512,"standard_error":0.001195486666945591}}