{"mean":{"confidence_interval":{"confidence_level":0.95,"lower_bound":-0.006950126286493545,"upper_bound":0.0022955460774987967},"point_estimate":-0.002760142678403965,"standard_error":0.0023312759349315795},"median":{"confidence_interval":{"confidence_level":0.95,"lower_bound":-0.011135333485058463,"upper_bound":-0.004826566593153614},"point_estimate":-0.008711010060585167,"standard_error":0.0015791914517786659}}