{"mean":{"confidence_interval":{"confidence_level":0.95,"lower_bound":167234.68676416646,"upper_bound":167359.8531216665},"point_estimate":167297.18736666688,"standard_error":31.976967798731923},"median":{"confidence_interval":{"confidence_level":0.95,"lower_bound":167465.5,"upper_bound":167494.33333333334},"point_estimate":167479.4166666667,"standard_error":7.524190226003223},"median_abs_dev":{"confidence_interval":{"confidence_level":0.95,"lower_bound":787.1370360255529,"upper_bound":950.9643331169938},"point_estimate":863.2438346743368,"standard_error":43.02549820923337},"slope":null,"std_dev":{"confidence_interval":{"confidence_level":0.95,"lower_bound":2206.453518726217,"upper_bound":2303.828138502308},"point_estimate":2255.3111157025887,"standard_error":24.926088665493715}}