{"mean":{"confidence_interval":{"confidence_level":0.95,"lower_bound":217486.70960869562,"upper_bound":217703.0177152172},"point_estimate":217593.3762173912,"standard_error":55.27246996091063},"median":{"confidence_interval":{"confidence_level":0.95,"lower_bound":217523.0652173913,"upper_bound":217920.0},"point_estimate":217762.21739130435,"standard_error":94.77660980173466},"median_abs_dev":{"confidence_interval":{"confidence_level":0.95,"lower_bound":1031.6639686408298,"upper_bound":1462.0550862716125},"point_estimate":1200.3741765151824,"standard_error":106.96131245850886},"slope":null,"std_dev":{"confidence_interval":{"confidence_level":0.95,"lower_bound":1107.6894400696135,"upper_bound":1416.7734476866674},"point_estimate":1238.9029466558172,"standard_error":82.16335718385633}}