{"mean":{"confidence_interval":{"confidence_level":0.95,"lower_bound":187193.4908045455,"upper_bound":187471.62919727282},"point_estimate":187332.74930909084,"standard_error":70.9437779386456},"median":{"confidence_interval":{"confidence_level":0.95,"lower_bound":187307.36363636365,"upper_bound":187763.56363636366},"point_estimate":187633.58181818182,"standard_error":113.05077709126509},"median_abs_dev":{"confidence_interval":{"confidence_level":0.95,"lower_bound":1813.8397641615659,"upper_bound":2290.2675374759933},"point_estimate":1973.7853449583097,"standard_error":122.76866992267522},"slope":null,"std_dev":{"confidence_interval":{"confidence_level":0.95,"lower_bound":1521.7893388682933,"upper_bound":1656.566636103248},"point_estimate":1592.9534406773173,"standard_error":34.22499707875785}}