{"mean":{"confidence_interval":{"confidence_level":0.95,"lower_bound":154196.3720023079,"upper_bound":154248.6034946153},"point_estimate":154220.84092307684,"standard_error":13.383306834555292},"median":{"confidence_interval":{"confidence_level":0.95,"lower_bound":154094.04615384614,"upper_bound":154117.59999999998},"point_estimate":154107.03076923077,"standard_error":5.976085872805049},"median_abs_dev":{"confidence_interval":{"confidence_level":0.95,"lower_bound":75.01955866814522,"upper_bound":117.46753637608941},"point_estimate":95.63910291744017,"standard_error":10.897082588360973},"slope":null,"std_dev":{"confidence_interval":{"confidence_level":0.95,"lower_bound":215.24759868267304,"upper_bound":404.50660849593686},"point_estimate":299.84239160118204,"standard_error":52.976346703512036}}