{"mean":{"confidence_interval":{"confidence_level":0.95,"lower_bound":0.03914413526373482,"upper_bound":0.04428102647706856},"point_estimate":0.0415176833696711,"standard_error":0.001254572023672425},"median":{"confidence_interval":{"confidence_level":0.95,"lower_bound":0.03490754193760859,"upper_bound":0.040936676717836296},"point_estimate":0.03683877172677885,"standard_error":0.0012929407397516575}}