{"mean":{"confidence_interval":{"confidence_level":0.95,"lower_bound":45853.316745684475,"upper_bound":46320.798177951096},"point_estimate":46062.619795507686,"standard_error":119.50544665046912},"median":{"confidence_interval":{"confidence_level":0.95,"lower_bound":45768.5020979021,"upper_bound":45815.55412679426},"point_estimate":45795.86577995868,"standard_error":13.578932287202777},"median_abs_dev":{"confidence_interval":{"confidence_level":0.95,"lower_bound":121.5403833145971,"upper_bound":427.28897524474627},"point_estimate":220.52940796360366,"standard_error":83.60939456235393},"slope":{"confidence_interval":{"confidence_level":0.95,"lower_bound":45593.19816179461,"upper_bound":45967.304214003256},"point_estimate":45748.16054918925,"standard_error":96.52873770312694},"std_dev":{"confidence_interval":{"confidence_level":0.95,"lower_bound":639.4392224046055,"upper_bound":1755.4035142632051},"point_estimate":1200.1352036579895,"standard_error":310.7423237447872}}