{"mean":{"confidence_interval":{"confidence_level":0.95,"lower_bound":-0.018668281287458247,"upper_bound":-0.014399077682891372},"point_estimate":-0.0165810906738717,"standard_error":0.0010956652776662253},"median":{"confidence_interval":{"confidence_level":0.95,"lower_bound":-0.01893642690431252,"upper_bound":-0.017067799501820025},"point_estimate":-0.018101376065117303,"standard_error":0.0004274213362305334}}