{"mean":{"confidence_interval":{"confidence_level":0.95,"lower_bound":36539.525597881846,"upper_bound":36565.12500965669},"point_estimate":36550.998500879614,"standard_error":6.53372115122311},"median":{"confidence_interval":{"confidence_level":0.95,"lower_bound":36532.04452690167,"upper_bound":36547.82087912088},"point_estimate":36537.0200845666,"standard_error":4.073545432396713},"median_abs_dev":{"confidence_interval":{"confidence_level":0.95,"lower_bound":21.70153221660935,"upper_bound":40.363825321751406},"point_estimate":31.751980930898476,"standard_error":5.152394336604195},"slope":{"confidence_interval":{"confidence_level":0.95,"lower_bound":36531.910955017185,"upper_bound":36572.03348426532},"point_estimate":36549.524776752725,"standard_error":10.367797105809503},"std_dev":{"confidence_interval":{"confidence_level":0.95,"lower_bound":31.43932217779627,"upper_bound":94.32023835320237},"point_estimate":65.7494030800102,"standard_error":16.085325055187866}}