{"mean":{"confidence_interval":{"confidence_level":0.95,"lower_bound":252983.2895500002,"upper_bound":253515.18738374987},"point_estimate":253246.55634999994,"standard_error":136.21175591776563},"median":{"confidence_interval":{"confidence_level":0.95,"lower_bound":251797.05,"upper_bound":252760.675},"point_estimate":252386.2,"standard_error":270.1238996415132},"median_abs_dev":{"confidence_interval":{"confidence_level":0.95,"lower_bound":1743.0904724914967,"upper_bound":3039.442067664091},"point_estimate":2536.8953474611085,"standard_error":366.68724257960974},"slope":null,"std_dev":{"confidence_interval":{"confidence_level":0.95,"lower_bound":2715.5479546051847,"upper_bound":3360.9626458892576},"point_estimate":3047.9088931368406,"standard_error":164.7049165754225}}