{"mean":{"confidence_interval":{"confidence_level":0.95,"lower_bound":2125294.06875,"upper_bound":2132900.91240625},"point_estimate":2128837.3554166667,"standard_error":1940.0024805387557},"median":{"confidence_interval":{"confidence_level":0.95,"lower_bound":2121908.0416666665,"upper_bound":2124337.5625},"point_estimate":2123131.7916666665,"standard_error":634.2419766323605},"median_abs_dev":{"confidence_interval":{"confidence_level":0.95,"lower_bound":3392.68911726775,"upper_bound":7283.673908189169},"point_estimate":4913.737850263599,"standard_error":1035.3909350087058},"slope":null,"std_dev":{"confidence_interval":{"confidence_level":0.95,"lower_bound":13125.45873702747,"upper_bound":24591.92811874699},"point_estimate":19451.407277142902,"standard_error":2941.618382726952}}