{"mean":{"confidence_interval":{"confidence_level":0.95,"lower_bound":1997795.7016600007,"upper_bound":2005797.0136600006},"point_estimate":2001578.4148000004,"standard_error":2047.488890812517},"median":{"confidence_interval":{"confidence_level":0.95,"lower_bound":1991630.4,"upper_bound":1992630.28},"point_estimate":1991960.8399999999,"standard_error":301.1319153512276},"median_abs_dev":{"confidence_interval":{"confidence_level":0.95,"lower_bound":1023.3498058318954,"upper_bound":2974.9272857843903},"point_estimate":1574.4915200469875,"standard_error":550.6117230380517},"slope":null,"std_dev":{"confidence_interval":{"confidence_level":0.95,"lower_bound":14343.842080112767,"upper_bound":25527.634364815025},"point_estimate":20539.713924577623,"standard_error":2849.1105400082934}}