{"mean":{"confidence_interval":{"confidence_level":0.95,"lower_bound":742899.1505975,"upper_bound":743544.8258755},"point_estimate":743220.95292,"standard_error":164.9361875780058},"median":{"confidence_interval":{"confidence_level":0.95,"lower_bound":762960.0,"upper_bound":763181.0},"point_estimate":763068.0,"standard_error":57.550386160237565},"median_abs_dev":{"confidence_interval":{"confidence_level":0.95,"lower_bound":32316.2316262722,"upper_bound":33530.481004714966},"point_estimate":32973.764714598656,"standard_error":304.7596948666946},"slope":null,"std_dev":{"confidence_interval":{"confidence_level":0.95,"lower_bound":36579.38143897468,"upper_bound":36920.84473962908},"point_estimate":36752.265473547945,"standard_error":87.29120039274113}}