{"mean":{"confidence_interval":{"confidence_level":0.95,"lower_bound":889174.1928764626,"upper_bound":920638.9389071086},"point_estimate":904728.9046461778,"standard_error":8030.009306085073},"median":{"confidence_interval":{"confidence_level":0.95,"lower_bound":858005.6507575758,"upper_bound":869703.0657142857},"point_estimate":860209.8033536585,"standard_error":11414.579658244811},"median_abs_dev":{"confidence_interval":{"confidence_level":0.95,"lower_bound":17471.08163982618,"upper_bound":92106.65230685506},"point_estimate":76788.295300233,"standard_error":16830.13732245825},"slope":{"confidence_interval":{"confidence_level":0.95,"lower_bound":954482.8655789932,"upper_bound":979046.6568889266},"point_estimate":968292.2329230087,"standard_error":6268.2734865766515},"std_dev":{"confidence_interval":{"confidence_level":0.95,"lower_bound":74796.49861105304,"upper_bound":84625.30798626559},"point_estimate":80567.17390972018,"standard_error":2488.2489849717695}}