{"mean":{"confidence_interval":{"confidence_level":0.95,"lower_bound":1013704.3596458324,"upper_bound":1156482.1654708341},"point_estimate":1082500.7104999998,"standard_error":36270.91766364244},"median":{"confidence_interval":{"confidence_level":0.95,"lower_bound":853329.25,"upper_bound":854059.0},"point_estimate":853485.25,"standard_error":745.2832833269742},"median_abs_dev":{"confidence_interval":{"confidence_level":0.95,"lower_bound":66354.98187821347,"upper_bound":72133.86314436793},"point_estimate":70741.6399940849,"standard_error":1712.0115190042718},"slope":null,"std_dev":{"confidence_interval":{"confidence_level":0.95,"lower_bound":705816.2211974333,"upper_bound":918126.9100655232},"point_estimate":818035.4963408629,"standard_error":53996.07154458025}}