{"mean":{"confidence_interval":{"confidence_level":0.95,"lower_bound":0.017808251564174447,"upper_bound":0.027806028074177785},"point_estimate":0.0230695436408066,"standard_error":0.0025502039881969874},"median":{"confidence_interval":{"confidence_level":0.95,"lower_bound":0.0277680093588768,"upper_bound":0.03071436931137561},"point_estimate":0.029192031786085426,"standard_error":0.0007857351410733456}}