{"mean":{"confidence_interval":{"confidence_level":0.95,"lower_bound":45718.816668913925,"upper_bound":46163.32477433002},"point_estimate":45913.45781760735,"standard_error":114.63790741253221},"median":{"confidence_interval":{"confidence_level":0.95,"lower_bound":45738.33021390374,"upper_bound":45776.72062907557},"point_estimate":45759.25354579631,"standard_error":11.096244446004945},"median_abs_dev":{"confidence_interval":{"confidence_level":0.95,"lower_bound":113.28203963520866,"upper_bound":240.84346374036926},"point_estimate":167.3388228762461,"standard_error":32.62253495024742},"slope":{"confidence_interval":{"confidence_level":0.95,"lower_bound":45730.113491886084,"upper_bound":46374.848070420485},"point_estimate":46002.24623439956,"standard_error":166.9865381247402},"std_dev":{"confidence_interval":{"confidence_level":0.95,"lower_bound":479.5190825901376,"upper_bound":1747.5159198622289},"point_estimate":1154.427269397862,"standard_error":341.8175376149966}}