{"mean":{"confidence_interval":{"confidence_level":0.95,"lower_bound":-0.0068934718802033884,"upper_bound":-0.0016901131758201076},"point_estimate":-0.004330357978889032,"standard_error":0.0013235538404758778},"median":{"confidence_interval":{"confidence_level":0.95,"lower_bound":-0.008195156781891866,"upper_bound":-0.005068188644363647},"point_estimate":-0.006636934597331057,"standard_error":0.0008017974873876135}}