{"mean":{"confidence_interval":{"confidence_level":0.95,"lower_bound":325092.4626775,"upper_bound":325854.6001625},"point_estimate":325470.3973,"standard_error":194.78879109671846},"median":{"confidence_interval":{"confidence_level":0.95,"lower_bound":317158.375,"upper_bound":317334.63125},"point_estimate":317231.75,"standard_error":45.254762694074444},"median_abs_dev":{"confidence_interval":{"confidence_level":0.95,"lower_bound":10929.171030968428,"upper_bound":11174.356001615524},"point_estimate":11032.3970541358,"standard_error":61.485362735194926},"slope":null,"std_dev":{"confidence_interval":{"confidence_level":0.95,"lower_bound":13629.042644333676,"upper_bound":13974.77948422026},"point_estimate":13804.082824878476,"standard_error":88.02945308459853}}