{"mean":{"confidence_interval":{"confidence_level":0.95,"lower_bound":3645524.6919642864,"upper_bound":3658171.4800000004},"point_estimate":3651526.8050000006,"standard_error":3230.00025587643},"median":{"confidence_interval":{"confidence_level":0.95,"lower_bound":3636488.285714286,"upper_bound":3637189.0714285714},"point_estimate":3636752.285714286,"standard_error":168.1455823438108},"median_abs_dev":{"confidence_interval":{"confidence_level":0.95,"lower_bound":1273.0238773991111,"upper_bound":2809.685800118303},"point_estimate":1943.6356154936193,"standard_error":403.58710388599246},"slope":null,"std_dev":{"confidence_interval":{"confidence_level":0.95,"lower_bound":23143.0617548061,"upper_bound":39800.04772484652},"point_estimate":32422.48665961852,"standard_error":4245.993182295474}}