{"mean":{"confidence_interval":{"confidence_level":0.95,"lower_bound":0.0005493651171467164,"upper_bound":0.0022485518085269707},"point_estimate":0.00144631735073264,"standard_error":0.00043340058207861503},"median":{"confidence_interval":{"confidence_level":0.95,"lower_bound":0.00152559172909994,"upper_bound":0.001979753757306968},"point_estimate":0.0017864857939868806,"standard_error":0.00010163705383846956}}