{"mean":{"confidence_interval":{"confidence_level":0.95,"lower_bound":33462.91504744806,"upper_bound":33608.23107166498},"point_estimate":33533.79806836158,"standard_error":37.08238674837725},"median":{"confidence_interval":{"confidence_level":0.95,"lower_bound":33368.23892580288,"upper_bound":33618.674863387976},"point_estimate":33567.17577836623,"standard_error":56.75442593049248},"median_abs_dev":{"confidence_interval":{"confidence_level":0.95,"lower_bound":161.6393398963498,"upper_bound":599.1557558922748},"point_estimate":537.8540069569552,"standard_error":124.45891754882133},"slope":{"confidence_interval":{"confidence_level":0.95,"lower_bound":33715.47301467116,"upper_bound":33905.821319203875},"point_estimate":33812.32537776464,"standard_error":48.520154529904886},"std_dev":{"confidence_interval":{"confidence_level":0.95,"lower_bound":309.4315313514756,"upper_bound":429.3557767016101},"point_estimate":372.0844685802298,"standard_error":30.684821749032174}}