{"mean":{"confidence_interval":{"confidence_level":0.95,"lower_bound":-0.004323328147093956,"upper_bound":0.004549715028134147},"point_estimate":-0.00044014347982135327,"standard_error":0.0022565706264986267},"median":{"confidence_interval":{"confidence_level":0.95,"lower_bound":-0.01393627914714557,"upper_bound":0.003921970838317266},"point_estimate":-0.012523852790076395,"standard_error":0.005188525245170958}}