{"mean":{"confidence_interval":{"confidence_level":0.95,"lower_bound":-0.0007481066518705115,"upper_bound":0.007779930783266907},"point_estimate":0.0033591129031156353,"standard_error":0.0021745420987205307},"median":{"confidence_interval":{"confidence_level":0.95,"lower_bound":-0.0038284694331409685,"upper_bound":0.004936855111514072},"point_estimate":0.0003133272436879331,"standard_error":0.0023722682071629425}}