{"mean":{"confidence_interval":{"confidence_level":0.95,"lower_bound":34116.848280938895,"upper_bound":34223.30093608638},"point_estimate":34168.445541977824,"standard_error":27.141730543479916},"median":{"confidence_interval":{"confidence_level":0.95,"lower_bound":34063.760344827584,"upper_bound":34132.937084089535},"point_estimate":34094.89669076752,"standard_error":17.246360439351793},"median_abs_dev":{"confidence_interval":{"confidence_level":0.95,"lower_bound":85.3552535632751,"upper_bound":164.71726307483},"point_estimate":116.47259964053809,"standard_error":20.407440826035728},"slope":{"confidence_interval":{"confidence_level":0.95,"lower_bound":34156.50873687254,"upper_bound":34336.45488249987},"point_estimate":34243.232091233825,"standard_error":46.08714909349279},"std_dev":{"confidence_interval":{"confidence_level":0.95,"lower_bound":208.3327591842484,"upper_bound":329.7771783068608},"point_estimate":272.00148386970153,"standard_error":31.034526654627935}}