{"mean":{"confidence_interval":{"confidence_level":0.95,"lower_bound":724030.4560908834,"upper_bound":724808.4954754713},"point_estimate":724426.7418884315,"standard_error":197.73112751688248},"median":{"confidence_interval":{"confidence_level":0.95,"lower_bound":723995.3526785714,"upper_bound":724926.0714285715},"point_estimate":724416.7557409676,"standard_error":243.45279695708555},"median_abs_dev":{"confidence_interval":{"confidence_level":0.95,"lower_bound":1194.2314774124995,"upper_bound":1966.3685216757035},"point_estimate":1557.4741679987535,"standard_error":201.11589457611223},"slope":{"confidence_interval":{"confidence_level":0.95,"lower_bound":724739.2032088966,"upper_bound":725501.61407236},"point_estimate":725122.9028653761,"standard_error":194.36380021476765},"std_dev":{"confidence_interval":{"confidence_level":0.95,"lower_bound":1527.7326770134546,"upper_bound":2450.2469846547574},"point_estimate":1990.2139259191165,"standard_error":236.24650927793957}}