{"mean":{"confidence_interval":{"confidence_level":0.95,"lower_bound":955898.374211149,"upper_bound":957373.705285424},"point_estimate":956593.0163993059,"standard_error":376.98558586582647},"median":{"confidence_interval":{"confidence_level":0.95,"lower_bound":955473.7674418605,"upper_bound":955804.4082390168},"point_estimate":955610.9638772551,"standard_error":78.73708303721143},"median_abs_dev":{"confidence_interval":{"confidence_level":0.95,"lower_bound":679.992793154989,"upper_bound":1372.2338146237428},"point_estimate":948.7147759624522,"standard_error":167.9645086768752},"slope":{"confidence_interval":{"confidence_level":0.95,"lower_bound":956122.6519827797,"upper_bound":957926.8616019266},"point_estimate":956938.6893231861,"standard_error":460.13339495778973},"std_dev":{"confidence_interval":{"confidence_level":0.95,"lower_bound":2607.905277066553,"upper_bound":4787.681702530597},"point_estimate":3776.9129852450374,"standard_error":556.5106988662295}}