{"mean":{"confidence_interval":{"confidence_level":0.95,"lower_bound":-0.011535275360275623,"upper_bound":0.002655477731242637},"point_estimate":-0.0027191113591970018,"standard_error":0.003976116274946476},"median":{"confidence_interval":{"confidence_level":0.95,"lower_bound":-0.000026113709364894433,"upper_bound":0.00040683269352455027},"point_estimate":0.00018835112785975383,"standard_error":0.00010972951202844583}}