{"mean":{"confidence_interval":{"confidence_level":0.95,"lower_bound":0.02473148538808667,"upper_bound":0.029140313995080103},"point_estimate":0.026962584033746628,"standard_error":0.001122618288720727},"median":{"confidence_interval":{"confidence_level":0.95,"lower_bound":0.03226159383660078,"upper_bound":0.03489334799818211},"point_estimate":0.03355955984696757,"standard_error":0.0006972352733417208}}