{"mean":{"confidence_interval":{"confidence_level":0.95,"lower_bound":40.60944453084207,"upper_bound":40.76480024853029},"point_estimate":40.68680728517584,"standard_error":0.039634855964376436},"median":{"confidence_interval":{"confidence_level":0.95,"lower_bound":40.552228026414355,"upper_bound":40.69050430380546},"point_estimate":40.61189753836575,"standard_error":0.03558702954874622},"median_abs_dev":{"confidence_interval":{"confidence_level":0.95,"lower_bound":0.22082144069775556,"upper_bound":0.42683647492909566},"point_estimate":0.29096902031681277,"standard_error":0.05121704053830592},"slope":{"confidence_interval":{"confidence_level":0.95,"lower_bound":40.63145834723365,"upper_bound":40.795087873107285},"point_estimate":40.710527634666896,"standard_error":0.04201397446966342},"std_dev":{"confidence_interval":{"confidence_level":0.95,"lower_bound":0.3244909402151809,"upper_bound":0.4680220422504057},"point_estimate":0.3981772024049325,"standard_error":0.03669580735248099}}