{"mean":{"confidence_interval":{"confidence_level":0.95,"lower_bound":57339.862835524946,"upper_bound":58080.36914159797},"point_estimate":57671.472334110105,"standard_error":188.92747958255913},"median":{"confidence_interval":{"confidence_level":0.95,"lower_bound":57317.84188034188,"upper_bound":57641.339869281044},"point_estimate":57508.84971910113,"standard_error":83.14034855418902},"median_abs_dev":{"confidence_interval":{"confidence_level":0.95,"lower_bound":399.9598036925791,"upper_bound":776.7972088174552},"point_estimate":570.33633443972,"standard_error":98.65759448020238},"slope":{"confidence_interval":{"confidence_level":0.95,"lower_bound":57194.11303302695,"upper_bound":57829.130348106766},"point_estimate":57473.16219250283,"standard_error":161.92721264731952},"std_dev":{"confidence_interval":{"confidence_level":0.95,"lower_bound":994.7382973858624,"upper_bound":2783.6650213418548},"point_estimate":1899.6902484193083,"standard_error":491.919770860889}}