{"mean":{"confidence_interval":{"confidence_level":0.95,"lower_bound":-0.060216448788062926,"upper_bound":-0.037452164447811485},"point_estimate":-0.04866891830896547,"standard_error":0.00581458725581407},"median":{"confidence_interval":{"confidence_level":0.95,"lower_bound":-0.04420468792304744,"upper_bound":-0.031960887551711004},"point_estimate":-0.03943105928420476,"standard_error":0.0033582384761800775}}