{"mean":{"confidence_interval":{"confidence_level":0.95,"lower_bound":204940.2947571428,"upper_bound":205359.31089081624},"point_estimate":205144.3601632653,"standard_error":106.5879034088983},"median":{"confidence_interval":{"confidence_level":0.95,"lower_bound":203649.2857142857,"upper_bound":203740.48979591837},"point_estimate":203671.193877551,"standard_error":55.68868717970843},"median_abs_dev":{"confidence_interval":{"confidence_level":0.95,"lower_bound":163.9328188753134,"upper_bound":387.0391527715411},"point_estimate":213.97851048682006,"standard_error":89.64252324899236},"slope":null,"std_dev":{"confidence_interval":{"confidence_level":0.95,"lower_bound":2091.9549401029462,"upper_bound":2690.199754259366},"point_estimate":2396.6593289765524,"standard_error":152.3638007975843}}