{"mean":{"confidence_interval":{"confidence_level":0.95,"lower_bound":174209.3471714287,"upper_bound":174501.5788592859},"point_estimate":174355.21739999994,"standard_error":74.78581797350832},"median":{"confidence_interval":{"confidence_level":0.95,"lower_bound":176861.57142857142,"upper_bound":176880.42857142858},"point_estimate":176872.07142857142,"standard_error":4.796390589613869},"median_abs_dev":{"confidence_interval":{"confidence_level":0.95,"lower_bound":472.20809161663055,"upper_bound":726.5798871006172},"point_estimate":550.7858902216174,"standard_error":64.53593909386419},"slope":null,"std_dev":{"confidence_interval":{"confidence_level":0.95,"lower_bound":5164.9310687962525,"upper_bound":5405.010533410277},"point_estimate":5287.3605428501105,"standard_error":61.375682913545454}}