{"mean":{"confidence_interval":{"confidence_level":0.95,"lower_bound":47985.428945260435,"upper_bound":48080.15746408933},"point_estimate":48033.34327286852,"standard_error":24.101556972149005},"median":{"confidence_interval":{"confidence_level":0.95,"lower_bound":47999.65612144005,"upper_bound":48045.009523809524},"point_estimate":48017.26177944862,"standard_error":11.072621078108046},"median_abs_dev":{"confidence_interval":{"confidence_level":0.95,"lower_bound":81.64671273037759,"upper_bound":169.3946617069325},"point_estimate":117.79924144733558,"standard_error":21.348829070351655},"slope":{"confidence_interval":{"confidence_level":0.95,"lower_bound":48018.54878432721,"upper_bound":48143.05211636414},"point_estimate":48068.21755789652,"standard_error":33.23341854101937},"std_dev":{"confidence_interval":{"confidence_level":0.95,"lower_bound":161.98548302974973,"upper_bound":317.8404782455134},"point_estimate":243.26154869350054,"standard_error":39.79270985380459}}