{"mean":{"confidence_interval":{"confidence_level":0.95,"lower_bound":36466071.544875,"upper_bound":36494802.920625},"point_estimate":36480249.665,"standard_error":7343.2946844443095},"median":{"confidence_interval":{"confidence_level":0.95,"lower_bound":36459734.5,"upper_bound":36490318.5},"point_estimate":36472141.0,"standard_error":7139.727264731564},"median_abs_dev":{"confidence_interval":{"confidence_level":0.95,"lower_bound":50291.533162146814,"upper_bound":87302.8994500637},"point_estimate":68155.49143999815,"standard_error":10001.48425925468},"slope":null,"std_dev":{"confidence_interval":{"confidence_level":0.95,"lower_bound":62994.62870973057,"upper_bound":83846.39201312336},"point_estimate":73998.23470649178,"standard_error":5321.8139051900735}}