{"mean":{"confidence_interval":{"confidence_level":0.95,"lower_bound":579638.2413794765,"upper_bound":584296.5710760566},"point_estimate":581781.4072499527,"standard_error":1198.472477072791},"median":{"confidence_interval":{"confidence_level":0.95,"lower_bound":579025.9146341464,"upper_bound":579752.4671052631},"point_estimate":579368.6976590636,"standard_error":176.94697591844826},"median_abs_dev":{"confidence_interval":{"confidence_level":0.95,"lower_bound":1004.9047922121392,"upper_bound":2065.7707251434294},"point_estimate":1404.121647631652,"standard_error":253.90463229739154},"slope":{"confidence_interval":{"confidence_level":0.95,"lower_bound":579583.0401162128,"upper_bound":582095.3342329144},"point_estimate":580706.8555460322,"standard_error":643.401036562383},"std_dev":{"confidence_interval":{"confidence_level":0.95,"lower_bound":6109.21289042824,"upper_bound":17320.075530783706},"point_estimate":12075.183574936093,"standard_error":2911.7227342943274}}