{"mean":{"confidence_interval":{"confidence_level":0.95,"lower_bound":36570.9233307508,"upper_bound":36642.42191374692},"point_estimate":36607.043077280134,"standard_error":18.249298561354433},"median":{"confidence_interval":{"confidence_level":0.95,"lower_bound":36557.21728395062,"upper_bound":36685.75893437297},"point_estimate":36617.38649940262,"standard_error":35.16945135451632},"median_abs_dev":{"confidence_interval":{"confidence_level":0.95,"lower_bound":149.14438741473023,"upper_bound":242.03953918186636},"point_estimate":183.4923222586954,"standard_error":23.544165738232667},"slope":{"confidence_interval":{"confidence_level":0.95,"lower_bound":36685.3218310408,"upper_bound":36753.14041700973},"point_estimate":36721.47466495903,"standard_error":17.349590364655366},"std_dev":{"confidence_interval":{"confidence_level":0.95,"lower_bound":161.37275194376474,"upper_bound":202.2602857347683},"point_estimate":183.25648294910098,"standard_error":10.440742232565727}}