{"mean":{"confidence_interval":{"confidence_level":0.95,"lower_bound":81405.12981159594,"upper_bound":81925.53642386652},"point_estimate":81653.12524095461,"standard_error":133.07166615790095},"median":{"confidence_interval":{"confidence_level":0.95,"lower_bound":81385.42307692308,"upper_bound":81768.81135531135},"point_estimate":81658.28165242166,"standard_error":95.80350904486484},"median_abs_dev":{"confidence_interval":{"confidence_level":0.95,"lower_bound":630.5977770894235,"upper_bound":1136.2844475507663},"point_estimate":956.0322423734586,"standard_error":126.22759822053418},"slope":{"confidence_interval":{"confidence_level":0.95,"lower_bound":81018.528703913,"upper_bound":81550.61031088169},"point_estimate":81269.92354571393,"standard_error":135.82212727920762},"std_dev":{"confidence_interval":{"confidence_level":0.95,"lower_bound":921.3253123922742,"upper_bound":1781.172822964611},"point_estimate":1338.7431749286723,"standard_error":228.5194328244625}}