{"mean":{"confidence_interval":{"confidence_level":0.95,"lower_bound":193288.88842786328,"upper_bound":193933.5480743116},"point_estimate":193607.35620183506,"standard_error":164.21827299442845},"median":{"confidence_interval":{"confidence_level":0.95,"lower_bound":192819.5,"upper_bound":193653.96679633233},"point_estimate":192902.80666666667,"standard_error":217.31068035380426},"median_abs_dev":{"confidence_interval":{"confidence_level":0.95,"lower_bound":961.7869988146916,"upper_bound":2343.0742292354407},"point_estimate":1592.894446657977,"standard_error":353.444126722175},"slope":{"confidence_interval":{"confidence_level":0.95,"lower_bound":194564.38791662842,"upper_bound":195197.10821854178},"point_estimate":194909.566918871,"standard_error":162.34221429134763},"std_dev":{"confidence_interval":{"confidence_level":0.95,"lower_bound":1488.3709733748167,"upper_bound":1775.8884906337216},"point_estimate":1646.2284882216652,"standard_error":73.2555683002086}}