{"mean":{"confidence_interval":{"confidence_level":0.95,"lower_bound":226872.5064079544,"upper_bound":227196.97000000012},"point_estimate":227033.4047727272,"standard_error":82.6573473517107},"median":{"confidence_interval":{"confidence_level":0.95,"lower_bound":227800.6590909091,"upper_bound":227845.31875},"point_estimate":227818.76136363635,"standard_error":11.357285318883632},"median_abs_dev":{"confidence_interval":{"confidence_level":0.95,"lower_bound":195.9390647032005,"upper_bound":362.7315617420633},"point_estimate":254.2827432128575,"standard_error":42.56407978610015},"slope":null,"std_dev":{"confidence_interval":{"confidence_level":0.95,"lower_bound":1648.3181372578504,"upper_bound":2042.7654241837365},"point_estimate":1848.173007090499,"standard_error":101.13863271057652}}