{"mean":{"confidence_interval":{"confidence_level":0.95,"lower_bound":257752.0251426028,"upper_bound":276500.78471741924},"point_estimate":266145.98113030556,"standard_error":4800.791123147861},"median":{"confidence_interval":{"confidence_level":0.95,"lower_bound":253849.59285714285,"upper_bound":254866.7027272727},"point_estimate":254395.49890235334,"standard_error":263.4069598708532},"median_abs_dev":{"confidence_interval":{"confidence_level":0.95,"lower_bound":1618.0452690012523,"upper_bound":3090.3281493023646},"point_estimate":2342.698444937082,"standard_error":400.6872695063872},"slope":{"confidence_interval":{"confidence_level":0.95,"lower_bound":262862.98419366777,"upper_bound":302085.66136020736},"point_estimate":281062.23020984186,"standard_error":10072.505171391333},"std_dev":{"confidence_interval":{"confidence_level":0.95,"lower_bound":23579.4294049703,"upper_bound":65934.05999419544},"point_estimate":48010.856492146595,"standard_error":10771.243883331425}}