{"mean":{"confidence_interval":{"confidence_level":0.95,"lower_bound":175026337.62475002,"upper_bound":175461780.01},"point_estimate":175225575.14,"standard_error":111781.07850861378},"median":{"confidence_interval":{"confidence_level":0.95,"lower_bound":174817388.0,"upper_bound":175056353.0},"point_estimate":174960181.5,"standard_error":64066.092973330306},"median_abs_dev":{"confidence_interval":{"confidence_level":0.95,"lower_bound":380641.2346422672,"upper_bound":622084.1229557991},"point_estimate":485638.22347819805,"standard_error":58454.20331570517},"slope":null,"std_dev":{"confidence_interval":{"confidence_level":0.95,"lower_bound":700792.6331824677,"upper_bound":1563853.5931182415},"point_estimate":1125971.9604400874,"standard_error":233808.79021293373}}