{"mean":{"confidence_interval":{"confidence_level":0.95,"lower_bound":886502.8799090906,"upper_bound":888065.5776363631},"point_estimate":887278.1281818185,"standard_error":399.3747334278685},"median":{"confidence_interval":{"confidence_level":0.95,"lower_bound":885442.5909090909,"upper_bound":888225.5},"point_estimate":886675.7272727273,"standard_error":784.0624219503648},"median_abs_dev":{"confidence_interval":{"confidence_level":0.95,"lower_bound":10986.133195866176,"upper_bound":12864.11562616178},"point_estimate":12085.278903625182,"standard_error":487.1099952406032},"slope":null,"std_dev":{"confidence_interval":{"confidence_level":0.95,"lower_bound":8430.98334686341,"upper_bound":9557.94858493984},"point_estimate":8960.822411986499,"standard_error":287.90321845948336}}