{"mean":{"confidence_interval":{"confidence_level":0.95,"lower_bound":-0.00527327708661199,"upper_bound":-0.001200895095985619},"point_estimate":-0.003203676325015392,"standard_error":0.0010431374452856087},"median":{"confidence_interval":{"confidence_level":0.95,"lower_bound":-0.0027763733593990647,"upper_bound":-0.0019231044109030426},"point_estimate":-0.0022971884096867345,"standard_error":0.00021768984885532207}}