{"mean":{"confidence_interval":{"confidence_level":0.95,"lower_bound":-0.03512110981792301,"upper_bound":-0.01907380843887141},"point_estimate":-0.025935619777023966,"standard_error":0.004152824841168782},"median":{"confidence_interval":{"confidence_level":0.95,"lower_bound":-0.020307096303450733,"upper_bound":-0.018582122594936523},"point_estimate":-0.019606864513959432,"standard_error":0.0004210489096102185}}