{"mean":{"confidence_interval":{"confidence_level":0.95,"lower_bound":0.024059203251430683,"upper_bound":0.03128535495464336},"point_estimate":0.02775817953720794,"standard_error":0.0018436881223109196},"median":{"confidence_interval":{"confidence_level":0.95,"lower_bound":0.02677487638932896,"upper_bound":0.028359576791617012},"point_estimate":0.027727227738741034,"standard_error":0.00037784606279324303}}