{"mean":{"confidence_interval":{"confidence_level":0.95,"lower_bound":0.0013861705927672116,"upper_bound":0.01735049157088179},"point_estimate":0.007185242481061449,"standard_error":0.004120348767924791},"median":{"confidence_interval":{"confidence_level":0.95,"lower_bound":0.0007474963560267778,"upper_bound":0.0020006235160396598},"point_estimate":0.001339573294431018,"standard_error":0.0003183665550191759}}