{"mean":{"confidence_interval":{"confidence_level":0.95,"lower_bound":861394.5879916676,"upper_bound":865418.6101666673},"point_estimate":863383.7379999997,"standard_error":1029.3771712491518},"median":{"confidence_interval":{"confidence_level":0.95,"lower_bound":846006.125,"upper_bound":846811.0833333333},"point_estimate":846228.9166666667,"standard_error":500.32975880588464},"median_abs_dev":{"confidence_interval":{"confidence_level":0.95,"lower_bound":5313.514755666199,"upper_bound":10065.062346309365},"point_estimate":7726.8168628216945,"standard_error":1329.4933585372391},"slope":null,"std_dev":{"confidence_interval":{"confidence_level":0.95,"lower_bound":22039.47997484111,"upper_bound":24030.30844888955},"point_estimate":23052.554515673823,"standard_error":506.82167562439196}}