{"mean":{"confidence_interval":{"confidence_level":0.95,"lower_bound":729679.157075,"upper_bound":730174.04732},"point_estimate":729923.8482,"standard_error":125.97570939861943},"median":{"confidence_interval":{"confidence_level":0.95,"lower_bound":726449.25,"upper_bound":726560.75},"point_estimate":726511.5,"standard_error":26.87097309403834},"median_abs_dev":{"confidence_interval":{"confidence_level":0.95,"lower_bound":1736.4952191710472,"upper_bound":1918.1137159466743},"point_estimate":1830.6403174996376,"standard_error":46.69165620306246},"slope":null,"std_dev":{"confidence_interval":{"confidence_level":0.95,"lower_bound":8626.372500924988,"upper_bound":9254.491360390064},"point_estimate":8942.685145904486,"standard_error":160.000128482001}}