{"mean":{"confidence_interval":{"confidence_level":0.95,"lower_bound":955338.9435191439,"upper_bound":956582.7434380596},"point_estimate":955938.2733001692,"standard_error":315.2651013784422},"median":{"confidence_interval":{"confidence_level":0.95,"lower_bound":955133.4087301588,"upper_bound":955670.994047619},"point_estimate":955378.8715277778,"standard_error":134.66866402822853},"median_abs_dev":{"confidence_interval":{"confidence_level":0.95,"lower_bound":800.7340286828511,"upper_bound":1259.9963213374233},"point_estimate":1039.5561841757583,"standard_error":114.55915609197987},"slope":{"confidence_interval":{"confidence_level":0.95,"lower_bound":955459.0150717816,"upper_bound":957198.410997431},"point_estimate":956234.8958814837,"standard_error":449.1495250930727},"std_dev":{"confidence_interval":{"confidence_level":0.95,"lower_bound":1867.0681765256018,"upper_bound":4260.125284008552},"point_estimate":3171.400921618865,"standard_error":608.3446254486734}}