{"mean":{"confidence_interval":{"confidence_level":0.95,"lower_bound":967153.7875636369,"upper_bound":968932.6337818182},"point_estimate":968007.1449090912,"standard_error":454.3526639604062},"median":{"confidence_interval":{"confidence_level":0.95,"lower_bound":963375.9090909092,"upper_bound":963712.8636363636},"point_estimate":963539.1363636364,"standard_error":83.86152487096064},"median_abs_dev":{"confidence_interval":{"confidence_level":0.95,"lower_bound":1216.810232942786,"upper_bound":1827.776203914028},"point_estimate":1490.0803644548134,"standard_error":161.25293972908804},"slope":null,"std_dev":{"confidence_interval":{"confidence_level":0.95,"lower_bound":8137.535906993565,"upper_bound":12477.390750031465},"point_estimate":10167.595117707331,"standard_error":1125.029933927389}}