{"mean":{"confidence_interval":{"confidence_level":0.95,"lower_bound":41456.171169972986,"upper_bound":41498.45749032623},"point_estimate":41475.171410749215,"standard_error":10.901472161981927},"median":{"confidence_interval":{"confidence_level":0.95,"lower_bound":41446.79951690821,"upper_bound":41468.6328258547},"point_estimate":41458.05088632107,"standard_error":5.7342554993525905},"median_abs_dev":{"confidence_interval":{"confidence_level":0.95,"lower_bound":27.935330168109452,"upper_bound":50.39091115767149},"point_estimate":37.23875788200201,"standard_error":5.547600141042901},"slope":{"confidence_interval":{"confidence_level":0.95,"lower_bound":41456.02972896392,"upper_bound":41472.56080813325},"point_estimate":41464.183787867594,"standard_error":4.228050643969531},"std_dev":{"confidence_interval":{"confidence_level":0.95,"lower_bound":47.83967181248457,"upper_bound":161.27865701166206},"point_estimate":109.95971282677937,"standard_error":29.64171564525653}}