{"mean":{"confidence_interval":{"confidence_level":0.95,"lower_bound":2256292.157054347,"upper_bound":2268423.6617500004},"point_estimate":2261886.414347827,"standard_error":3103.925040274355},"median":{"confidence_interval":{"confidence_level":0.95,"lower_bound":2250306.1739130435,"upper_bound":2260509.086956522},"point_estimate":2255570.6304347822,"standard_error":3256.5574669703287},"median_abs_dev":{"confidence_interval":{"confidence_level":0.95,"lower_bound":9247.491722780665,"upper_bound":15056.96302833751},"point_estimate":10609.195337736208,"standard_error":1417.2513871282652},"slope":null,"std_dev":{"confidence_interval":{"confidence_level":0.95,"lower_bound":18641.48727381107,"upper_bound":40818.88862873792},"point_estimate":31097.149282948336,"standard_error":5641.9109750165}}