{"mean":{"confidence_interval":{"confidence_level":0.95,"lower_bound":25128204.535,"upper_bound":25196031.32},"point_estimate":25159650.065,"standard_error":17474.18196559662},"median":{"confidence_interval":{"confidence_level":0.95,"lower_bound":25119770.5,"upper_bound":25132866.0},"point_estimate":25127404.0,"standard_error":3279.4993183175966},"median_abs_dev":{"confidence_interval":{"confidence_level":0.95,"lower_bound":25317.247800529003,"upper_bound":85226.88883692026},"point_estimate":52588.19171637297,"standard_error":15544.350564389488},"slope":null,"std_dev":{"confidence_interval":{"confidence_level":0.95,"lower_bound":102189.72603954688,"upper_bound":235086.39057324105},"point_estimate":175823.76074182134,"standard_error":34004.848111040876}}