{"mean":{"confidence_interval":{"confidence_level":0.95,"lower_bound":-0.0009686548757801006,"upper_bound":0.006891955778362988},"point_estimate":0.002597033691874806,"standard_error":0.0020994259105373485},"median":{"confidence_interval":{"confidence_level":0.95,"lower_bound":0.0005546992961931174,"upper_bound":0.000980109969837128},"point_estimate":0.0007400909972279379,"standard_error":0.00010538374990419704}}