{"mean":{"confidence_interval":{"confidence_level":0.95,"lower_bound":54247.56120692235,"upper_bound":54434.94081375279},"point_estimate":54331.81358723619,"standard_error":48.15577763107178},"median":{"confidence_interval":{"confidence_level":0.95,"lower_bound":54191.45203434117,"upper_bound":54220.41608738828},"point_estimate":54207.63796992481,"standard_error":6.584287698814026},"median_abs_dev":{"confidence_interval":{"confidence_level":0.95,"lower_bound":52.588127338647546,"upper_bound":88.51714147771155},"point_estimate":64.98642349200891,"standard_error":8.787839342958915},"slope":{"confidence_interval":{"confidence_level":0.95,"lower_bound":54205.027960548636,"upper_bound":54487.076017280415},"point_estimate":54328.67079884579,"standard_error":72.7232236476994},"std_dev":{"confidence_interval":{"confidence_level":0.95,"lower_bound":246.7053747720317,"upper_bound":677.40276958341},"point_estimate":484.15054817978785,"standard_error":110.34592415957941}}