{"mean":{"confidence_interval":{"confidence_level":0.95,"lower_bound":27466.207605224256,"upper_bound":27672.63574154415},"point_estimate":27566.901999987316,"standard_error":52.44184367424619},"median":{"confidence_interval":{"confidence_level":0.95,"lower_bound":27382.996669884167,"upper_bound":27450.517837837837},"point_estimate":27413.1469119881,"standard_error":17.84329976267138},"median_abs_dev":{"confidence_interval":{"confidence_level":0.95,"lower_bound":118.2545186935714,"upper_bound":494.428933566318},"point_estimate":203.44208815435263,"standard_error":85.13151096217113},"slope":{"confidence_interval":{"confidence_level":0.95,"lower_bound":27803.651212090124,"upper_bound":28098.245913898045},"point_estimate":27960.110326185502,"standard_error":75.29527234005519},"std_dev":{"confidence_interval":{"confidence_level":0.95,"lower_bound":441.2915477628506,"upper_bound":596.798621479989},"point_estimate":527.6389431572225,"standard_error":39.86187713699946}}