{"mean":{"confidence_interval":{"confidence_level":0.95,"lower_bound":761971.29272,"upper_bound":763385.879915},"point_estimate":762673.40396,"standard_error":362.5261201587145},"median":{"confidence_interval":{"confidence_level":0.95,"lower_bound":787930.5,"upper_bound":788038.0},"point_estimate":787985.0,"standard_error":26.553671886988436},"median_abs_dev":{"confidence_interval":{"confidence_level":0.95,"lower_bound":29571.939074993134,"upper_bound":29880.31986951828},"point_estimate":29733.5424721241,"standard_error":78.5344934774245},"slope":null,"std_dev":{"confidence_interval":{"confidence_level":0.95,"lower_bound":80268.28233320157,"upper_bound":82178.12280370909},"point_estimate":81226.26295637601,"standard_error":488.4799913727934}}