{"mean":{"confidence_interval":{"confidence_level":0.95,"lower_bound":896909.6664416661,"upper_bound":898188.3268333343},"point_estimate":897541.576499999,"standard_error":325.6960480372897},"median":{"confidence_interval":{"confidence_level":0.95,"lower_bound":900218.5,"upper_bound":901271.3333333333},"point_estimate":900911.7083333333,"standard_error":271.54989649636946},"median_abs_dev":{"confidence_interval":{"confidence_level":0.95,"lower_bound":2515.107305347948,"upper_bound":4448.854729142096},"point_estimate":3288.4067416191965,"standard_error":485.19697626037987},"slope":null,"std_dev":{"confidence_interval":{"confidence_level":0.95,"lower_bound":6363.676132392875,"upper_bound":8291.673587609808},"point_estimate":7264.296814251531,"standard_error":494.36058931669425}}