{"mean":{"confidence_interval":{"confidence_level":0.95,"lower_bound":-0.01571535551330483,"upper_bound":-0.010531303571194259},"point_estimate":-0.013139879478336836,"standard_error":0.0013214526338078778},"median":{"confidence_interval":{"confidence_level":0.95,"lower_bound":-0.01985686976274592,"upper_bound":-0.01857931643478982},"point_estimate":-0.01932082230485843,"standard_error":0.0003118697719206483}}