{"mean":{"confidence_interval":{"confidence_level":0.95,"lower_bound":1010134.3679150004,"upper_bound":1012454.1200700009},"point_estimate":1011279.2231999999,"standard_error":593.2247772950288},"median":{"confidence_interval":{"confidence_level":0.95,"lower_bound":1013587.0,"upper_bound":1016314.3187500001},"point_estimate":1015662.25,"standard_error":730.5268257559779},"median_abs_dev":{"confidence_interval":{"confidence_level":0.95,"lower_bound":4129.189186692203,"upper_bound":7631.905754506795},"point_estimate":5156.408578455379,"standard_error":911.999361927438},"slope":null,"std_dev":{"confidence_interval":{"confidence_level":0.95,"lower_bound":12194.339491771825,"upper_bound":14430.01388376554},"point_estimate":13334.323835681034,"standard_error":569.7467466478987}}