{"mean":{"confidence_interval":{"confidence_level":0.95,"lower_bound":935795.1653949798,"upper_bound":940678.8335955883},"point_estimate":938050.8219539336,"standard_error":1253.0115828377352},"median":{"confidence_interval":{"confidence_level":0.95,"lower_bound":934094.2954787234,"upper_bound":935115.0754936121},"point_estimate":934564.3457278481,"standard_error":319.1574333213084},"median_abs_dev":{"confidence_interval":{"confidence_level":0.95,"lower_bound":2174.679160209696,"upper_bound":3843.9261411316406},"point_estimate":2807.4462558396367,"standard_error":440.184406123433},"slope":{"confidence_interval":{"confidence_level":0.95,"lower_bound":935893.2163298322,"upper_bound":941295.2611548866},"point_estimate":938346.6980345796,"standard_error":1384.9077267294974},"std_dev":{"confidence_interval":{"confidence_level":0.95,"lower_bound":7984.60343085543,"upper_bound":16347.759184016213},"point_estimate":12597.790258884981,"standard_error":2143.740196506633}}