{"mean":{"confidence_interval":{"confidence_level":0.95,"lower_bound":874658.6013083329,"upper_bound":875412.7971874992},"point_estimate":875007.5001666658,"standard_error":191.81495827295274},"median":{"confidence_interval":{"confidence_level":0.95,"lower_bound":874377.25,"upper_bound":874559.75},"point_estimate":874475.2916666667,"standard_error":50.95874423319308},"median_abs_dev":{"confidence_interval":{"confidence_level":0.95,"lower_bound":776.0159918479105,"upper_bound":988.7721768208937},"point_estimate":894.3784341216087,"standard_error":54.6909276679044},"slope":null,"std_dev":{"confidence_interval":{"confidence_level":0.95,"lower_bound":2741.9329411838476,"upper_bound":5659.706225738602},"point_estimate":4278.255071656248,"standard_error":742.3922453322016}}