{"mean":{"confidence_interval":{"confidence_level":0.95,"lower_bound":-0.0021159161364729634,"upper_bound":0.000930441039311979},"point_estimate":-0.00046062258170964654,"standard_error":0.0007761422275361907},"median":{"confidence_interval":{"confidence_level":0.95,"lower_bound":0.0013138105267907823,"upper_bound":0.0017438549976217235},"point_estimate":0.0014851038939922567,"standard_error":0.00010672052198374179}}