{"mean":{"confidence_interval":{"confidence_level":0.95,"lower_bound":-0.001498650878672783,"upper_bound":0.006425363214146473},"point_estimate":0.0019187171102934553,"standard_error":0.0021394349265164863},"median":{"confidence_interval":{"confidence_level":0.95,"lower_bound":-0.0022544384983915755,"upper_bound":-0.0008048032454882614},"point_estimate":-0.0018309858363446674,"standard_error":0.00044505938194432565}}