{"mean":{"confidence_interval":{"confidence_level":0.95,"lower_bound":188184.5020786127,"upper_bound":188529.44277412532},"point_estimate":188357.27742416502,"standard_error":87.01732547046292},"median":{"confidence_interval":{"confidence_level":0.95,"lower_bound":188167.17028508772,"upper_bound":188336.41709250526},"point_estimate":188214.94021294022,"standard_error":39.521303473948024},"median_abs_dev":{"confidence_interval":{"confidence_level":0.95,"lower_bound":207.30218981997635,"upper_bound":375.9312364419595},"point_estimate":294.92816280247234,"standard_error":41.756983232235335},"slope":{"confidence_interval":{"confidence_level":0.95,"lower_bound":188226.33715448776,"upper_bound":188364.3597064364},"point_estimate":188292.63652480172,"standard_error":35.008932100677114},"std_dev":{"confidence_interval":{"confidence_level":0.95,"lower_bound":368.1263604025938,"upper_bound":1287.2103199329124},"point_estimate":873.140376761945,"standard_error":240.77930881087096}}