{"mean":{"confidence_interval":{"confidence_level":0.95,"lower_bound":387225.80482499994,"upper_bound":387760.17307692306},"point_estimate":387490.9256923071,"standard_error":137.09281601239977},"median":{"confidence_interval":{"confidence_level":0.95,"lower_bound":386662.23076923075,"upper_bound":387846.1538461539},"point_estimate":387353.5576923077,"standard_error":351.5351423793939},"median_abs_dev":{"confidence_interval":{"confidence_level":0.95,"lower_bound":3349.8776174508507,"upper_bound":4474.344162872244},"point_estimate":4093.258946560883,"standard_error":323.5314551225928},"slope":null,"std_dev":{"confidence_interval":{"confidence_level":0.95,"lower_bound":2921.6665176533365,"upper_bound":3197.8384763287913},"point_estimate":3062.043973751056,"standard_error":70.2397767869366}}