{"mean":{"confidence_interval":{"confidence_level":0.95,"lower_bound":4136504.9600208327,"upper_bound":4146837.738104167},"point_estimate":4141044.299166667,"standard_error":2659.9263959645727},"median":{"confidence_interval":{"confidence_level":0.95,"lower_bound":4132451.8333333335,"upper_bound":4136383.25},"point_estimate":4133763.083333333,"standard_error":969.5503694496862},"median_abs_dev":{"confidence_interval":{"confidence_level":0.95,"lower_bound":3926.727805287106,"upper_bound":9298.434609919672},"point_estimate":5871.713645755669,"standard_error":1353.1327004020493},"slope":null,"std_dev":{"confidence_interval":{"confidence_level":0.95,"lower_bound":8901.489494438854,"upper_bound":38728.91748001087},"point_estimate":26650.634383549062,"standard_error":7250.6756952271935}}