{"mean":{"confidence_interval":{"confidence_level":0.95,"lower_bound":154154.56135384602,"upper_bound":154188.6844923077},"point_estimate":154171.15667692292,"standard_error":8.692192716262284},"median":{"confidence_interval":{"confidence_level":0.95,"lower_bound":154078.78461538462,"upper_bound":154097.35384615383},"point_estimate":154086.9846153846,"standard_error":4.3358501117042225},"median_abs_dev":{"confidence_interval":{"confidence_level":0.95,"lower_bound":67.89167417931249,"upper_bound":99.83600130447353},"point_estimate":82.14744315695638,"standard_error":8.407003549789762},"slope":null,"std_dev":{"confidence_interval":{"confidence_level":0.95,"lower_bound":172.02322655830477,"upper_bound":216.25808764184978},"point_estimate":194.09089064040742,"standard_error":11.297679781938596}}