{"mean":{"confidence_interval":{"confidence_level":0.95,"lower_bound":0.043432433674777685,"upper_bound":0.052406500033634874},"point_estimate":0.04784737756259694,"standard_error":0.002273251311690421},"median":{"confidence_interval":{"confidence_level":0.95,"lower_bound":0.05102807739936632,"upper_bound":0.05409472689044905},"point_estimate":0.052953627190467145,"standard_error":0.0008127913152952979}}