{"mean":{"confidence_interval":{"confidence_level":0.95,"lower_bound":-0.9299064867065657,"upper_bound":-0.9289690260700134},"point_estimate":-0.9293891210410988,"standard_error":0.0002394131198231107},"median":{"confidence_interval":{"confidence_level":0.95,"lower_bound":-0.9290457858980378,"upper_bound":-0.9288511608379635},"point_estimate":-0.9289463565981775,"standard_error":0.000047623193847703854}}