{"mean":{"confidence_interval":{"confidence_level":0.95,"lower_bound":-0.0016507395526673405,"upper_bound":0.001375095248487978},"point_estimate":-0.00009450816703193698,"standard_error":0.000775296028607785},"median":{"confidence_interval":{"confidence_level":0.95,"lower_bound":0.0009145520377518146,"upper_bound":0.0012981944591115013},"point_estimate":0.0011284726972580206,"standard_error":0.00011337109083379878}}