{"mean":{"confidence_interval":{"confidence_level":0.95,"lower_bound":34405.21902488641,"upper_bound":34898.447927040994},"point_estimate":34623.46414685113,"standard_error":126.22923226733482},"median":{"confidence_interval":{"confidence_level":0.95,"lower_bound":34230.67587262491,"upper_bound":34449.95114942529},"point_estimate":34268.14695740365,"standard_error":54.30826009395589},"median_abs_dev":{"confidence_interval":{"confidence_level":0.95,"lower_bound":208.2065366747498,"upper_bound":451.4054058667249},"point_estimate":323.6457587125804,"standard_error":64.31434393004866},"slope":{"confidence_interval":{"confidence_level":0.95,"lower_bound":34334.75924087335,"upper_bound":34955.61639582304},"point_estimate":34606.597307419885,"standard_error":159.93433050425662},"std_dev":{"confidence_interval":{"confidence_level":0.95,"lower_bound":543.9020002594257,"upper_bound":1809.9894348500297},"point_estimate":1261.2649755426098,"standard_error":323.9486946045173}}