{"mean":{"confidence_interval":{"confidence_level":0.95,"lower_bound":927207.5085041672,"upper_bound":952373.0967583332},"point_estimate":939417.9966666668,"standard_error":6431.457729220087},"median":{"confidence_interval":{"confidence_level":0.95,"lower_bound":892915.25,"upper_bound":896307.7083333334},"point_estimate":894569.875,"standard_error":996.8292651180195},"median_abs_dev":{"confidence_interval":{"confidence_level":0.95,"lower_bound":11581.206144392605,"upper_bound":14717.090413719357},"point_estimate":13234.552215039701,"standard_error":833.2932340690775},"slope":null,"std_dev":{"confidence_interval":{"confidence_level":0.95,"lower_bound":124238.2318690923,"upper_bound":162615.1842398708},"point_estimate":144509.42457306918,"standard_error":9844.037802843462}}