{"mean":{"confidence_interval":{"confidence_level":0.95,"lower_bound":47975.39673821061,"upper_bound":49320.15113100833},"point_estimate":48653.747596278896,"standard_error":343.23229925911033},"median":{"confidence_interval":{"confidence_level":0.95,"lower_bound":45117.49456521739,"upper_bound":51364.413043478264},"point_estimate":51291.32485507247,"standard_error":2269.4232857548827},"median_abs_dev":{"confidence_interval":{"confidence_level":0.95,"lower_bound":478.35787821693026,"upper_bound":6154.894026190967},"point_estimate":4274.798622231408,"standard_error":1624.589285253955},"slope":{"confidence_interval":{"confidence_level":0.95,"lower_bound":50751.84008837251,"upper_bound":51583.80589648196},"point_estimate":51195.76611561221,"standard_error":212.01592875710523},"std_dev":{"confidence_interval":{"confidence_level":0.95,"lower_bound":3274.321603752253,"upper_bound":3613.97081457614},"point_estimate":3457.8560089295343,"standard_error":86.62996658508486}}