{"mean":{"confidence_interval":{"confidence_level":0.95,"lower_bound":-0.01315854363546988,"upper_bound":-0.008030605527422158},"point_estimate":-0.010699104312256846,"standard_error":0.0013021267931169085},"median":{"confidence_interval":{"confidence_level":0.95,"lower_bound":-0.01538215828741718,"upper_bound":-0.013686558209042188},"point_estimate":-0.014572762489957536,"standard_error":0.00041032280396887305}}