{"mean":{"confidence_interval":{"confidence_level":0.95,"lower_bound":2955938.450338235,"upper_bound":2970553.629411766},"point_estimate":2962445.6900000013,"standard_error":3757.564617428662},"median":{"confidence_interval":{"confidence_level":0.95,"lower_bound":2952337.029411765,"upper_bound":2953852.9411764704},"point_estimate":2952937.529411765,"standard_error":356.69966091420713},"median_abs_dev":{"confidence_interval":{"confidence_level":0.95,"lower_bound":2114.885256571456,"upper_bound":4300.630070707642},"point_estimate":2850.7345082127736,"standard_error":554.0208769608221},"slope":null,"std_dev":{"confidence_interval":{"confidence_level":0.95,"lower_bound":17394.80847986443,"upper_bound":54529.91831455959},"point_estimate":37666.02592415445,"standard_error":9582.560017379827}}