{"mean":{"confidence_interval":{"confidence_level":0.95,"lower_bound":6545.045543796004,"upper_bound":6565.620549475691},"point_estimate":6555.345094202828,"standard_error":5.245860800884353},"median":{"confidence_interval":{"confidence_level":0.95,"lower_bound":6546.38450977225,"upper_bound":6571.9004832647215},"point_estimate":6564.257022778545,"standard_error":7.792423350111477},"median_abs_dev":{"confidence_interval":{"confidence_level":0.95,"lower_bound":15.892471521214828,"upper_bound":39.74783055492409},"point_estimate":26.53401359948675,"standard_error":6.327444708630673},"slope":{"confidence_interval":{"confidence_level":0.95,"lower_bound":6526.343818123975,"upper_bound":6550.642219287417},"point_estimate":6537.865560858745,"standard_error":6.179476338016459},"std_dev":{"confidence_interval":{"confidence_level":0.95,"lower_bound":36.060095754865536,"upper_bound":67.96607017136385},"point_estimate":52.66875993457735,"standard_error":8.142431444250676}}