{"mean":{"confidence_interval":{"confidence_level":0.95,"lower_bound":60087754.02775001,"upper_bound":70263179.24125001},"point_estimate":65119773.35,"standard_error":2595559.8443036205},"median":{"confidence_interval":{"confidence_level":0.95,"lower_bound":53587292.0,"upper_bound":67615458.0},"point_estimate":58679166.5,"standard_error":3777784.138652382},"median_abs_dev":{"confidence_interval":{"confidence_level":0.95,"lower_bound":18515882.69047737,"upper_bound":32352927.45822072},"point_estimate":25306899.994012713,"standard_error":3662269.530126362},"slope":null,"std_dev":{"confidence_interval":{"confidence_level":0.95,"lower_bound":22265041.45932512,"upper_bound":29366991.490231186},"point_estimate":26049378.09225798,"standard_error":1816933.625777203}}