{"mean":{"confidence_interval":{"confidence_level":0.95,"lower_bound":0.014835800499964896,"upper_bound":0.034186757520184664},"point_estimate":0.023957140729574222,"standard_error":0.00491731468824037},"median":{"confidence_interval":{"confidence_level":0.95,"lower_bound":0.017182918287739598,"upper_bound":0.025022480051574814},"point_estimate":0.020315521654690416,"standard_error":0.0020602138266720364}}