{"mean":{"confidence_interval":{"confidence_level":0.95,"lower_bound":467390.6428514886,"upper_bound":468626.7648356753},"point_estimate":468026.02393687284,"standard_error":311.3485744166607},"median":{"confidence_interval":{"confidence_level":0.95,"lower_bound":467929.4871794872,"upper_bound":468036.890625},"point_estimate":467960.9062810328,"standard_error":25.59403692155503},"median_abs_dev":{"confidence_interval":{"confidence_level":0.95,"lower_bound":122.69970929873475,"upper_bound":221.1993210307052},"point_estimate":177.61458280157956,"standard_error":25.741965230805384},"slope":{"confidence_interval":{"confidence_level":0.95,"lower_bound":467876.18439682404,"upper_bound":468682.0729559471},"point_estimate":468234.3066292301,"standard_error":207.95779312561675},"std_dev":{"confidence_interval":{"confidence_level":0.95,"lower_bound":1179.9748286233428,"upper_bound":4671.4721082239175},"point_estimate":3124.6495285696624,"standard_error":904.9771809861708}}