{"mean":{"confidence_interval":{"confidence_level":0.95,"lower_bound":417638.09433307,"upper_bound":420238.07526391593},"point_estimate":418929.22066603275,"standard_error":664.9288950854318},"median":{"confidence_interval":{"confidence_level":0.95,"lower_bound":416605.8743169399,"upper_bound":418467.2619047619},"point_estimate":417416.3853383459,"standard_error":497.85550724322684},"median_abs_dev":{"confidence_interval":{"confidence_level":0.95,"lower_bound":2726.5268078440768,"upper_bound":5490.759228239159},"point_estimate":3838.4928093531607,"standard_error":708.1467817574813},"slope":{"confidence_interval":{"confidence_level":0.95,"lower_bound":416571.77617084316,"upper_bound":419690.58309307246},"point_estimate":417997.12839466037,"standard_error":799.7804335015071},"std_dev":{"confidence_interval":{"confidence_level":0.95,"lower_bound":5191.208773739718,"upper_bound":8062.66886836664},"point_estimate":6691.447069824411,"standard_error":732.1074988780608}}