{"mean":{"confidence_interval":{"confidence_level":0.95,"lower_bound":-0.012975931612290747,"upper_bound":-0.005973765815898043},"point_estimate":-0.009416514029924605,"standard_error":0.0017846458016587251},"median":{"confidence_interval":{"confidence_level":0.95,"lower_bound":-0.007639980944587843,"upper_bound":-0.00378870488578531},"point_estimate":-0.004864120107143544,"standard_error":0.001043532157872632}}