{"mean":{"confidence_interval":{"confidence_level":0.95,"lower_bound":-0.9997547826437939,"upper_bound":-0.9997264779229592},"point_estimate":-0.9997412299130347,"standard_error":7.226641700719405e-6},"median":{"confidence_interval":{"confidence_level":0.95,"lower_bound":-0.9997631832896225,"upper_bound":-0.9997170898531077},"point_estimate":-0.9997373303564718,"standard_error":0.000011064580662667886}}