{"mean":{"confidence_interval":{"confidence_level":0.95,"lower_bound":0.01544393194084312,"upper_bound":0.17645775662785046},"point_estimate":0.09429999961521118,"standard_error":0.041085394368299534},"median":{"confidence_interval":{"confidence_level":0.95,"lower_bound":-0.004711010333802723,"upper_bound":0.21968035211901538},"point_estimate":0.07921645255688925,"standard_error":0.05661438961453786}}