{"mean":{"confidence_interval":{"confidence_level":0.95,"lower_bound":0.029701950144996575,"upper_bound":0.03749458961896047},"point_estimate":0.03358231843025128,"standard_error":0.001995951801862378},"median":{"confidence_interval":{"confidence_level":0.95,"lower_bound":0.025777432190086547,"upper_bound":0.030265655360553145},"point_estimate":0.027450088085889,"standard_error":0.0012488955238636307}}