{"mean":{"confidence_interval":{"confidence_level":0.95,"lower_bound":-0.002371755843507392,"upper_bound":0.004223144710875626},"point_estimate":0.0010745962896396843,"standard_error":0.0016882482472926983},"median":{"confidence_interval":{"confidence_level":0.95,"lower_bound":-0.002495932076311158,"upper_bound":-0.0007760830022544019},"point_estimate":-0.0019402595593476235,"standard_error":0.00045246883603387617}}