{"mean":{"confidence_interval":{"confidence_level":0.95,"lower_bound":-0.0272550913840216,"upper_bound":-0.020022844817244024},"point_estimate":-0.02363914937955125,"standard_error":0.0018360866219185481},"median":{"confidence_interval":{"confidence_level":0.95,"lower_bound":-0.023273247412807785,"upper_bound":-0.01988166075134834},"point_estimate":-0.02124915948556949,"standard_error":0.0009720114396934712}}