{"mean":{"confidence_interval":{"confidence_level":0.95,"lower_bound":36336.198850124514,"upper_bound":36656.73006218927},"point_estimate":36490.015165738536,"standard_error":82.01398970722819},"median":{"confidence_interval":{"confidence_level":0.95,"lower_bound":36165.225694444445,"upper_bound":36170.469402810304},"point_estimate":36167.568534516075,"standard_error":1.3082471891948846},"median_abs_dev":{"confidence_interval":{"confidence_level":0.95,"lower_bound":12.332501961606834,"upper_bound":226.37696512546788},"point_estimate":20.047825685748496,"standard_error":57.69580179593969},"slope":{"confidence_interval":{"confidence_level":0.95,"lower_bound":36849.64163937066,"upper_bound":37342.8570527761},"point_estimate":37113.69267358399,"standard_error":125.9998738518213},"std_dev":{"confidence_interval":{"confidence_level":0.95,"lower_bound":690.109977003027,"upper_bound":919.0921369704422},"point_estimate":821.5968422734088,"standard_error":58.90290628088082}}