{"mean":{"confidence_interval":{"confidence_level":0.95,"lower_bound":50906.00868127519,"upper_bound":50987.16051399781},"point_estimate":50946.01680508289,"standard_error":20.653877800356415},"median":{"confidence_interval":{"confidence_level":0.95,"lower_bound":50885.490579710146,"upper_bound":50939.46229508197},"point_estimate":50903.81722222222,"standard_error":13.115227702014893},"median_abs_dev":{"confidence_interval":{"confidence_level":0.95,"lower_bound":72.61462773348828,"upper_bound":128.58846499550532},"point_estimate":95.06016775352275,"standard_error":14.733148723039914},"slope":{"confidence_interval":{"confidence_level":0.95,"lower_bound":50878.36103997362,"upper_bound":50915.0189159149},"point_estimate":50895.694986256836,"standard_error":9.406060052971004},"std_dev":{"confidence_interval":{"confidence_level":0.95,"lower_bound":149.5334386503835,"upper_bound":265.2165952698626},"point_estimate":209.2558663665765,"standard_error":29.39413357116415}}