{"mean":{"confidence_interval":{"confidence_level":0.95,"lower_bound":104807415.52950001,"upper_bound":104997070.86},"point_estimate":104896457.21,"standard_error":48784.118714456374},"median":{"confidence_interval":{"confidence_level":0.95,"lower_bound":104685844.0,"upper_bound":104857674.0},"point_estimate":104834536.5,"standard_error":42771.2922706911},"median_abs_dev":{"confidence_interval":{"confidence_level":0.95,"lower_bound":213432.1270108223,"upper_bound":384151.2900799513},"point_estimate":328087.5133752823,"standard_error":47087.11532927918},"slope":null,"std_dev":{"confidence_interval":{"confidence_level":0.95,"lower_bound":331439.81414890836,"upper_bound":621571.8190629953},"point_estimate":487836.26156215084,"standard_error":74352.83845762294}}