{"mean":{"confidence_interval":{"confidence_level":0.95,"lower_bound":98745601.969,"upper_bound":99011597.65},"point_estimate":98872126.29,"standard_error":67935.78800975092},"median":{"confidence_interval":{"confidence_level":0.95,"lower_bound":98541343.0,"upper_bound":98608432.0},"point_estimate":98563671.0,"standard_error":16595.345254185286},"median_abs_dev":{"confidence_interval":{"confidence_level":0.95,"lower_bound":111128.28102707863,"upper_bound":265616.8106118589},"point_estimate":173584.28751826286,"standard_error":39118.192458408055},"slope":null,"std_dev":{"confidence_interval":{"confidence_level":0.95,"lower_bound":501523.91032260325,"upper_bound":832220.6330376371},"point_estimate":683149.7352834622,"standard_error":84308.03109199762}}