{"mean":{"confidence_interval":{"confidence_level":0.95,"lower_bound":100961012.748,"upper_bound":103508322.025},"point_estimate":101987058.08,"standard_error":672304.3804318613},"median":{"confidence_interval":{"confidence_level":0.95,"lower_bound":100445247.0,"upper_bound":100675807.0},"point_estimate":100523158.5,"standard_error":60790.120605363016},"median_abs_dev":{"confidence_interval":{"confidence_level":0.95,"lower_bound":296772.77803123,"upper_bound":682359.966185689},"point_estimate":469288.8522684574,"standard_error":95870.82647807083},"slope":null,"std_dev":{"confidence_interval":{"confidence_level":0.95,"lower_bound":1247952.8105143525,"upper_bound":10968067.797356766},"point_estimate":6768644.313861218,"standard_error":2759165.123789597}}