{"mean":{"confidence_interval":{"confidence_level":0.95,"lower_bound":-0.009836934186593012,"upper_bound":0.00016966329368729802},"point_estimate":-0.00425768349607103,"standard_error":0.0025725521825016584},"median":{"confidence_interval":{"confidence_level":0.95,"lower_bound":-0.0034839817390073247,"upper_bound":0.0009078528495601691},"point_estimate":-0.0007540569602666469,"standard_error":0.0011187441226408604}}