{"mean":{"confidence_interval":{"confidence_level":0.95,"lower_bound":221236.42047826073,"upper_bound":221345.6602173913},"point_estimate":221288.50621739146,"standard_error":27.912529427569126},"median":{"confidence_interval":{"confidence_level":0.95,"lower_bound":221320.14130434784,"upper_bound":221337.15217391303},"point_estimate":221326.9347826087,"standard_error":4.227750515634092},"median_abs_dev":{"confidence_interval":{"confidence_level":0.95,"lower_bound":72.55070740760932,"upper_bound":92.114580973334},"point_estimate":81.3496159470609,"standard_error":4.922805874883815},"slope":null,"std_dev":{"confidence_interval":{"confidence_level":0.95,"lower_bound":420.90983948671845,"upper_bound":818.8787692773153},"point_estimate":627.0220613320183,"standard_error":101.98606994704878}}