{"mean":{"confidence_interval":{"confidence_level":0.95,"lower_bound":236064.16282063164,"upper_bound":236549.55637988597},"point_estimate":236296.57931696597,"standard_error":124.0426814282756},"median":{"confidence_interval":{"confidence_level":0.95,"lower_bound":235979.9652173913,"upper_bound":236242.256},"point_estimate":236124.66238805972,"standard_error":67.47594602307771},"median_abs_dev":{"confidence_interval":{"confidence_level":0.95,"lower_bound":359.45970980012476,"upper_bound":652.0417615905977},"point_estimate":503.4072153435909,"standard_error":72.24207517707153},"slope":{"confidence_interval":{"confidence_level":0.95,"lower_bound":236113.21156457643,"upper_bound":236569.1125297851},"point_estimate":236314.5659021723,"standard_error":117.34738447318269},"std_dev":{"confidence_interval":{"confidence_level":0.95,"lower_bound":885.0774718325242,"upper_bound":1551.3955409264856},"point_estimate":1243.6273808672017,"standard_error":170.20025998745595}}