{"mean":{"confidence_interval":{"confidence_level":0.95,"lower_bound":-0.008982240292497778,"upper_bound":-0.0042061036604856645},"point_estimate":-0.006518260058845593,"standard_error":0.0012115389361100233},"median":{"confidence_interval":{"confidence_level":0.95,"lower_bound":-0.00644942311573693,"upper_bound":-0.004891390754289525},"point_estimate":-0.005731453221358818,"standard_error":0.00040918469476079755}}