{"mean":{"confidence_interval":{"confidence_level":0.95,"lower_bound":421973.8119202441,"upper_bound":423591.3279661877},"point_estimate":422706.76886146615,"standard_error":413.3335396226916},"median":{"confidence_interval":{"confidence_level":0.95,"lower_bound":421752.5227272727,"upper_bound":422111.9964539007},"point_estimate":421971.6928540864,"standard_error":95.41009801518679},"median_abs_dev":{"confidence_interval":{"confidence_level":0.95,"lower_bound":592.3272549246452,"upper_bound":1161.695624754553},"point_estimate":861.7941768352823,"standard_error":150.23354387157625},"slope":{"confidence_interval":{"confidence_level":0.95,"lower_bound":421935.3263643336,"upper_bound":423177.351072954},"point_estimate":422458.0202709226,"standard_error":322.847570389891},"std_dev":{"confidence_interval":{"confidence_level":0.95,"lower_bound":2208.762011185957,"upper_bound":5986.928785716681},"point_estimate":4171.888770065417,"standard_error":995.9558501191455}}