{"mean":{"confidence_interval":{"confidence_level":0.95,"lower_bound":979976.4735227274,"upper_bound":981614.1780000008},"point_estimate":980796.7652727272,"standard_error":418.3220397863985},"median":{"confidence_interval":{"confidence_level":0.95,"lower_bound":979346.7727272727,"upper_bound":981895.6363636364},"point_estimate":980288.8636363636,"standard_error":669.8609908674964},"median_abs_dev":{"confidence_interval":{"confidence_level":0.95,"lower_bound":9544.57428509542,"upper_bound":11766.317736560703},"point_estimate":10752.28674547238,"standard_error":581.2924437343105},"slope":null,"std_dev":{"confidence_interval":{"confidence_level":0.95,"lower_bound":8533.158588196367,"upper_bound":10148.662071581924},"point_estimate":9324.23462120601,"standard_error":412.14867179306185}}