{"mean":{"confidence_interval":{"confidence_level":0.95,"lower_bound":5561.2039858267335,"upper_bound":6055.42495607256},"point_estimate":5778.468216418812,"standard_error":127.39373886461394},"median":{"confidence_interval":{"confidence_level":0.95,"lower_bound":5325.085388795987,"upper_bound":5546.877818035427},"point_estimate":5396.41651014889,"standard_error":52.30909883827011},"median_abs_dev":{"confidence_interval":{"confidence_level":0.95,"lower_bound":261.0605624430071,"upper_bound":518.739035235682},"point_estimate":333.6472084907129,"standard_error":70.12158604809702},"slope":{"confidence_interval":{"confidence_level":0.95,"lower_bound":5314.242505741339,"upper_bound":5517.255773541773},"point_estimate":5404.382343855411,"standard_error":51.90189789061844},"std_dev":{"confidence_interval":{"confidence_level":0.95,"lower_bound":586.9760785830701,"upper_bound":1900.861435811717},"point_estimate":1279.0744739012111,"standard_error":348.7094966063106}}