{"mean":{"confidence_interval":{"confidence_level":0.95,"lower_bound":377947.03009132744,"upper_bound":380946.65056232247},"point_estimate":379314.94144832133,"standard_error":770.444513220542},"median":{"confidence_interval":{"confidence_level":0.95,"lower_bound":376387.5055555556,"upper_bound":377242.6842105263},"point_estimate":376557.89743589744,"standard_error":241.1028108862032},"median_abs_dev":{"confidence_interval":{"confidence_level":0.95,"lower_bound":1057.459895514091,"upper_bound":2086.6932912536713},"point_estimate":1364.3108577695696,"standard_error":281.2500121426004},"slope":{"confidence_interval":{"confidence_level":0.95,"lower_bound":376052.3572659756,"upper_bound":377617.4552514429},"point_estimate":376695.22084133787,"standard_error":406.70762399448074},"std_dev":{"confidence_interval":{"confidence_level":0.95,"lower_bound":4525.222766325374,"upper_bound":10426.111233411646},"point_estimate":7725.146625449067,"standard_error":1511.760583597949}}