{"mean":{"confidence_interval":{"confidence_level":0.95,"lower_bound":49462.369858740756,"upper_bound":49607.3856337318},"point_estimate":49532.86923290214,"standard_error":37.26604452057034},"median":{"confidence_interval":{"confidence_level":0.95,"lower_bound":49405.90811717641,"upper_bound":49482.42507002801},"point_estimate":49446.59591836735,"standard_error":22.751447845502256},"median_abs_dev":{"confidence_interval":{"confidence_level":0.95,"lower_bound":99.24562953677832,"upper_bound":171.47173923182575},"point_estimate":123.48553225891725,"standard_error":18.677290575752917},"slope":{"confidence_interval":{"confidence_level":0.95,"lower_bound":49459.29971946539,"upper_bound":49613.95332955566},"point_estimate":49529.96879844061,"standard_error":39.57482202248772},"std_dev":{"confidence_interval":{"confidence_level":0.95,"lower_bound":282.4750988293325,"upper_bound":453.9970331258993},"point_estimate":371.3303707587028,"standard_error":43.95139552648687}}