{"mean":{"confidence_interval":{"confidence_level":0.95,"lower_bound":-0.0025500027112858527,"upper_bound":0.0027029499615980265},"point_estimate":0.00015254230725880724,"standard_error":0.001340463042571731},"median":{"confidence_interval":{"confidence_level":0.95,"lower_bound":-0.0012922254878101613,"upper_bound":-0.0003097211229805552},"point_estimate":-0.0007873121248138659,"standard_error":0.0002716814634170599}}