{"mean":{"confidence_interval":{"confidence_level":0.95,"lower_bound":710481.0424,"upper_bound":711273.1704075},"point_estimate":710874.4608,"standard_error":201.31742123640896},"median":{"confidence_interval":{"confidence_level":0.95,"lower_bound":710828.5,"upper_bound":712620.0},"point_estimate":711921.5,"standard_error":459.6832956241909},"median_abs_dev":{"confidence_interval":{"confidence_level":0.95,"lower_bound":18660.74456870556,"upper_bound":20663.366483151913},"point_estimate":19916.136096417904,"standard_error":517.1223791221917},"slope":null,"std_dev":{"confidence_interval":{"confidence_level":0.95,"lower_bound":13967.631073196068,"upper_bound":14489.744837282049},"point_estimate":14229.843382876832,"standard_error":133.94044484296597}}