{"mean":{"confidence_interval":{"confidence_level":0.95,"lower_bound":-0.007361710870736262,"upper_bound":-0.004516582762416208},"point_estimate":-0.00592726304291058,"standard_error":0.0007211566674613474},"median":{"confidence_interval":{"confidence_level":0.95,"lower_bound":-0.0061497289469581995,"upper_bound":-0.005521643885606251},"point_estimate":-0.005819203368082615,"standard_error":0.00016239360679535592}}