{"mean":{"confidence_interval":{"confidence_level":0.95,"lower_bound":1517.8115705748914,"upper_bound":1548.8489484996264},"point_estimate":1532.6088052961381,"standard_error":7.897190420560223},"median":{"confidence_interval":{"confidence_level":0.95,"lower_bound":1478.543812183627,"upper_bound":1537.1556893202592},"point_estimate":1535.9078349028764,"standard_error":16.04739572477449},"median_abs_dev":{"confidence_interval":{"confidence_level":0.95,"lower_bound":4.567100345637247,"upper_bound":87.79761187249308},"point_estimate":85.8130600470844,"standard_error":24.165138253626985},"slope":{"confidence_interval":{"confidence_level":0.95,"lower_bound":1563.6460568103112,"upper_bound":1619.6971449315874},"point_estimate":1592.3259085788557,"standard_error":14.319399561025369},"std_dev":{"confidence_interval":{"confidence_level":0.95,"lower_bound":60.681231874243224,"upper_bound":93.76348651571018},"point_estimate":79.32113439351852,"standard_error":8.4006292378923}}