{"mean":{"confidence_interval":{"confidence_level":0.95,"lower_bound":45405.52137751541,"upper_bound":45567.10745039083},"point_estimate":45480.78229332976,"standard_error":41.3219059433237},"median":{"confidence_interval":{"confidence_level":0.95,"lower_bound":45375.70665584416,"upper_bound":45422.01922924901},"point_estimate":45392.79711321287,"standard_error":12.679119153490403},"median_abs_dev":{"confidence_interval":{"confidence_level":0.95,"lower_bound":88.28806489025575,"upper_bound":162.53127830468492},"point_estimate":121.11440481948333,"standard_error":20.05438605203986},"slope":{"confidence_interval":{"confidence_level":0.95,"lower_bound":45334.69024816715,"upper_bound":45460.38633437753},"point_estimate":45389.55427596491,"standard_error":32.497047192500176},"std_dev":{"confidence_interval":{"confidence_level":0.95,"lower_bound":254.7114659335363,"upper_bound":549.2730090249554},"point_estimate":415.65584728928917,"standard_error":75.07986100095953}}