{"mean":{"confidence_interval":{"confidence_level":0.95,"lower_bound":48029.69439518382,"upper_bound":48137.45089914155},"point_estimate":48081.80452172042,"standard_error":27.42342031643608},"median":{"confidence_interval":{"confidence_level":0.95,"lower_bound":47988.473809523806,"upper_bound":48060.091517857145},"point_estimate":48024.570794813655,"standard_error":17.30771500160581},"median_abs_dev":{"confidence_interval":{"confidence_level":0.95,"lower_bound":106.63851917061932,"upper_bound":198.36924498804936},"point_estimate":161.44995650970216,"standard_error":23.386054482164678},"slope":{"confidence_interval":{"confidence_level":0.95,"lower_bound":48044.86901420775,"upper_bound":48236.52125672175},"point_estimate":48132.709240783355,"standard_error":48.949835367257954},"std_dev":{"confidence_interval":{"confidence_level":0.95,"lower_bound":189.19798613710554,"upper_bound":356.64786166331885},"point_estimate":275.85166009575687,"standard_error":43.02107002404968}}