{"mean":{"confidence_interval":{"confidence_level":0.95,"lower_bound":-0.002258396894397465,"upper_bound":0.05073198460704583},"point_estimate":0.016646141453204644,"standard_error":0.01596051020963743},"median":{"confidence_interval":{"confidence_level":0.95,"lower_bound":-0.0038945851753610095,"upper_bound":0.001042980899939705},"point_estimate":-0.002411256516364091,"standard_error":0.001234889871441045}}