{"mean":{"confidence_interval":{"confidence_level":0.95,"lower_bound":-0.023164790217872593,"upper_bound":-0.017604324015964314},"point_estimate":-0.020384941259499523,"standard_error":0.0014116726218252953},"median":{"confidence_interval":{"confidence_level":0.95,"lower_bound":-0.0198256536434116,"upper_bound":-0.018016362557666477},"point_estimate":-0.019159586414413288,"standard_error":0.00048599921492119215}}