{"mean":{"confidence_interval":{"confidence_level":0.95,"lower_bound":0.0019017793744648959,"upper_bound":0.005308394150697748},"point_estimate":0.003525225882657246,"standard_error":0.0008672461730624575},"median":{"confidence_interval":{"confidence_level":0.95,"lower_bound":0.0023959401435782457,"upper_bound":0.003120730125485141},"point_estimate":0.0026078032793246386,"standard_error":0.00017914690231890065}}