{"mean":{"confidence_interval":{"confidence_level":0.95,"lower_bound":380439.9104983345,"upper_bound":380696.3384183336},"point_estimate":380568.1462000002,"standard_error":65.51616469122857},"median":{"confidence_interval":{"confidence_level":0.95,"lower_bound":377107.1666666666,"upper_bound":377604.3333333334},"point_estimate":377357.6666666666,"standard_error":140.65968313658598},"median_abs_dev":{"confidence_interval":{"confidence_level":0.95,"lower_bound":1735.3770916908145,"upper_bound":2587.631154060336},"point_estimate":2155.9474617242236,"standard_error":233.83124982866278},"slope":null,"std_dev":{"confidence_interval":{"confidence_level":0.95,"lower_bound":4587.340624865304,"upper_bound":4673.154171932206},"point_estimate":4630.8610725043,"standard_error":21.868045105702105}}