{"mean":{"confidence_interval":{"confidence_level":0.95,"lower_bound":4562825.824545454,"upper_bound":4571947.286159091},"point_estimate":4567079.099090909,"standard_error":2332.8972602459853},"median":{"confidence_interval":{"confidence_level":0.95,"lower_bound":4560768.545454546,"upper_bound":4563052.363636363},"point_estimate":4561697.045454545,"standard_error":537.4164953538228},"median_abs_dev":{"confidence_interval":{"confidence_level":0.95,"lower_bound":3725.099824774596,"upper_bound":8018.70934854917},"point_estimate":5431.50500357082,"standard_error":1109.2938979274418},"slope":null,"std_dev":{"confidence_interval":{"confidence_level":0.95,"lower_bound":15084.555378950625,"upper_bound":30283.541036939085},"point_estimate":23384.0554603727,"standard_error":3885.032699031739}}