{"mean":{"confidence_interval":{"confidence_level":0.95,"lower_bound":-0.030821851870915826,"upper_bound":-0.022015697467133638},"point_estimate":-0.026743355425397297,"standard_error":0.0022247077899643472},"median":{"confidence_interval":{"confidence_level":0.95,"lower_bound":-0.031246969486283138,"upper_bound":-0.02666605360924505},"point_estimate":-0.029643423864713303,"standard_error":0.001230981027597528}}