{"mean":{"confidence_interval":{"confidence_level":0.95,"lower_bound":192256.9734487935,"upper_bound":193004.80940707162},"point_estimate":192639.1916172861,"standard_error":190.33207547603774},"median":{"confidence_interval":{"confidence_level":0.95,"lower_bound":192153.1081140351,"upper_bound":193457.10784313726},"point_estimate":192989.52976190476,"standard_error":377.7682541859163},"median_abs_dev":{"confidence_interval":{"confidence_level":0.95,"lower_bound":1374.627833280594,"upper_bound":2260.3357534164747},"point_estimate":1984.7874722629886,"standard_error":247.85804751867533},"slope":{"confidence_interval":{"confidence_level":0.95,"lower_bound":191923.96950941117,"upper_bound":192606.99702072993},"point_estimate":192239.39056696714,"standard_error":174.89863804259844},"std_dev":{"confidence_interval":{"confidence_level":0.95,"lower_bound":1531.1428369456407,"upper_bound":2281.813314214418},"point_estimate":1910.3676297049913,"standard_error":192.44376406054283}}