{"mean":{"confidence_interval":{"confidence_level":0.95,"lower_bound":-0.0003954862510849252,"upper_bound":0.0047128432809144805},"point_estimate":0.002190392560994514,"standard_error":0.0013000556100913547},"median":{"confidence_interval":{"confidence_level":0.95,"lower_bound":0.003653841797967239,"upper_bound":0.006848811980447067},"point_estimate":0.005142787248810787,"standard_error":0.0008051905747850093}}