{"mean":{"confidence_interval":{"confidence_level":0.95,"lower_bound":0.014182439031410459,"upper_bound":0.04365425915390975},"point_estimate":0.027278036818495055,"standard_error":0.00749394388626893},"median":{"confidence_interval":{"confidence_level":0.95,"lower_bound":0.001648619973331656,"upper_bound":0.01644711946863886},"point_estimate":0.0034522171958093484,"standard_error":0.004222597592920795}}