{"mean":{"confidence_interval":{"confidence_level":0.95,"lower_bound":0.024974512394044822,"upper_bound":0.0318327834820234},"point_estimate":0.028554994836185843,"standard_error":0.0017683811740938724},"median":{"confidence_interval":{"confidence_level":0.95,"lower_bound":0.02700900529317729,"upper_bound":0.029249770924795637},"point_estimate":0.028173679067792,"standard_error":0.0005691039000147914}}