{"mean":{"confidence_interval":{"confidence_level":0.95,"lower_bound":45396.97137575214,"upper_bound":45476.749742349006},"point_estimate":45435.341093182025,"standard_error":20.334388109564536},"median":{"confidence_interval":{"confidence_level":0.95,"lower_bound":45387.71341598757,"upper_bound":45421.8507295174},"point_estimate":45403.66420454545,"standard_error":8.538319137782938},"median_abs_dev":{"confidence_interval":{"confidence_level":0.95,"lower_bound":59.884763465028755,"upper_bound":109.0699502496143},"point_estimate":82.42807753789832,"standard_error":12.431238758823254},"slope":{"confidence_interval":{"confidence_level":0.95,"lower_bound":45378.30897138497,"upper_bound":45438.98658155298},"point_estimate":45403.63245952954,"standard_error":15.676293344268307},"std_dev":{"confidence_interval":{"confidence_level":0.95,"lower_bound":140.55681603170734,"upper_bound":259.9435652107424},"point_estimate":205.1541543655143,"standard_error":30.442136165599226}}