{"mean":{"confidence_interval":{"confidence_level":0.95,"lower_bound":-0.0995747967192289,"upper_bound":0.14157707942125763},"point_estimate":0.016490980551343792,"standard_error":0.061969640379310825},"median":{"confidence_interval":{"confidence_level":0.95,"lower_bound":-0.16282873393619746,"upper_bound":0.11396056229519708},"point_estimate":-0.036170305880066644,"standard_error":0.0690230947346302}}