{"mean":{"confidence_interval":{"confidence_level":0.95,"lower_bound":-0.08719407481885973,"upper_bound":0.14265805503361784},"point_estimate":0.021131060373416943,"standard_error":0.05893839869570949},"median":{"confidence_interval":{"confidence_level":0.95,"lower_bound":-0.12134458450723262,"upper_bound":0.2132925541495887},"point_estimate":0.031795900245220166,"standard_error":0.08448959733122542}}