{"mean":{"confidence_interval":{"confidence_level":0.95,"lower_bound":-0.9997590509755621,"upper_bound":-0.9997030799864792},"point_estimate":-0.999733052225144,"standard_error":0.00001428841057147749},"median":{"confidence_interval":{"confidence_level":0.95,"lower_bound":-0.9997371122143328,"upper_bound":-0.9996463906743804},"point_estimate":-0.999703824359937,"standard_error":0.000024156493769854296}}