{"mean":{"confidence_interval":{"confidence_level":0.95,"lower_bound":-0.16726191200494944,"upper_bound":0.06373544528465883},"point_estimate":-0.05710744183748662,"standard_error":0.05864933564522542},"median":{"confidence_interval":{"confidence_level":0.95,"lower_bound":-0.1939587393578477,"upper_bound":0.15121204397876853},"point_estimate":-0.022167986115118055,"standard_error":0.08794694804399782}}