{"mean":{"confidence_interval":{"confidence_level":0.95,"lower_bound":-0.005144193230457142,"upper_bound":0.0029681106102363735},"point_estimate":-0.001089622162304793,"standard_error":0.002062614433265833},"median":{"confidence_interval":{"confidence_level":0.95,"lower_bound":-0.0006586004177896454,"upper_bound":0.0005152709723039717},"point_estimate":-0.00005127074148891797,"standard_error":0.0002997754399186439}}