{"mean":{"confidence_interval":{"confidence_level":0.95,"lower_bound":5560.303771192488,"upper_bound":5572.236894910258},"point_estimate":5565.547000525625,"standard_error":3.067969243342777},"median":{"confidence_interval":{"confidence_level":0.95,"lower_bound":5556.334042928551,"upper_bound":5559.281478298239},"point_estimate":5557.453932783542,"standard_error":0.9822238497518148},"median_abs_dev":{"confidence_interval":{"confidence_level":0.95,"lower_bound":4.018421839129544,"upper_bound":7.059519183327867},"point_estimate":5.001027226879794,"standard_error":0.75646881049159},"slope":{"confidence_interval":{"confidence_level":0.95,"lower_bound":5556.124162997339,"upper_bound":5569.601689423897},"point_estimate":5561.387384489137,"standard_error":3.56428397472985},"std_dev":{"confidence_interval":{"confidence_level":0.95,"lower_bound":12.088145964509573,"upper_bound":44.87648415949108},"point_estimate":30.79748815642094,"standard_error":8.563019956535399}}