{"mean":{"confidence_interval":{"confidence_level":0.95,"lower_bound":-0.0017705875975763145,"upper_bound":0.0007217760388290465},"point_estimate":-0.00045630671556784463,"standard_error":0.0006347523778090247},"median":{"confidence_interval":{"confidence_level":0.95,"lower_bound":-0.0001911610324933921,"upper_bound":0.0003387921605794084},"point_estimate":0.00010886199690829379,"standard_error":0.00013673891563710215}}