{"mean":{"confidence_interval":{"confidence_level":0.95,"lower_bound":18300047.991583332,"upper_bound":18372107.266916662},"point_estimate":18334341.656666666,"standard_error":18357.55526059716},"median":{"confidence_interval":{"confidence_level":0.95,"lower_bound":18261930.5,"upper_bound":18354847.333333332},"point_estimate":18319076.333333336,"standard_error":29065.768047115824},"median_abs_dev":{"confidence_interval":{"confidence_level":0.95,"lower_bound":113594.09188330358,"upper_bound":181711.40637397673},"point_estimate":144358.0413371343,"standard_error":17778.765196210963},"slope":null,"std_dev":{"confidence_interval":{"confidence_level":0.95,"lower_bound":128588.92484809278,"upper_bound":231787.7130673743},"point_estimate":183538.60286585937,"standard_error":26608.90273728267}}