{"mean":{"confidence_interval":{"confidence_level":0.95,"lower_bound":-0.0134958261814368,"upper_bound":-0.005572886897573374},"point_estimate":-0.009408467096418849,"standard_error":0.0020290380648253807},"median":{"confidence_interval":{"confidence_level":0.95,"lower_bound":-0.014203435386100638,"upper_bound":-0.004292784166907463},"point_estimate":-0.007482897947453826,"standard_error":0.0028428011091623556}}