{"mean":{"confidence_interval":{"confidence_level":0.95,"lower_bound":19705397.074,"upper_bound":19768840.21841666},"point_estimate":19736602.72666666,"standard_error":16274.161944188992},"median":{"confidence_interval":{"confidence_level":0.95,"lower_bound":19693449.333333332,"upper_bound":19748986.333333336},"point_estimate":19722644.666666664,"standard_error":12265.86616718344},"median_abs_dev":{"confidence_interval":{"confidence_level":0.95,"lower_bound":100298.38241934868,"upper_bound":171990.49254655838},"point_estimate":136334.21027958853,"standard_error":17582.203185201724},"slope":null,"std_dev":{"confidence_interval":{"confidence_level":0.95,"lower_bound":134680.47378975133,"upper_bound":187756.30396793102},"point_estimate":163071.6583880281,"standard_error":13538.116625787328}}