{"mean":{"confidence_interval":{"confidence_level":0.95,"lower_bound":1720.785444569987,"upper_bound":1724.728887836368},"point_estimate":1722.725320827223,"standard_error":1.0073854721742916},"median":{"confidence_interval":{"confidence_level":0.95,"lower_bound":1720.5535307195737,"upper_bound":1722.4400185837246},"point_estimate":1721.578150392741,"standard_error":0.5007460992644847},"median_abs_dev":{"confidence_interval":{"confidence_level":0.95,"lower_bound":3.084767581730053,"upper_bound":7.148366992205321},"point_estimate":4.577240026918432,"standard_error":1.0848404565261214},"slope":{"confidence_interval":{"confidence_level":0.95,"lower_bound":1722.0874150524419,"upper_bound":1725.8436404608137},"point_estimate":1723.8067269391433,"standard_error":0.9629331132407724},"std_dev":{"confidence_interval":{"confidence_level":0.95,"lower_bound":7.840012257862001,"upper_bound":12.088244254850812},"point_estimate":10.093394000660536,"standard_error":1.0844933792027514}}