{"mean":{"confidence_interval":{"confidence_level":0.95,"lower_bound":0.0025292975480314187,"upper_bound":0.00881205778631674},"point_estimate":0.005546507982027826,"standard_error":0.0016010145706512185},"median":{"confidence_interval":{"confidence_level":0.95,"lower_bound":0.0026804039503490946,"upper_bound":0.006223104951255169},"point_estimate":0.004407202399109744,"standard_error":0.0008850233780596984}}