{"mean":{"confidence_interval":{"confidence_level":0.95,"lower_bound":-0.0014470833309021547,"upper_bound":0.004912284883293377},"point_estimate":0.0005781443875834125,"standard_error":0.0017341578352378286},"median":{"confidence_interval":{"confidence_level":0.95,"lower_bound":-0.0009298945651540214,"upper_bound":-0.0004344548095452927},"point_estimate":-0.0006663694925762575,"standard_error":0.00014147091180785474}}