{"mean":{"confidence_interval":{"confidence_level":0.95,"lower_bound":42.58681924418585,"upper_bound":42.81100178590481},"point_estimate":42.69373376821049,"standard_error":0.05749001760412536},"median":{"confidence_interval":{"confidence_level":0.95,"lower_bound":42.445131079437694,"upper_bound":42.655595786861326},"point_estimate":42.57493083759621,"standard_error":0.05852070690276635},"median_abs_dev":{"confidence_interval":{"confidence_level":0.95,"lower_bound":0.24045788023248016,"upper_bound":0.4478754591674462},"point_estimate":0.30988957220815305,"standard_error":0.05299972367019491},"slope":{"confidence_interval":{"confidence_level":0.95,"lower_bound":42.54421749603029,"upper_bound":42.757192784345136},"point_estimate":42.64543399291262,"standard_error":0.05438169692770851},"std_dev":{"confidence_interval":{"confidence_level":0.95,"lower_bound":0.41415489201544303,"upper_bound":0.7211302136732332},"point_estimate":0.5766763316440672,"standard_error":0.07828824512710458}}