{"mean":{"confidence_interval":{"confidence_level":0.95,"lower_bound":831945.0621428568,"upper_bound":1036611.6335714287},"point_estimate":921321.8457142855,"standard_error":53180.873146234386},"median":{"confidence_interval":{"confidence_level":0.95,"lower_bound":852524.0357142857,"upper_bound":853850.25},"point_estimate":853318.357142857,"standard_error":421.22398370214745},"median_abs_dev":{"confidence_interval":{"confidence_level":0.95,"lower_bound":1344.7711261254908,"upper_bound":3201.8334931560307},"point_estimate":2035.080263870251,"standard_error":1000.1672969344876},"slope":null,"std_dev":{"confidence_interval":{"confidence_level":0.95,"lower_bound":172261.34461245028,"upper_bound":765638.9424737376},"point_estimate":535159.3960688424,"standard_error":144643.47339992295}}