{"mean":{"confidence_interval":{"confidence_level":0.95,"lower_bound":757248.6800425,"upper_bound":758256.3146119999},"point_estimate":757745.87214,"standard_error":256.62229318663805},"median":{"confidence_interval":{"confidence_level":0.95,"lower_bound":765811.5,"upper_bound":766035.5},"point_estimate":765929.0,"standard_error":59.20597840634783},"median_abs_dev":{"confidence_interval":{"confidence_level":0.95,"lower_bound":35564.60816860199,"upper_bound":36230.295556783676},"point_estimate":35872.2476631403,"standard_error":173.1257501542504},"slope":null,"std_dev":{"confidence_interval":{"confidence_level":0.95,"lower_bound":56181.03034963147,"upper_bound":58385.29471805915},"point_estimate":57274.50090498968,"standard_error":564.1647855259928}}