{"mean":{"confidence_interval":{"confidence_level":0.95,"lower_bound":-0.0004323001510441899,"upper_bound":0.002658851797852285},"point_estimate":0.0010834414323268593,"standard_error":0.0007947949844965296},"median":{"confidence_interval":{"confidence_level":0.95,"lower_bound":-0.0005216792620350574,"upper_bound":0.00226049647358062},"point_estimate":0.0018738853746091966,"standard_error":0.0009373950210410861}}