{"mean":{"confidence_interval":{"confidence_level":0.95,"lower_bound":732674.1882775,"upper_bound":733264.6250275001},"point_estimate":732968.3455,"standard_error":151.65054063817368},"median":{"confidence_interval":{"confidence_level":0.95,"lower_bound":727061.0,"upper_bound":727293.75},"point_estimate":727171.0,"standard_error":62.635702167065446},"median_abs_dev":{"confidence_interval":{"confidence_level":0.95,"lower_bound":2816.569299995899,"upper_bound":3284.329591691494},"point_estimate":3038.588646054268,"standard_error":119.98901380251834},"slope":null,"std_dev":{"confidence_interval":{"confidence_level":0.95,"lower_bound":10431.16783244593,"upper_bound":10942.870242077415},"point_estimate":10691.323155552032,"standard_error":130.80565653893035}}