{"mean":{"confidence_interval":{"confidence_level":0.95,"lower_bound":985789.0773772727,"upper_bound":987720.5199999997},"point_estimate":986727.5365454534,"standard_error":492.47440135590193},"median":{"confidence_interval":{"confidence_level":0.95,"lower_bound":985714.8181818182,"upper_bound":988413.3181818181},"point_estimate":987383.0,"standard_error":670.6644995608166},"median_abs_dev":{"confidence_interval":{"confidence_level":0.95,"lower_bound":8238.403708284583,"upper_bound":10874.601243300778},"point_estimate":9435.872750661629,"standard_error":661.4459396388718},"slope":null,"std_dev":{"confidence_interval":{"confidence_level":0.95,"lower_bound":9163.079270903358,"upper_bound":13080.44075569178},"point_estimate":11007.386578305403,"standard_error":1012.494283654885}}