{"mean":{"confidence_interval":{"confidence_level":0.95,"lower_bound":33623.92675562033,"upper_bound":33693.480289648774},"point_estimate":33654.98175580434,"standard_error":17.84421402081648},"median":{"confidence_interval":{"confidence_level":0.95,"lower_bound":33604.36378197785,"upper_bound":33656.73010449321},"point_estimate":33632.6831300813,"standard_error":12.575504556440766},"median_abs_dev":{"confidence_interval":{"confidence_level":0.95,"lower_bound":86.13769514939541,"upper_bound":146.93486556232688},"point_estimate":120.2695651507717,"standard_error":14.617836799301497},"slope":{"confidence_interval":{"confidence_level":0.95,"lower_bound":33626.86729056092,"upper_bound":33674.181221303275},"point_estimate":33648.6711129501,"standard_error":12.032326408689755},"std_dev":{"confidence_interval":{"confidence_level":0.95,"lower_bound":92.46461717003935,"upper_bound":261.7186751240172},"point_estimate":179.2336525282497,"standard_error":45.80894572933518}}