{"mean":{"confidence_interval":{"confidence_level":0.95,"lower_bound":823.594449593566,"upper_bound":825.2157190604745},"point_estimate":824.3707277174911,"standard_error":0.4113268570771671},"median":{"confidence_interval":{"confidence_level":0.95,"lower_bound":822.2235438629225,"upper_bound":823.5095143720287},"point_estimate":822.6489924433249,"standard_error":0.3410384349181766},"median_abs_dev":{"confidence_interval":{"confidence_level":0.95,"lower_bound":1.408013369499724,"upper_bound":3.3688582737431694},"point_estimate":2.414366822515603,"standard_error":0.5139652312164664},"slope":{"confidence_interval":{"confidence_level":0.95,"lower_bound":824.6074828497725,"upper_bound":826.6747503380954},"point_estimate":825.6322382798827,"standard_error":0.5275056297601783},"std_dev":{"confidence_interval":{"confidence_level":0.95,"lower_bound":3.13791717231184,"upper_bound":4.933462385027642},"point_estimate":4.112696161916763,"standard_error":0.4563811523504773}}