{"mean":{"confidence_interval":{"confidence_level":0.95,"lower_bound":0.0014173348272085889,"upper_bound":0.007152357901816741},"point_estimate":0.004278179150159822,"standard_error":0.0014419651379838966},"median":{"confidence_interval":{"confidence_level":0.95,"lower_bound":0.0002485619330294675,"upper_bound":0.002563132616178798},"point_estimate":0.0012841399241729778,"standard_error":0.0006061176664105838}}