{"mean":{"confidence_interval":{"confidence_level":0.95,"lower_bound":467316.7300716944,"upper_bound":468477.2207478916},"point_estimate":468001.1433566433,"standard_error":300.6702379229534},"median":{"confidence_interval":{"confidence_level":0.95,"lower_bound":467980.09444444446,"upper_bound":468059.1967213115},"point_estimate":468013.9583333334,"standard_error":21.06220688902883},"median_abs_dev":{"confidence_interval":{"confidence_level":0.95,"lower_bound":123.65881703384258,"upper_bound":230.83813890668725},"point_estimate":175.47684026673082,"standard_error":26.52181073816018},"slope":{"confidence_interval":{"confidence_level":0.95,"lower_bound":467982.35792874335,"upper_bound":468385.7149502948},"point_estimate":468131.3290901926,"standard_error":110.2412324870861},"std_dev":{"confidence_interval":{"confidence_level":0.95,"lower_bound":719.1372611361461,"upper_bound":5003.794491130936},"point_estimate":3029.844621042703,"standard_error":1288.4957220636093}}