{"mean":{"confidence_interval":{"confidence_level":0.95,"lower_bound":351034116.54225,"upper_bound":351533800.63575},"point_estimate":351280233.73,"standard_error":127463.98468785161},"median":{"confidence_interval":{"confidence_level":0.95,"lower_bound":350946841.0,"upper_bound":351418029.5},"point_estimate":351201570.0,"standard_error":106615.19142300636},"median_abs_dev":{"confidence_interval":{"confidence_level":0.95,"lower_bound":807661.1616611481,"upper_bound":1436666.0612940788},"point_estimate":1074510.624423623,"standard_error":161259.9984549679},"slope":null,"std_dev":{"confidence_interval":{"confidence_level":0.95,"lower_bound":1073221.422163261,"upper_bound":1451178.765160655},"point_estimate":1270863.177309059,"standard_error":96624.40075711864}}