{"mean":{"confidence_interval":{"confidence_level":0.95,"lower_bound":337827172.71975,"upper_bound":338494183.27},"point_estimate":338141844.55,"standard_error":170994.43213825495},"median":{"confidence_interval":{"confidence_level":0.95,"lower_bound":337353616.0,"upper_bound":337412702.5},"point_estimate":337384706.0,"standard_error":20866.521757515253},"median_abs_dev":{"confidence_interval":{"confidence_level":0.95,"lower_bound":250221.3627576828,"upper_bound":740778.1116485596},"point_estimate":463862.5363647938,"standard_error":110478.30444899629},"slope":null,"std_dev":{"confidence_interval":{"confidence_level":0.95,"lower_bound":1239704.4747080775,"upper_bound":2127838.0881614685},"point_estimate":1707690.17599052,"standard_error":228565.8892629493}}