{"mean":{"confidence_interval":{"confidence_level":0.95,"lower_bound":-0.002515434088161042,"upper_bound":0.0025094775077140635},"point_estimate":0.00021413344638876453,"standard_error":0.0012750313424450337},"median":{"confidence_interval":{"confidence_level":0.95,"lower_bound":0.0017598908810414482,"upper_bound":0.002160974222235934},"point_estimate":0.0019272940430334895,"standard_error":0.00010625007583088815}}