{"mean":{"confidence_interval":{"confidence_level":0.95,"lower_bound":0.015122250508442564,"upper_bound":0.020696184546109168},"point_estimate":0.017868485323453864,"standard_error":0.0014195369778133458},"median":{"confidence_interval":{"confidence_level":0.95,"lower_bound":0.016417634446299782,"upper_bound":0.01918805643882632},"point_estimate":0.01782957634237614,"standard_error":0.000695144522604285}}