{"mean":{"confidence_interval":{"confidence_level":0.95,"lower_bound":2128269.0270104166,"upper_bound":2203135.7886145837},"point_estimate":2162025.713333333,"standard_error":19239.070241155514},"median":{"confidence_interval":{"confidence_level":0.95,"lower_bound":2095270.8333333333,"upper_bound":2099949.645833333},"point_estimate":2096701.375,"standard_error":1187.3485766788497},"median_abs_dev":{"confidence_interval":{"confidence_level":0.95,"lower_bound":6059.077217429819,"upper_bound":19278.926982730165},"point_estimate":9185.139261931123,"standard_error":3444.481347730048},"slope":null,"std_dev":{"confidence_interval":{"confidence_level":0.95,"lower_bound":92395.5153129663,"upper_bound":267768.3482816272},"point_estimate":193373.53032043006,"standard_error":43635.05077659413}}