{"mean":{"confidence_interval":{"confidence_level":0.95,"lower_bound":-0.030048014386388485,"upper_bound":0.005105206573583764},"point_estimate":-0.00891754713631765,"standard_error":0.009466281233913545},"median":{"confidence_interval":{"confidence_level":0.95,"lower_bound":0.0009157090353663584,"upper_bound":0.008926017568654077},"point_estimate":0.0037937572971258327,"standard_error":0.0020844780148916342}}