{"mean":{"confidence_interval":{"confidence_level":0.95,"lower_bound":-0.0013565136084475568,"upper_bound":0.0019470846871032731},"point_estimate":0.000402003530037609,"standard_error":0.0008513938945226844},"median":{"confidence_interval":{"confidence_level":0.95,"lower_bound":-0.00006643505312128298,"upper_bound":0.0004332416461778621},"point_estimate":0.0001720346544993312,"standard_error":0.0001241532920298527}}