{"mean":{"confidence_interval":{"confidence_level":0.95,"lower_bound":942183.6107648051,"upper_bound":944028.9369296281},"point_estimate":943075.8976130671,"standard_error":471.15184859522145},"median":{"confidence_interval":{"confidence_level":0.95,"lower_bound":941490.0210526315,"upper_bound":942644.8653846154},"point_estimate":942043.4875776398,"standard_error":304.13308213893873},"median_abs_dev":{"confidence_interval":{"confidence_level":0.95,"lower_bound":1624.9111537607582,"upper_bound":2940.2286906264085},"point_estimate":2176.9633115549655,"standard_error":336.8580502609904},"slope":{"confidence_interval":{"confidence_level":0.95,"lower_bound":941870.1874351219,"upper_bound":943712.8744963967},"point_estimate":942719.231697946,"standard_error":471.0727254118766},"std_dev":{"confidence_interval":{"confidence_level":0.95,"lower_bound":3522.489505053598,"upper_bound":5779.232306801507},"point_estimate":4734.010736675158,"standard_error":574.1576449462494}}