{"mean":{"confidence_interval":{"confidence_level":0.95,"lower_bound":66820186.611,"upper_bound":66989596.38325},"point_estimate":66899647.42,"standard_error":43457.7330095615},"median":{"confidence_interval":{"confidence_level":0.95,"lower_bound":66760119.5,"upper_bound":66859992.0},"point_estimate":66786343.0,"standard_error":27820.82283637365},"median_abs_dev":{"confidence_interval":{"confidence_level":0.95,"lower_bound":159978.35636481657,"upper_bound":284878.6197423935},"point_estimate":213164.5177155733,"standard_error":34316.51654399939},"slope":null,"std_dev":{"confidence_interval":{"confidence_level":0.95,"lower_bound":289219.2571568507,"upper_bound":575660.4796918203},"point_estimate":437670.4461951598,"standard_error":73496.90076044828}}