{"mean":{"confidence_interval":{"confidence_level":0.95,"lower_bound":66492321.32375,"upper_bound":66648425.649749994},"point_estimate":66566171.81,"standard_error":40015.121117957206},"median":{"confidence_interval":{"confidence_level":0.95,"lower_bound":66423049.0,"upper_bound":66553766.0},"point_estimate":66472277.5,"standard_error":28468.604124679863},"median_abs_dev":{"confidence_interval":{"confidence_level":0.95,"lower_bound":145365.22091925144,"upper_bound":266915.4384613037},"point_estimate":181815.6825721264,"standard_error":29936.530555827063},"slope":null,"std_dev":{"confidence_interval":{"confidence_level":0.95,"lower_bound":289863.48520810535,"upper_bound":498180.2288884926},"point_estimate":401748.94199119473,"standard_error":53460.08269783917}}