{"mean":{"confidence_interval":{"confidence_level":0.95,"lower_bound":27649.20492907386,"upper_bound":27732.031541751025},"point_estimate":27688.905092954672,"standard_error":21.177947494218113},"median":{"confidence_interval":{"confidence_level":0.95,"lower_bound":27628.3983983984,"upper_bound":27674.01093070069},"point_estimate":27660.22586872587,"standard_error":10.162155842723227},"median_abs_dev":{"confidence_interval":{"confidence_level":0.95,"lower_bound":53.768771595472046,"upper_bound":105.59782329024839},"point_estimate":75.80392985814332,"standard_error":13.136299158753936},"slope":{"confidence_interval":{"confidence_level":0.95,"lower_bound":27729.91481702817,"upper_bound":27895.143483461434},"point_estimate":27814.64624269607,"standard_error":42.17177063160563},"std_dev":{"confidence_interval":{"confidence_level":0.95,"lower_bound":158.43034383187666,"upper_bound":255.40267228836035},"point_estimate":212.36234096495429,"standard_error":24.776223729079895}}