{"mean":{"confidence_interval":{"confidence_level":0.95,"lower_bound":34772.302568407256,"upper_bound":34918.21744965763},"point_estimate":34843.64232306153,"standard_error":37.2917254178181},"median":{"confidence_interval":{"confidence_level":0.95,"lower_bound":34663.40906602975,"upper_bound":34817.11726704886},"point_estimate":34695.25330911836,"standard_error":39.343565671230685},"median_abs_dev":{"confidence_interval":{"confidence_level":0.95,"lower_bound":172.4364006799402,"upper_bound":403.5742873446327},"point_estimate":272.2484042916683,"standard_error":57.15752941400057},"slope":{"confidence_interval":{"confidence_level":0.95,"lower_bound":34719.048679228465,"upper_bound":34863.819031092884},"point_estimate":34786.863867857704,"standard_error":37.0993060940039},"std_dev":{"confidence_interval":{"confidence_level":0.95,"lower_bound":315.63732172831925,"upper_bound":423.8393412648777},"point_estimate":373.22673276941737,"standard_error":27.66990950860989}}