{"mean":{"confidence_interval":{"confidence_level":0.95,"lower_bound":5900912.344138889,"upper_bound":5927558.043111109},"point_estimate":5913025.874444443,"standard_error":6837.080553687957},"median":{"confidence_interval":{"confidence_level":0.95,"lower_bound":5898870.388888889,"upper_bound":5906398.111111111},"point_estimate":5903182.833333334,"standard_error":1593.95019026833},"median_abs_dev":{"confidence_interval":{"confidence_level":0.95,"lower_bound":9952.528889974077,"upper_bound":21624.793441916263},"point_estimate":14709.286172191609,"standard_error":3074.9063990981163},"slope":null,"std_dev":{"confidence_interval":{"confidence_level":0.95,"lower_bound":36126.534936728036,"upper_bound":95043.91406147524},"point_estimate":69013.31744976682,"standard_error":14861.33097743717}}