{"mean":{"confidence_interval":{"confidence_level":0.95,"lower_bound":0.01141689997153283,"upper_bound":0.016726489714359444},"point_estimate":0.014185270935605176,"standard_error":0.0013506544474104197},"median":{"confidence_interval":{"confidence_level":0.95,"lower_bound":0.01395173380449144,"upper_bound":0.016981162862869992},"point_estimate":0.015233150804345286,"standard_error":0.0007900241425184678}}