{"mean":{"confidence_interval":{"confidence_level":0.95,"lower_bound":0.012441408125191284,"upper_bound":0.03422923083171189},"point_estimate":0.022113062056974053,"standard_error":0.005411384520995639},"median":{"confidence_interval":{"confidence_level":0.95,"lower_bound":0.007452999352820067,"upper_bound":0.011298610536549125},"point_estimate":0.008815790971519633,"standard_error":0.0008930693842918589}}