{"mean":{"confidence_interval":{"confidence_level":0.95,"lower_bound":1.9063615411861419,"upper_bound":2.039319171159471},"point_estimate":1.9786321482375673,"standard_error":0.03405298708004059},"median":{"confidence_interval":{"confidence_level":0.95,"lower_bound":2.06270475418133,"upper_bound":2.10882241695886},"point_estimate":2.087581485125756,"standard_error":0.011000784848653775}}