{"mean":{"confidence_interval":{"confidence_level":0.95,"lower_bound":0.010721997038947124,"upper_bound":0.02108849949491767},"point_estimate":0.0158066986677301,"standard_error":0.0026576477640787403},"median":{"confidence_interval":{"confidence_level":0.95,"lower_bound":0.0026573904198161635,"upper_bound":0.00743645888765565},"point_estimate":0.005385530047800957,"standard_error":0.0012062070751432165}}