{"mean":{"confidence_interval":{"confidence_level":0.95,"lower_bound":-0.01475039442843725,"upper_bound":-0.011262054986377458},"point_estimate":-0.013121473986426269,"standard_error":0.0009015960076543009},"median":{"confidence_interval":{"confidence_level":0.95,"lower_bound":-0.01502710504802618,"upper_bound":-0.013090623631119236},"point_estimate":-0.014183493005448966,"standard_error":0.0004993025655005489}}