{"mean":{"confidence_interval":{"confidence_level":0.95,"lower_bound":0.005752070159231265,"upper_bound":0.014861739830574431},"point_estimate":0.010153694566330973,"standard_error":0.0023242508891236115},"median":{"confidence_interval":{"confidence_level":0.95,"lower_bound":0.0039073404008189705,"upper_bound":0.008810079724140163},"point_estimate":0.005414531247984966,"standard_error":0.0012074298149640046}}