{"mean":{"confidence_interval":{"confidence_level":0.95,"lower_bound":45941.11327309862,"upper_bound":46060.78323008705},"point_estimate":45998.90080494536,"standard_error":30.55116690618377},"median":{"confidence_interval":{"confidence_level":0.95,"lower_bound":45904.88770053476,"upper_bound":45963.74797812007},"point_estimate":45935.444311972184,"standard_error":15.912030860088022},"median_abs_dev":{"confidence_interval":{"confidence_level":0.95,"lower_bound":73.33936390486404,"upper_bound":136.44219909843082},"point_estimate":105.57419718432499,"standard_error":17.549741181845846},"slope":{"confidence_interval":{"confidence_level":0.95,"lower_bound":45952.714777130175,"upper_bound":46121.84562708515},"point_estimate":46029.58335733573,"standard_error":43.32769052759529},"std_dev":{"confidence_interval":{"confidence_level":0.95,"lower_bound":221.41793012153465,"upper_bound":383.89082029396957},"point_estimate":305.7106465063091,"standard_error":41.649815196552446}}