{"mean":{"confidence_interval":{"confidence_level":0.95,"lower_bound":35530.96848540851,"upper_bound":35640.414628095605},"point_estimate":35585.41177541227,"standard_error":27.885156978168364},"median":{"confidence_interval":{"confidence_level":0.95,"lower_bound":35360.4343224156,"upper_bound":35654.67318868656},"point_estimate":35395.713248638844,"standard_error":71.45829077529335},"median_abs_dev":{"confidence_interval":{"confidence_level":0.95,"lower_bound":58.0499056073309,"upper_bound":270.8937588776739},"point_estimate":110.05841167792815,"standard_error":58.22212377254112},"slope":{"confidence_interval":{"confidence_level":0.95,"lower_bound":35744.367594874,"upper_bound":35836.023782301556},"point_estimate":35795.84047176205,"standard_error":23.38072931345767},"std_dev":{"confidence_interval":{"confidence_level":0.95,"lower_bound":262.35542113671266,"upper_bound":289.08138917677763},"point_estimate":279.7369204752284,"standard_error":6.817599138933482}}