{"mean":{"confidence_interval":{"confidence_level":0.95,"lower_bound":9234103.914166668,"upper_bound":9578042.850916665},"point_estimate":9386607.284999998,"standard_error":88672.00591574534},"median":{"confidence_interval":{"confidence_level":0.95,"lower_bound":9123486.166666666,"upper_bound":9150479.166666666},"point_estimate":9135375.0,"standard_error":5842.669600829218},"median_abs_dev":{"confidence_interval":{"confidence_level":0.95,"lower_bound":34001.94779634476,"upper_bound":80235.34537553787},"point_estimate":48895.0351819396,"standard_error":11315.273587836398},"slope":null,"std_dev":{"confidence_interval":{"confidence_level":0.95,"lower_bound":380610.96155211434,"upper_bound":1306782.9288429623},"point_estimate":892301.2803771873,"standard_error":239616.9356295417}}