{"mean":{"confidence_interval":{"confidence_level":0.95,"lower_bound":46738.85961659079,"upper_bound":46781.091854545506},"point_estimate":46759.828227272774,"standard_error":10.784732031976713},"median":{"confidence_interval":{"confidence_level":0.95,"lower_bound":46307.90909090909,"upper_bound":46314.47727272728},"point_estimate":46311.045454545456,"standard_error":1.5960549715079173},"median_abs_dev":{"confidence_interval":{"confidence_level":0.95,"lower_bound":55.867062644522065,"upper_bound":64.4257079471223},"point_estimate":59.57356257871854,"standard_error":2.1163119839016407},"slope":null,"std_dev":{"confidence_interval":{"confidence_level":0.95,"lower_bound":733.2718984660356,"upper_bound":768.853610013935},"point_estimate":751.2130060806289,"standard_error":9.083605301068177}}