{"mean":{"confidence_interval":{"confidence_level":0.95,"lower_bound":43283.707406333655,"upper_bound":43370.42285123959},"point_estimate":43316.96009193793,"standard_error":23.227301044874864},"median":{"confidence_interval":{"confidence_level":0.95,"lower_bound":43252.05081001473,"upper_bound":43256.94734330948},"point_estimate":43254.12770550634,"standard_error":1.1159838890384024},"median_abs_dev":{"confidence_interval":{"confidence_level":0.95,"lower_bound":16.55086543034991,"upper_bound":27.281852094836683},"point_estimate":20.14400442975762,"standard_error":2.739694498418529},"slope":{"confidence_interval":{"confidence_level":0.95,"lower_bound":43279.096113423846,"upper_bound":43290.47660559738},"point_estimate":43284.56049615056,"standard_error":2.891230273361956},"std_dev":{"confidence_interval":{"confidence_level":0.95,"lower_bound":70.80336758039465,"upper_bound":864.7046803107153},"point_estimate":516.8883309071172,"standard_error":240.2578581840363}}