{"mean":{"confidence_interval":{"confidence_level":0.95,"lower_bound":1122290.3190599133,"upper_bound":1125928.806330414},"point_estimate":1123829.6157517745,"standard_error":942.7864809839386},"median":{"confidence_interval":{"confidence_level":0.95,"lower_bound":1120882.6277777776,"upper_bound":1123669.7073170731},"point_estimate":1121882.6626082251,"standard_error":591.4389294453408},"median_abs_dev":{"confidence_interval":{"confidence_level":0.95,"lower_bound":3883.496847781739,"upper_bound":5775.365541952137},"point_estimate":5347.359680552107,"standard_error":517.4757946680085},"slope":{"confidence_interval":{"confidence_level":0.95,"lower_bound":1122981.4359912192,"upper_bound":1127833.1331122108},"point_estimate":1124961.653075218,"standard_error":1268.9754423323336},"std_dev":{"confidence_interval":{"confidence_level":0.95,"lower_bound":4004.128400037328,"upper_bound":14877.393377231909},"point_estimate":9482.65493576071,"standard_error":3349.636490258742}}