{"mean":{"confidence_interval":{"confidence_level":0.95,"lower_bound":1422.3617686083878,"upper_bound":1424.7195331431153},"point_estimate":1423.5568333123697,"standard_error":0.6011029838284657},"median":{"confidence_interval":{"confidence_level":0.95,"lower_bound":1422.8497733543556,"upper_bound":1424.6568446088795},"point_estimate":1424.0366405437262,"standard_error":0.45829892177177},"median_abs_dev":{"confidence_interval":{"confidence_level":0.95,"lower_bound":2.607538672019859,"upper_bound":5.768800572552615},"point_estimate":3.430599104582604,"standard_error":0.7909063759045178},"slope":{"confidence_interval":{"confidence_level":0.95,"lower_bound":1425.7565317182978,"upper_bound":1428.5664207674029},"point_estimate":1427.1580079283526,"standard_error":0.7169010362028684},"std_dev":{"confidence_interval":{"confidence_level":0.95,"lower_bound":4.560588647244329,"upper_bound":7.458524021993591},"point_estimate":6.021418209046221,"standard_error":0.7467306431859441}}