{"mean":{"confidence_interval":{"confidence_level":0.95,"lower_bound":907334.5903409091,"upper_bound":908895.8801727276},"point_estimate":908102.556909091,"standard_error":399.7645823909706},"median":{"confidence_interval":{"confidence_level":0.95,"lower_bound":902940.9545454546,"upper_bound":903787.1363636364},"point_estimate":903228.4090909091,"standard_error":228.60674850271906},"median_abs_dev":{"confidence_interval":{"confidence_level":0.95,"lower_bound":2188.9914702286046,"upper_bound":3595.170154354742},"point_estimate":2712.6862154764776,"standard_error":365.4941886458603},"slope":null,"std_dev":{"confidence_interval":{"confidence_level":0.95,"lower_bound":8000.156956253111,"upper_bound":10045.880899666841},"point_estimate":9011.3744127531,"standard_error":520.7994197774466}}