{"mean":{"confidence_interval":{"confidence_level":0.95,"lower_bound":906087.9647272729,"upper_bound":907408.0269090903},"point_estimate":906735.3783636363,"standard_error":336.3382285441673},"median":{"confidence_interval":{"confidence_level":0.95,"lower_bound":903150.9090909091,"upper_bound":903435.2727272727},"point_estimate":903301.4090909091,"standard_error":80.24102072636116},"median_abs_dev":{"confidence_interval":{"confidence_level":0.95,"lower_bound":1296.8706315214297,"upper_bound":1745.4278840125096},"point_estimate":1532.132290981072,"standard_error":109.79124914499789},"slope":null,"std_dev":{"confidence_interval":{"confidence_level":0.95,"lower_bound":6568.670588674721,"upper_bound":8538.955819499328},"point_estimate":7539.793818723582,"standard_error":502.8225490284572}}