{"mean":{"confidence_interval":{"confidence_level":0.95,"lower_bound":11687398.819400001,"upper_bound":11755030.409999998},"point_estimate":11718004.91,"standard_error":17387.070424920206},"median":{"confidence_interval":{"confidence_level":0.95,"lower_bound":11664258.4,"upper_bound":11699441.6},"point_estimate":11672308.4,"standard_error":7053.891667273398},"median_abs_dev":{"confidence_interval":{"confidence_level":0.95,"lower_bound":47591.310895084505,"upper_bound":79795.16144335536},"point_estimate":59921.7983561757,"standard_error":7870.282049208542},"slope":null,"std_dev":{"confidence_interval":{"confidence_level":0.95,"lower_bound":83140.84359486212,"upper_bound":242818.53837501357},"point_estimate":174833.64336090008,"standard_error":39822.66981925705}}