{"mean":{"confidence_interval":{"confidence_level":0.95,"lower_bound":0.019111655321491595,"upper_bound":0.024718379279855197},"point_estimate":0.022066380556763132,"standard_error":0.0014442266854146216},"median":{"confidence_interval":{"confidence_level":0.95,"lower_bound":0.016020328928917804,"upper_bound":0.030136784253496307},"point_estimate":0.02565040553419573,"standard_error":0.0032335916048374888}}