{"mean":{"confidence_interval":{"confidence_level":0.95,"lower_bound":45480.80380179872,"upper_bound":45694.04212909687},"point_estimate":45585.92883182952,"standard_error":54.19063232551124},"median":{"confidence_interval":{"confidence_level":0.95,"lower_bound":45518.39191919192,"upper_bound":45713.90556635878},"point_estimate":45607.098210612916,"standard_error":49.441351595895995},"median_abs_dev":{"confidence_interval":{"confidence_level":0.95,"lower_bound":229.37961074113832,"upper_bound":400.55983100052924},"point_estimate":328.17920744430285,"standard_error":42.86871149184488},"slope":{"confidence_interval":{"confidence_level":0.95,"lower_bound":45224.02506036574,"upper_bound":45499.76577002297},"point_estimate":45350.35915727394,"standard_error":70.22758836307744},"std_dev":{"confidence_interval":{"confidence_level":0.95,"lower_bound":405.98753115769256,"upper_bound":666.9382139085162},"point_estimate":543.3226785750153,"standard_error":66.81867091093493}}