{"mean":{"confidence_interval":{"confidence_level":0.95,"lower_bound":178925.1021583329,"upper_bound":178994.07327666724},"point_estimate":178959.7674666665,"standard_error":17.51630586163471},"median":{"confidence_interval":{"confidence_level":0.95,"lower_bound":179094.5,"upper_bound":179109.08333333334},"point_estimate":179101.0833333333,"standard_error":3.896391264578308},"median_abs_dev":{"confidence_interval":{"confidence_level":0.95,"lower_bound":202.74554640052546,"upper_bound":217.57154613733292},"point_estimate":210.03499627111904,"standard_error":3.7932164914363753},"slope":null,"std_dev":{"confidence_interval":{"confidence_level":0.95,"lower_bound":1173.6001420070531,"upper_bound":1308.2171758927698},"point_estimate":1241.0630289280873,"standard_error":34.41613727546276}}