{"mean":{"confidence_interval":{"confidence_level":0.95,"lower_bound":-0.026815758698736418,"upper_bound":-0.02173236413371778},"point_estimate":-0.023919453785111622,"standard_error":0.001300968186970987},"median":{"confidence_interval":{"confidence_level":0.95,"lower_bound":-0.023446684090244085,"upper_bound":-0.022314186728449648},"point_estimate":-0.022836862480606124,"standard_error":0.0002746508901414874}}