{"mean":{"confidence_interval":{"confidence_level":0.95,"lower_bound":0.0008518808426645598,"upper_bound":0.016074864005748417},"point_estimate":0.009521016480032118,"standard_error":0.0038801011358858546},"median":{"confidence_interval":{"confidence_level":0.95,"lower_bound":0.012405746898795478,"upper_bound":0.014206531688177426},"point_estimate":0.013352993344475816,"standard_error":0.0004025186083838842}}