{"mean":{"confidence_interval":{"confidence_level":0.95,"lower_bound":48053.92644403442,"upper_bound":48254.16781990167},"point_estimate":48148.91725279541,"standard_error":51.292503317121415},"median":{"confidence_interval":{"confidence_level":0.95,"lower_bound":47935.73234811166,"upper_bound":48075.86693610028},"point_estimate":48009.344122501374,"standard_error":37.88169820635248},"median_abs_dev":{"confidence_interval":{"confidence_level":0.95,"lower_bound":191.45023678579966,"upper_bound":379.7931817841147},"point_estimate":267.87207608628484,"standard_error":50.39749876940649},"slope":{"confidence_interval":{"confidence_level":0.95,"lower_bound":47942.43343972827,"upper_bound":48053.52650804588},"point_estimate":47994.96648483185,"standard_error":28.40145936691994},"std_dev":{"confidence_interval":{"confidence_level":0.95,"lower_bound":374.79610064544056,"upper_bound":630.3421628499002},"point_estimate":517.2017649942366,"standard_error":65.28432533907376}}