{"mean":{"confidence_interval":{"confidence_level":0.95,"lower_bound":-0.004702905962020029,"upper_bound":0.0005304089856934447},"point_estimate":-0.0021882474700245513,"standard_error":0.0013379623520302648},"median":{"confidence_interval":{"confidence_level":0.95,"lower_bound":-0.006502268904772901,"upper_bound":-0.00288125244663362},"point_estimate":-0.004482633401065139,"standard_error":0.0010144692950333982}}