{"mean":{"confidence_interval":{"confidence_level":0.95,"lower_bound":-0.014009921018937194,"upper_bound":-0.0018095120869329826},"point_estimate":-0.006796806165452862,"standard_error":0.003170905836737823},"median":{"confidence_interval":{"confidence_level":0.95,"lower_bound":-0.00344590871652406,"upper_bound":-0.001772314225782945},"point_estimate":-0.0025357243067729573,"standard_error":0.00039469249491559574}}