{"mean":{"confidence_interval":{"confidence_level":0.95,"lower_bound":28866.922615048305,"upper_bound":28947.885436597026},"point_estimate":28906.773908448187,"standard_error":20.762759911792628},"median":{"confidence_interval":{"confidence_level":0.95,"lower_bound":28759.088163265307,"upper_bound":28952.72608695652},"point_estimate":28781.911607142858,"standard_error":45.388573755575734},"median_abs_dev":{"confidence_interval":{"confidence_level":0.95,"lower_bound":81.02189169218859,"upper_bound":302.4695505904916},"point_estimate":154.55152886330612,"standard_error":56.08621129207798},"slope":{"confidence_interval":{"confidence_level":0.95,"lower_bound":28983.60740598194,"upper_bound":29072.51453706707},"point_estimate":29032.25953209905,"standard_error":22.74503395782513},"std_dev":{"confidence_interval":{"confidence_level":0.95,"lower_bound":189.20339806645867,"upper_bound":223.55172420319363},"point_estimate":208.06625793038927,"standard_error":8.710910280876428}}