{"mean":{"confidence_interval":{"confidence_level":0.95,"lower_bound":47896.73092209813,"upper_bound":48055.17943863126},"point_estimate":47974.00148254635,"standard_error":40.6045951681401},"median":{"confidence_interval":{"confidence_level":0.95,"lower_bound":47834.104666877836,"upper_bound":47889.21364221364},"point_estimate":47864.1724137931,"standard_error":14.231929333958444},"median_abs_dev":{"confidence_interval":{"confidence_level":0.95,"lower_bound":86.68101518162393,"upper_bound":228.17042089050642},"point_estimate":137.90282887608123,"standard_error":36.5891039095284},"slope":{"confidence_interval":{"confidence_level":0.95,"lower_bound":47958.54281695173,"upper_bound":48162.16810581807},"point_estimate":48053.60921742068,"standard_error":52.08996039840225},"std_dev":{"confidence_interval":{"confidence_level":0.95,"lower_bound":296.9003065191846,"upper_bound":507.74391410166066},"point_estimate":405.79479637876534,"standard_error":54.38635275078079}}