{"mean":{"confidence_interval":{"confidence_level":0.95,"lower_bound":35159.24083646896,"upper_bound":35218.1201473628},"point_estimate":35186.98811945224,"standard_error":15.003009377592901},"median":{"confidence_interval":{"confidence_level":0.95,"lower_bound":35136.220528197984,"upper_bound":35235.34008528785},"point_estimate":35168.66056547619,"standard_error":25.149263107856463},"median_abs_dev":{"confidence_interval":{"confidence_level":0.95,"lower_bound":89.42322183792453,"upper_bound":139.66639556770878},"point_estimate":118.60536017574033,"standard_error":12.390643451128708},"slope":{"confidence_interval":{"confidence_level":0.95,"lower_bound":35216.83159899386,"upper_bound":35254.7478883558},"point_estimate":35235.202632628934,"standard_error":9.608755559324091},"std_dev":{"confidence_interval":{"confidence_level":0.95,"lower_bound":101.07902545950925,"upper_bound":202.9689824271742},"point_estimate":150.9151056586911,"standard_error":27.093129009170074}}