{"mean":{"confidence_interval":{"confidence_level":0.95,"lower_bound":31.878527389898366,"upper_bound":31.97289942617458},"point_estimate":31.924207565550248,"standard_error":0.024034801304625795},"median":{"confidence_interval":{"confidence_level":0.95,"lower_bound":31.84438246435954,"upper_bound":31.939792193732522},"point_estimate":31.885918847166003,"standard_error":0.02228081876959836},"median_abs_dev":{"confidence_interval":{"confidence_level":0.95,"lower_bound":0.13914661750506988,"upper_bound":0.2391382470429412},"point_estimate":0.17956239370578517,"standard_error":0.025598365686698984},"slope":{"confidence_interval":{"confidence_level":0.95,"lower_bound":31.89663656702349,"upper_bound":31.997046757735713},"point_estimate":31.94771054676347,"standard_error":0.025636906168259123},"std_dev":{"confidence_interval":{"confidence_level":0.95,"lower_bound":0.1806467492517474,"upper_bound":0.2993883437885824},"point_estimate":0.24064449252933967,"standard_error":0.030525729186245413}}