{"mean":{"confidence_interval":{"confidence_level":0.95,"lower_bound":33.06308803224539,"upper_bound":33.329120403160964},"point_estimate":33.184538221450566,"standard_error":0.06856405979321473},"median":{"confidence_interval":{"confidence_level":0.95,"lower_bound":32.88412249444473,"upper_bound":33.455641939315406},"point_estimate":32.98903431440604,"standard_error":0.14518380103563377},"median_abs_dev":{"confidence_interval":{"confidence_level":0.95,"lower_bound":0.3562976944130857,"upper_bound":0.7349718015774821},"point_estimate":0.5944646141104585,"standard_error":0.0950602354494849},"slope":{"confidence_interval":{"confidence_level":0.95,"lower_bound":33.38198647495282,"upper_bound":33.91523835104892},"point_estimate":33.61886372992201,"standard_error":0.13878725654279137},"std_dev":{"confidence_interval":{"confidence_level":0.95,"lower_bound":0.43954540023752214,"upper_bound":0.9489454181120424},"point_estimate":0.6950700740752981,"standard_error":0.1373581677805468}}