{"mean":{"confidence_interval":{"confidence_level":0.95,"lower_bound":33146.294337577594,"upper_bound":35173.34000719713},"point_estimate":34079.86855917683,"standard_error":514.5812054808217},"median":{"confidence_interval":{"confidence_level":0.95,"lower_bound":32321.219086021505,"upper_bound":32461.64929693962},"point_estimate":32374.02815249267,"standard_error":33.72718514728464},"median_abs_dev":{"confidence_interval":{"confidence_level":0.95,"lower_bound":198.8302463706167,"upper_bound":387.89477312485855},"point_estimate":271.43269897757295,"standard_error":49.79149275498094},"slope":{"confidence_interval":{"confidence_level":0.95,"lower_bound":33031.679282910234,"upper_bound":34836.79941933378},"point_estimate":33829.01706984083,"standard_error":462.5933872696621},"std_dev":{"confidence_interval":{"confidence_level":0.95,"lower_bound":3427.018032689251,"upper_bound":6487.656644218549},"point_estimate":5146.617278177113,"standard_error":777.0119884850393}}