{"mean":{"confidence_interval":{"confidence_level":0.95,"lower_bound":34750.90308488193,"upper_bound":34879.552951515856},"point_estimate":34813.8208729949,"standard_error":33.26168963087083},"median":{"confidence_interval":{"confidence_level":0.95,"lower_bound":34703.26346982759,"upper_bound":34759.16450754799},"point_estimate":34740.82301005747,"standard_error":14.351168142236158},"median_abs_dev":{"confidence_interval":{"confidence_level":0.95,"lower_bound":140.82253625784656,"upper_bound":237.86008668998986},"point_estimate":195.4265900922692,"standard_error":25.16099446360193},"slope":{"confidence_interval":{"confidence_level":0.95,"lower_bound":34705.74710482274,"upper_bound":34822.21738012429},"point_estimate":34759.03853895426,"standard_error":29.70990543474151},"std_dev":{"confidence_interval":{"confidence_level":0.95,"lower_bound":263.28456281687215,"upper_bound":392.4178887292782},"point_estimate":332.7490961555691,"standard_error":33.11799203155064}}