{"mean":{"confidence_interval":{"confidence_level":0.95,"lower_bound":-0.025362431372305445,"upper_bound":-0.01923039495784277},"point_estimate":-0.02219280626528297,"standard_error":0.0015599546601694776},"median":{"confidence_interval":{"confidence_level":0.95,"lower_bound":-0.02304461748080662,"upper_bound":-0.016908393754826223},"point_estimate":-0.018582159981675894,"standard_error":0.0016247961307420912}}