{"mean":{"confidence_interval":{"confidence_level":0.95,"lower_bound":-0.007980824703822944,"upper_bound":-0.0005568330461717556},"point_estimate":-0.003890277082244875,"standard_error":0.0019111177636032244},"median":{"confidence_interval":{"confidence_level":0.95,"lower_bound":-0.0010204270080633737,"upper_bound":-0.00037696867661130007},"point_estimate":-0.0006588450415797587,"standard_error":0.0001651802847169788}}