{"mean":{"confidence_interval":{"confidence_level":0.95,"lower_bound":35667.113436140455,"upper_bound":35818.14600115942},"point_estimate":35729.540388690526,"standard_error":39.469235180905024},"median":{"confidence_interval":{"confidence_level":0.95,"lower_bound":35637.31207482993,"upper_bound":35656.93539325843},"point_estimate":35643.70857238478,"standard_error":5.64417673381452},"median_abs_dev":{"confidence_interval":{"confidence_level":0.95,"lower_bound":23.384432673078535,"upper_bound":48.264147736339154},"point_estimate":33.007902808822,"standard_error":6.725113761572175},"slope":{"confidence_interval":{"confidence_level":0.95,"lower_bound":35656.162825186686,"upper_bound":35935.003647593534},"point_estimate":35753.22942610146,"standard_error":79.27295844307173},"std_dev":{"confidence_interval":{"confidence_level":0.95,"lower_bound":138.12427095114873,"upper_bound":634.2835579473273},"point_estimate":396.8697105324244,"standard_error":152.28529339403855}}