{"mean":{"confidence_interval":{"confidence_level":0.95,"lower_bound":34531.915124360945,"upper_bound":34669.7145609075},"point_estimate":34598.05296613387,"standard_error":35.341629364151004},"median":{"confidence_interval":{"confidence_level":0.95,"lower_bound":34482.20551724138,"upper_bound":34527.03202892935},"point_estimate":34510.832717569785,"standard_error":10.25307353805875},"median_abs_dev":{"confidence_interval":{"confidence_level":0.95,"lower_bound":91.49316880460592,"upper_bound":214.49516493499684},"point_estimate":142.1009470788656,"standard_error":33.55189155924884},"slope":{"confidence_interval":{"confidence_level":0.95,"lower_bound":34540.79373733686,"upper_bound":34726.680181012955},"point_estimate":34624.64046187635,"standard_error":47.91110658213386},"std_dev":{"confidence_interval":{"confidence_level":0.95,"lower_bound":268.7843311563873,"upper_bound":430.89891536394936},"point_estimate":355.07673515081916,"standard_error":41.53086867708945}}