{"mean":{"confidence_interval":{"confidence_level":0.95,"lower_bound":-0.04851405218489867,"upper_bound":-0.03903575863345432},"point_estimate":-0.043911850109188966,"standard_error":0.002407999439489309},"median":{"confidence_interval":{"confidence_level":0.95,"lower_bound":-0.05156285184926214,"upper_bound":-0.04749274535935133},"point_estimate":-0.050018967869721265,"standard_error":0.0010025973188515286}}