{"mean":{"confidence_interval":{"confidence_level":0.95,"lower_bound":0.06014843833174685,"upper_bound":0.06833129677293452},"point_estimate":0.06454096688157929,"standard_error":0.0020934977282601385},"median":{"confidence_interval":{"confidence_level":0.95,"lower_bound":0.06810020681123641,"upper_bound":0.06923391036869239},"point_estimate":0.06873285041176636,"standard_error":0.00029587677845947097}}