{"mean":{"confidence_interval":{"confidence_level":0.95,"lower_bound":266794.84371799463,"upper_bound":267783.743885196},"point_estimate":267276.1938098507,"standard_error":252.72327775308204},"median":{"confidence_interval":{"confidence_level":0.95,"lower_bound":265936.0588235294,"upper_bound":267220.2603965184},"point_estimate":266637.7594812821,"standard_error":301.9559234879528},"median_abs_dev":{"confidence_interval":{"confidence_level":0.95,"lower_bound":950.7108684245529,"upper_bound":2045.9125158033582},"point_estimate":1295.8377812939984,"standard_error":317.564638074115},"slope":{"confidence_interval":{"confidence_level":0.95,"lower_bound":265804.0151019051,"upper_bound":267269.9962651094},"point_estimate":266498.97427959216,"standard_error":373.72520584751464},"std_dev":{"confidence_interval":{"confidence_level":0.95,"lower_bound":2049.3987680371856,"upper_bound":2996.24854686019},"point_estimate":2543.0853423138756,"standard_error":241.1831403927327}}