{"mean":{"confidence_interval":{"confidence_level":0.95,"lower_bound":154184.7068476922,"upper_bound":154224.24353846154},"point_estimate":154204.0712923078,"standard_error":10.062682520032094},"median":{"confidence_interval":{"confidence_level":0.95,"lower_bound":154095.0153846154,"upper_bound":154108.21538461538},"point_estimate":154100.23846153845,"standard_error":3.4543209962211403},"median_abs_dev":{"confidence_interval":{"confidence_level":0.95,"lower_bound":64.43607577909795,"upper_bound":87.34794768004578},"point_estimate":74.84848944040479,"standard_error":5.798802944054255},"slope":null,"std_dev":{"confidence_interval":{"confidence_level":0.95,"lower_bound":202.35839907545693,"upper_bound":246.72204153075},"point_estimate":225.00796336481065,"standard_error":11.318420489145597}}