{"mean":{"confidence_interval":{"confidence_level":0.95,"lower_bound":201640879.93,"upper_bound":201926875.30525},"point_estimate":201778788.5,"standard_error":73146.82515446712},"median":{"confidence_interval":{"confidence_level":0.95,"lower_bound":201480517.0,"upper_bound":201668490.5},"point_estimate":201605550.5,"standard_error":46436.788482989796},"median_abs_dev":{"confidence_interval":{"confidence_level":0.95,"lower_bound":286608.8139116764,"upper_bound":517503.0034124851},"point_estimate":401196.0006773472,"standard_error":58822.901135168715},"slope":null,"std_dev":{"confidence_interval":{"confidence_level":0.95,"lower_bound":568458.4567109706,"upper_bound":876528.9066561605},"point_estimate":736091.2679504759,"standard_error":78770.70573858365}}