{"mean":{"confidence_interval":{"confidence_level":0.95,"lower_bound":196732884.61325,"upper_bound":196992039.244},"point_estimate":196855930.24,"standard_error":66353.12702487182},"median":{"confidence_interval":{"confidence_level":0.95,"lower_bound":196541554.5,"upper_bound":196583070.0},"point_estimate":196562022.5,"standard_error":12643.825457645547},"median_abs_dev":{"confidence_interval":{"confidence_level":0.95,"lower_bound":65432.047950849024,"upper_bound":149491.29664599895},"point_estimate":106252.00971364975,"standard_error":19050.416836555298},"slope":null,"std_dev":{"confidence_interval":{"confidence_level":0.95,"lower_bound":497434.0885689231,"upper_bound":815439.578032306},"point_estimate":667937.813115788,"standard_error":81217.80652693343}}