{"mean":{"confidence_interval":{"confidence_level":0.95,"lower_bound":-0.007575897660666829,"upper_bound":0.004469693343469517},"point_estimate":-0.0020289014695294982,"standard_error":0.003053489621366182},"median":{"confidence_interval":{"confidence_level":0.95,"lower_bound":-0.009052478306810219,"upper_bound":-0.002898769627167397},"point_estimate":-0.005379810142909225,"standard_error":0.001784240264223655}}