{"mean":{"confidence_interval":{"confidence_level":0.95,"lower_bound":0.005760808851894889,"upper_bound":0.01012064923414702},"point_estimate":0.007901937398532066,"standard_error":0.0011022845924970155},"median":{"confidence_interval":{"confidence_level":0.95,"lower_bound":0.005486570687042613,"upper_bound":0.007243569522947135},"point_estimate":0.006238961390230502,"standard_error":0.0004368299867431582}}