{"mean":{"confidence_interval":{"confidence_level":0.95,"lower_bound":2253772.480771739,"upper_bound":2263887.616902174},"point_estimate":2257986.7726086956,"standard_error":2637.4420978887324},"median":{"confidence_interval":{"confidence_level":0.95,"lower_bound":2253262.695652174,"upper_bound":2257885.8695652173},"point_estimate":2256257.2391304346,"standard_error":1033.1706422973193},"median_abs_dev":{"confidence_interval":{"confidence_level":0.95,"lower_bound":6991.361328051988,"upper_bound":12457.095052755278},"point_estimate":9700.007019094874,"standard_error":1335.9438464252999},"slope":null,"std_dev":{"confidence_interval":{"confidence_level":0.95,"lower_bound":7714.409778421657,"upper_bound":41802.75637530859},"point_estimate":26368.368360682012,"standard_error":9582.349776216806}}