{"mean":{"confidence_interval":{"confidence_level":0.95,"lower_bound":-0.001838658966162387,"upper_bound":0.0054811379472387445},"point_estimate":0.002049956396352748,"standard_error":0.00185843320390198},"median":{"confidence_interval":{"confidence_level":0.95,"lower_bound":-0.0023140320627842775,"upper_bound":0.0004969415449660453},"point_estimate":-0.0006086235083816449,"standard_error":0.0007201901390406903}}