{"mean":{"confidence_interval":{"confidence_level":0.95,"lower_bound":873118.9592875009,"upper_bound":873645.8416666669},"point_estimate":873376.8401666663,"standard_error":134.41023993811407},"median":{"confidence_interval":{"confidence_level":0.95,"lower_bound":874046.5,"upper_bound":874406.9166666667},"point_estimate":874225.0833333334,"standard_error":83.73387946900485},"median_abs_dev":{"confidence_interval":{"confidence_level":0.95,"lower_bound":1587.2468218207935,"upper_bound":2197.0293803700138},"point_estimate":1895.1334163547426,"standard_error":158.26621250985303},"slope":null,"std_dev":{"confidence_interval":{"confidence_level":0.95,"lower_bound":2526.822081771109,"upper_bound":3667.417600094147},"point_estimate":3003.7350294673884,"standard_error":314.1440164834256}}