{"mean":{"confidence_interval":{"confidence_level":0.95,"lower_bound":-0.010992190297768857,"upper_bound":-0.000939873699322179},"point_estimate":-0.006732375267228363,"standard_error":0.002491410383317322},"median":{"confidence_interval":{"confidence_level":0.95,"lower_bound":-0.011089100229880744,"upper_bound":-0.00831857657147883},"point_estimate":-0.009947254309437104,"standard_error":0.0007433566809351445}}