{"mean":{"confidence_interval":{"confidence_level":0.95,"lower_bound":63224.62726726744,"upper_bound":63472.12402928365},"point_estimate":63349.10249136567,"standard_error":62.807291387061},"median":{"confidence_interval":{"confidence_level":0.95,"lower_bound":63196.99635468594,"upper_bound":63395.254166666666},"point_estimate":63274.94157067248,"standard_error":52.058607699139344},"median_abs_dev":{"confidence_interval":{"confidence_level":0.95,"lower_bound":266.57451001822756,"upper_bound":429.4332876426495},"point_estimate":343.7372572575841,"standard_error":41.90065971005451},"slope":{"confidence_interval":{"confidence_level":0.95,"lower_bound":63098.271189556406,"upper_bound":63216.580618421765},"point_estimate":63150.197771353625,"standard_error":30.314639525922257},"std_dev":{"confidence_interval":{"confidence_level":0.95,"lower_bound":361.35188309705154,"upper_bound":871.6852268051064},"point_estimate":629.9192135439972,"standard_error":131.1895118603521}}