{"mean":{"confidence_interval":{"confidence_level":0.95,"lower_bound":0.053678506886786666,"upper_bound":0.05724965125345693},"point_estimate":0.05554019900433382,"standard_error":0.0009065956307752107},"median":{"confidence_interval":{"confidence_level":0.95,"lower_bound":0.0528671971690358,"upper_bound":0.057911323002158364},"point_estimate":0.0559573602588157,"standard_error":0.001328821044761873}}