{"mean":{"confidence_interval":{"confidence_level":0.95,"lower_bound":925835.0895581796,"upper_bound":931724.0142728274},"point_estimate":928461.9031389789,"standard_error":1514.7751711757792},"median":{"confidence_interval":{"confidence_level":0.95,"lower_bound":924352.1030405406,"upper_bound":925224.2647058824},"point_estimate":924899.8678571428,"standard_error":247.85472714727757},"median_abs_dev":{"confidence_interval":{"confidence_level":0.95,"lower_bound":1564.485397165945,"upper_bound":3734.021424443578},"point_estimate":2488.0516208281774,"standard_error":526.7675904426102},"slope":{"confidence_interval":{"confidence_level":0.95,"lower_bound":924924.4053419976,"upper_bound":935388.1976770484},"point_estimate":929278.3917378454,"standard_error":2708.761358250225},"std_dev":{"confidence_interval":{"confidence_level":0.95,"lower_bound":7288.732793732753,"upper_bound":22114.462410799264},"point_estimate":15228.367637064037,"standard_error":3864.6878474406344}}