{"mean":{"confidence_interval":{"confidence_level":0.95,"lower_bound":-0.008539152402452413,"upper_bound":-0.0015494427314750564},"point_estimate":-0.00483944281513049,"standard_error":0.0017814184285062668},"median":{"confidence_interval":{"confidence_level":0.95,"lower_bound":-0.004362614841933454,"upper_bound":-0.0006865252290101376},"point_estimate":-0.0013864449170645221,"standard_error":0.0010324526367310133}}