{"mean":{"confidence_interval":{"confidence_level":0.95,"lower_bound":0.04216383063556383,"upper_bound":0.06990226550483403},"point_estimate":0.05396866266269473,"standard_error":0.007182139434135734},"median":{"confidence_interval":{"confidence_level":0.95,"lower_bound":0.0228756415120126,"upper_bound":0.04821723848152093},"point_estimate":0.0339887829533172,"standard_error":0.005832859359672942}}