{"mean":{"confidence_interval":{"confidence_level":0.95,"lower_bound":-0.0007539725920729934,"upper_bound":0.002424809173118929},"point_estimate":0.0007545741931624939,"standard_error":0.0008122006541001099},"median":{"confidence_interval":{"confidence_level":0.95,"lower_bound":-0.00012969545422314432,"upper_bound":0.0004823747053896543},"point_estimate":0.0001742242601030508,"standard_error":0.0001623965930431004}}