{"mean":{"confidence_interval":{"confidence_level":0.95,"lower_bound":-0.015328349752441192,"upper_bound":-0.009245374784501248},"point_estimate":-0.012149752059259722,"standard_error":0.0015568285912976468},"median":{"confidence_interval":{"confidence_level":0.95,"lower_bound":-0.014390148110317025,"upper_bound":-0.008928768002707144},"point_estimate":-0.010296692479207059,"standard_error":0.0013663931060217116}}