{"mean":{"confidence_interval":{"confidence_level":0.95,"lower_bound":-0.01965468474382729,"upper_bound":-0.012008354042329882},"point_estimate":-0.015721927331696084,"standard_error":0.0019432654581362778},"median":{"confidence_interval":{"confidence_level":0.95,"lower_bound":-0.016797321667593512,"upper_bound":-0.014153541030688572},"point_estimate":-0.015469665688743972,"standard_error":0.0007098158820147262}}