{"mean":{"confidence_interval":{"confidence_level":0.95,"lower_bound":-0.0022542941344856873,"upper_bound":0.0036252269480199963},"point_estimate":0.0006071321946807817,"standard_error":0.0014845823004732844},"median":{"confidence_interval":{"confidence_level":0.95,"lower_bound":-0.0009886475690056296,"upper_bound":0.00040058847266544184},"point_estimate":-0.0002548157290317432,"standard_error":0.0003591058923240632}}