{"mean":{"confidence_interval":{"confidence_level":0.95,"lower_bound":-0.9306802844400902,"upper_bound":-0.9283177742561282},"point_estimate":-0.9294331123494426,"standard_error":0.0006036222966501305},"median":{"confidence_interval":{"confidence_level":0.95,"lower_bound":-0.9275919040491261,"upper_bound":-0.9270984019570064},"point_estimate":-0.9273340622128092,"standard_error":0.00011681158807045087}}