{"mean":{"confidence_interval":{"confidence_level":0.95,"lower_bound":-0.0061414097722356465,"upper_bound":0.00165660282637647},"point_estimate":-0.0019481981700415485,"standard_error":0.0020015289456279143},"median":{"confidence_interval":{"confidence_level":0.95,"lower_bound":0.001682665743330869,"upper_bound":0.0025037880960232517},"point_estimate":0.002057912717690291,"standard_error":0.00021628050184471317}}