{"mean":{"confidence_interval":{"confidence_level":0.95,"lower_bound":0.005476827662272122,"upper_bound":0.013143260840207234},"point_estimate":0.00909335916110976,"standard_error":0.0019432382695826304},"median":{"confidence_interval":{"confidence_level":0.95,"lower_bound":0.005045965011801101,"upper_bound":0.008251764442974707},"point_estimate":0.006308796203057909,"standard_error":0.0008609843057721101}}