{"mean":{"confidence_interval":{"confidence_level":0.95,"lower_bound":-0.010333288969936428,"upper_bound":-0.0012079054134578},"point_estimate":-0.005713058868684562,"standard_error":0.0023385082981571387},"median":{"confidence_interval":{"confidence_level":0.95,"lower_bound":-0.011589812745588679,"upper_bound":-0.006641901686545104},"point_estimate":-0.008667851142557859,"standard_error":0.0012094441513540947}}