{"mean":{"confidence_interval":{"confidence_level":0.95,"lower_bound":1097.1478633151921,"upper_bound":1099.869779570533},"point_estimate":1098.4308932160943,"standard_error":0.6995447340895997},"median":{"confidence_interval":{"confidence_level":0.95,"lower_bound":1095.8189620535713,"upper_bound":1097.2222726004463},"point_estimate":1096.3005166126986,"standard_error":0.3789160273051124},"median_abs_dev":{"confidence_interval":{"confidence_level":0.95,"lower_bound":1.8005594555496875,"upper_bound":3.3336507282961176},"point_estimate":2.8538803829711163,"standard_error":0.3648964884219695},"slope":{"confidence_interval":{"confidence_level":0.95,"lower_bound":1097.6656905881273,"upper_bound":1102.206653674531},"point_estimate":1099.8457079260697,"standard_error":1.1661419992375222},"std_dev":{"confidence_interval":{"confidence_level":0.95,"lower_bound":4.996991705499942,"upper_bound":8.828242280042742},"point_estimate":7.022862443872021,"standard_error":0.9797090788025905}}