{"mean":{"confidence_interval":{"confidence_level":0.95,"lower_bound":809955.6691999998,"upper_bound":811263.5942499993},"point_estimate":810612.1037999989,"standard_error":334.7509547747899},"median":{"confidence_interval":{"confidence_level":0.95,"lower_bound":808962.5,"upper_bound":811227.2},"point_estimate":810158.5,"standard_error":597.1852878213849},"median_abs_dev":{"confidence_interval":{"confidence_level":0.95,"lower_bound":7121.5207135675955,"upper_bound":9288.414705097606},"point_estimate":8268.534183204158,"standard_error":558.8163849186562},"slope":null,"std_dev":{"confidence_interval":{"confidence_level":0.95,"lower_bound":7111.047056484183,"upper_bound":7898.2980150543735},"point_estimate":7514.161519083505,"standard_error":200.02340929901618}}