{"mean":{"confidence_interval":{"confidence_level":0.95,"lower_bound":52788.48756153831,"upper_bound":52897.76853489805},"point_estimate":52841.154460744634,"standard_error":27.821091830463594},"median":{"confidence_interval":{"confidence_level":0.95,"lower_bound":52748.36627282492,"upper_bound":52874.70869033048},"point_estimate":52802.156672325975,"standard_error":34.74037006299842},"median_abs_dev":{"confidence_interval":{"confidence_level":0.95,"lower_bound":177.5690346127313,"upper_bound":290.4666068225743},"point_estimate":232.55089631856782,"standard_error":28.13683648607857},"slope":{"confidence_interval":{"confidence_level":0.95,"lower_bound":52668.288438426585,"upper_bound":52747.407348303976},"point_estimate":52705.72060354818,"standard_error":20.149702078337327},"std_dev":{"confidence_interval":{"confidence_level":0.95,"lower_bound":208.05316961960463,"upper_bound":348.1489812955132},"point_estimate":279.81417023225464,"standard_error":35.81288897433782}}