{"mean":{"confidence_interval":{"confidence_level":0.95,"lower_bound":8926470.11733333,"upper_bound":8957758.027625},"point_estimate":8941697.50666666,"standard_error":7957.320838936252},"median":{"confidence_interval":{"confidence_level":0.95,"lower_bound":8916034.666666666,"upper_bound":8942163.166666666},"point_estimate":8933079.916666666,"standard_error":7433.370207318746},"median_abs_dev":{"confidence_interval":{"confidence_level":0.95,"lower_bound":33559.391704200316,"upper_bound":69064.44877386185},"point_estimate":45013.464900850326,"standard_error":9031.292876251457},"slope":null,"std_dev":{"confidence_interval":{"confidence_level":0.95,"lower_bound":58879.50962226067,"upper_bound":100404.06841489609},"point_estimate":79885.6912812636,"standard_error":10729.939757850034}}