{"mean":{"confidence_interval":{"confidence_level":0.95,"lower_bound":2.130766155861231,"upper_bound":2.153641893959134},"point_estimate":2.1418544787531757,"standard_error":0.005835301076075273},"median":{"confidence_interval":{"confidence_level":0.95,"lower_bound":2.1389604625254286,"upper_bound":2.151092794877063},"point_estimate":2.1451189267417385,"standard_error":0.0030330965243485354}}