{"mean":{"confidence_interval":{"confidence_level":0.95,"lower_bound":0.02435679664516135,"upper_bound":0.04376332966687184},"point_estimate":0.03329168172261232,"standard_error":0.00500342494926288},"median":{"confidence_interval":{"confidence_level":0.95,"lower_bound":0.013338004846955798,"upper_bound":0.01712932499941311},"point_estimate":0.015409703249277484,"standard_error":0.0009447341027091656}}