{"mean":{"confidence_interval":{"confidence_level":0.95,"lower_bound":0.003487614166323045,"upper_bound":0.010526004399441435},"point_estimate":0.00680959091530009,"standard_error":0.0017863102168439234},"median":{"confidence_interval":{"confidence_level":0.95,"lower_bound":0.005205985634965105,"upper_bound":0.00785438341173439},"point_estimate":0.006161048544876868,"standard_error":0.0007196871487957004}}