{"mean":{"confidence_interval":{"confidence_level":0.95,"lower_bound":-0.004115688677713415,"upper_bound":0.0015051750322677806},"point_estimate":-0.001344721284526118,"standard_error":0.0014386331610324466},"median":{"confidence_interval":{"confidence_level":0.95,"lower_bound":-0.00026018216433543184,"upper_bound":0.0011994678089610744},"point_estimate":0.0006698414165640099,"standard_error":0.00040106339604605577}}