{"mean":{"confidence_interval":{"confidence_level":0.95,"lower_bound":575493.5431062706,"upper_bound":576872.1152381338},"point_estimate":576159.7170635958,"standard_error":350.87731895605805},"median":{"confidence_interval":{"confidence_level":0.95,"lower_bound":575048.0567010309,"upper_bound":575771.775},"point_estimate":575428.9554073892,"standard_error":189.29723988053468},"median_abs_dev":{"confidence_interval":{"confidence_level":0.95,"lower_bound":1085.8041196496895,"upper_bound":2011.987988050633},"point_estimate":1611.9376104545458,"standard_error":237.28229364606145},"slope":{"confidence_interval":{"confidence_level":0.95,"lower_bound":575622.5311715795,"upper_bound":577235.4375338197},"point_estimate":576356.0359243387,"standard_error":413.196965112667},"std_dev":{"confidence_interval":{"confidence_level":0.95,"lower_bound":2693.7079933864784,"upper_bound":4252.78836332833},"point_estimate":3533.3003098657496,"standard_error":398.41373942769354}}