{"mean":{"confidence_interval":{"confidence_level":0.95,"lower_bound":520344.4267261909,"upper_bound":525113.5388333332},"point_estimate":522661.55742857157,"standard_error":1218.7187915265833},"median":{"confidence_interval":{"confidence_level":0.95,"lower_bound":525316.1666666667,"upper_bound":525693.3333333333},"point_estimate":525554.0476190476,"standard_error":117.11853411106672},"median_abs_dev":{"confidence_interval":{"confidence_level":0.95,"lower_bound":3626.9310881091533,"upper_bound":16092.104814307977},"point_estimate":5570.057501111692,"standard_error":3465.119305159556},"slope":null,"std_dev":{"confidence_interval":{"confidence_level":0.95,"lower_bound":23196.490750460547,"upper_bound":30918.899914848393},"point_estimate":27221.83280160982,"standard_error":1977.3872362016693}}