{"mean":{"confidence_interval":{"confidence_level":0.95,"lower_bound":34776.39892875231,"upper_bound":34872.108316996455},"point_estimate":34820.887676634404,"standard_error":24.53963140448073},"median":{"confidence_interval":{"confidence_level":0.95,"lower_bound":34758.515697375195,"upper_bound":34788.93061396131},"point_estimate":34775.6387500353,"standard_error":7.556827077503129},"median_abs_dev":{"confidence_interval":{"confidence_level":0.95,"lower_bound":46.45253964018944,"upper_bound":79.03884582105901},"point_estimate":61.08304790981154,"standard_error":8.419413519327097},"slope":{"confidence_interval":{"confidence_level":0.95,"lower_bound":34764.65816761826,"upper_bound":34854.740051834044},"point_estimate":34798.828836391614,"standard_error":24.22116957544483},"std_dev":{"confidence_interval":{"confidence_level":0.95,"lower_bound":152.2785246050019,"upper_bound":340.8971752224799},"point_estimate":246.91567325194708,"standard_error":49.59722574894759}}