{"mean":{"confidence_interval":{"confidence_level":0.95,"lower_bound":23068.246979950058,"upper_bound":23115.043474439983},"point_estimate":23091.37760507764,"standard_error":11.954017414589506},"median":{"confidence_interval":{"confidence_level":0.95,"lower_bound":23086.846889952154,"upper_bound":23133.537190082643},"point_estimate":23108.932583529317,"standard_error":10.225789468687676},"median_abs_dev":{"confidence_interval":{"confidence_level":0.95,"lower_bound":62.958115873091515,"upper_bound":108.78851240324144},"point_estimate":85.31356386859352,"standard_error":11.702780438885735},"slope":{"confidence_interval":{"confidence_level":0.95,"lower_bound":23132.48443314547,"upper_bound":23161.99045291989},"point_estimate":23148.077325993792,"standard_error":7.515726715774423},"std_dev":{"confidence_interval":{"confidence_level":0.95,"lower_bound":93.51140561565065,"upper_bound":149.4189831656549},"point_estimate":121.07050208460855,"standard_error":14.584099026546003}}