{"mean":{"confidence_interval":{"confidence_level":0.95,"lower_bound":45460.92808414113,"upper_bound":45858.06189249031},"point_estimate":45647.95236708723,"standard_error":101.7581945980302},"median":{"confidence_interval":{"confidence_level":0.95,"lower_bound":45305.40502035278,"upper_bound":45603.060212514756},"point_estimate":45404.93266233766,"standard_error":78.08893716206347},"median_abs_dev":{"confidence_interval":{"confidence_level":0.95,"lower_bound":399.649535698123,"upper_bound":593.83498472429},"point_estimate":521.9728415866641,"standard_error":51.16732152634395},"slope":{"confidence_interval":{"confidence_level":0.95,"lower_bound":45091.613991229155,"upper_bound":45386.61155604629},"point_estimate":45231.915603530506,"standard_error":75.05235157099136},"std_dev":{"confidence_interval":{"confidence_level":0.95,"lower_bound":713.8686774946742,"upper_bound":1349.9724295407727},"point_estimate":1023.1085316290363,"standard_error":168.06131805674477}}