{"mean":{"confidence_interval":{"confidence_level":0.95,"lower_bound":48986.1105831485,"upper_bound":49097.94973315517},"point_estimate":49038.08939515027,"standard_error":28.751499044449304},"median":{"confidence_interval":{"confidence_level":0.95,"lower_bound":48960.31101190476,"upper_bound":49004.892635189666},"point_estimate":48977.566118669696,"standard_error":11.551579583991387},"median_abs_dev":{"confidence_interval":{"confidence_level":0.95,"lower_bound":71.69639195773559,"upper_bound":119.38313943315696},"point_estimate":89.4580801081095,"standard_error":11.948737095463871},"slope":{"confidence_interval":{"confidence_level":0.95,"lower_bound":48978.19005171196,"upper_bound":49054.306445617236},"point_estimate":49010.863796998034,"standard_error":19.69369101515187},"std_dev":{"confidence_interval":{"confidence_level":0.95,"lower_bound":182.44422799838782,"upper_bound":389.54023584453716},"point_estimate":288.62940436499105,"standard_error":53.935587979969746}}