{"mean":{"confidence_interval":{"confidence_level":0.95,"lower_bound":0.08114351222287626,"upper_bound":0.10543974132502247},"point_estimate":0.09359265363862712,"standard_error":0.006183611514080279},"median":{"confidence_interval":{"confidence_level":0.95,"lower_bound":0.09683009456158476,"upper_bound":0.10077335708177348},"point_estimate":0.09893347413833742,"standard_error":0.001137610383695617}}