{"mean":{"confidence_interval":{"confidence_level":0.95,"lower_bound":284060056.819,"upper_bound":306011821.63},"point_estimate":295094589.97,"standard_error":5579204.321380194},"median":{"confidence_interval":{"confidence_level":0.95,"lower_bound":283530209.0,"upper_bound":306309958.0},"point_estimate":299120937.0,"standard_error":5603529.709580647},"median_abs_dev":{"confidence_interval":{"confidence_level":0.95,"lower_bound":43966842.47613251,"upper_bound":70035552.74502039},"point_estimate":57762990.464901924,"standard_error":6612711.489998225},"slope":null,"std_dev":{"confidence_interval":{"confidence_level":0.95,"lower_bound":48767005.83716674,"upper_bound":62827373.95250859},"point_estimate":56233013.48998492,"standard_error":3589851.668733041}}