{"mean":{"confidence_interval":{"confidence_level":0.95,"lower_bound":3604521.0999107123,"upper_bound":3610205.2917142864},"point_estimate":3607081.241428571,"standard_error":1463.142695687747},"median":{"confidence_interval":{"confidence_level":0.95,"lower_bound":3601821.0,"upper_bound":3603949.0},"point_estimate":3602607.1071428573,"standard_error":501.9798803150341},"median_abs_dev":{"confidence_interval":{"confidence_level":0.95,"lower_bound":3088.467545168543,"upper_bound":5910.187556323393},"point_estimate":4197.2934754834405,"standard_error":699.3248695621363},"slope":null,"std_dev":{"confidence_interval":{"confidence_level":0.95,"lower_bound":7629.848109759034,"upper_bound":21028.952040980774},"point_estimate":14696.436668644936,"standard_error":3513.7590325971323}}