{"mean":{"confidence_interval":{"confidence_level":0.95,"lower_bound":463649.8264315793,"upper_bound":464981.5658947368},"point_estimate":464305.1368421057,"standard_error":339.18750898197317},"median":{"confidence_interval":{"confidence_level":0.95,"lower_bound":462706.84210526315,"upper_bound":464457.4210526316},"point_estimate":463660.8157894737,"standard_error":433.0432442878617},"median_abs_dev":{"confidence_interval":{"confidence_level":0.95,"lower_bound":8391.320772076879,"upper_bound":10557.399333621297},"point_estimate":9568.310072233744,"standard_error":549.5645660987087},"slope":null,"std_dev":{"confidence_interval":{"confidence_level":0.95,"lower_bound":6839.46893743766,"upper_bound":8315.551089914386},"point_estimate":7565.680674326093,"standard_error":377.6416062493315}}