{"mean":{"confidence_interval":{"confidence_level":0.95,"lower_bound":289440.9839428571,"upper_bound":289775.80963142845},"point_estimate":289605.8962285713,"standard_error":85.39500223965534},"median":{"confidence_interval":{"confidence_level":0.95,"lower_bound":289400.7571428572,"upper_bound":289723.9075},"point_estimate":289597.1,"standard_error":84.07851154350712},"median_abs_dev":{"confidence_interval":{"confidence_level":0.95,"lower_bound":1473.2802443440116,"upper_bound":1896.2670758344784},"point_estimate":1785.262168305193,"standard_error":114.05748719449643},"slope":null,"std_dev":{"confidence_interval":{"confidence_level":0.95,"lower_bound":1627.604476928125,"upper_bound":2314.848792235287},"point_estimate":1913.6447798506986,"standard_error":191.26166403638146}}