{"mean":{"confidence_interval":{"confidence_level":0.95,"lower_bound":956083.8752433753,"upper_bound":957359.8165482621},"point_estimate":956701.0001865202,"standard_error":325.1512754887987},"median":{"confidence_interval":{"confidence_level":0.95,"lower_bound":955753.4779986532,"upper_bound":956267.2727272727},"point_estimate":956078.6706285253,"standard_error":125.96156816651762},"median_abs_dev":{"confidence_interval":{"confidence_level":0.95,"lower_bound":803.9755638049267,"upper_bound":1395.4968189459912},"point_estimate":1116.5302722812698,"standard_error":157.54507630139153},"slope":{"confidence_interval":{"confidence_level":0.95,"lower_bound":956615.174748923,"upper_bound":958288.4928708826},"point_estimate":957419.7862509236,"standard_error":426.71832748527214},"std_dev":{"confidence_interval":{"confidence_level":0.95,"lower_bound":2274.3027221386674,"upper_bound":4185.428990584269},"point_estimate":3279.489316726741,"standard_error":489.93233325879754}}