{"mean":{"confidence_interval":{"confidence_level":0.95,"lower_bound":821.2657089712399,"upper_bound":822.3050726175296},"point_estimate":821.7555622408452,"standard_error":0.2669744252978573},"median":{"confidence_interval":{"confidence_level":0.95,"lower_bound":820.9281497628381,"upper_bound":821.4583885013855},"point_estimate":821.123651535808,"standard_error":0.13961104342209082},"median_abs_dev":{"confidence_interval":{"confidence_level":0.95,"lower_bound":0.8812468346630126,"upper_bound":1.6155630164927417},"point_estimate":1.31575150405015,"standard_error":0.18985975725260643},"slope":{"confidence_interval":{"confidence_level":0.95,"lower_bound":821.9286309307312,"upper_bound":823.8429643909708},"point_estimate":822.8180891742473,"standard_error":0.49046138846382353},"std_dev":{"confidence_interval":{"confidence_level":0.95,"lower_bound":1.711200069379797,"upper_bound":3.5122585324591586},"point_estimate":2.6800557765412574,"standard_error":0.45929701940274253}}