{"mean":{"confidence_interval":{"confidence_level":0.95,"lower_bound":2939179.8008676465,"upper_bound":2946632.99189706},"point_estimate":2942653.9941176474,"standard_error":1907.9546293864046},"median":{"confidence_interval":{"confidence_level":0.95,"lower_bound":2938840.705882353,"upper_bound":2940857.882352941},"point_estimate":2939898.2647058824,"standard_error":483.9661394944565},"median_abs_dev":{"confidence_interval":{"confidence_level":0.95,"lower_bound":2730.861939752823,"upper_bound":4932.95895948156},"point_estimate":3929.980077287994,"standard_error":597.9593402044304},"slope":null,"std_dev":{"confidence_interval":{"confidence_level":0.95,"lower_bound":11017.412523319304,"upper_bound":25557.195220365247},"point_estimate":19212.26027597799,"standard_error":3705.968216953229}}