{"mean":{"confidence_interval":{"confidence_level":0.95,"lower_bound":0.03137883754218739,"upper_bound":0.033972579042289515},"point_estimate":0.032635771995389806,"standard_error":0.0006434159391850219},"median":{"confidence_interval":{"confidence_level":0.95,"lower_bound":0.03304910240509695,"upper_bound":0.0344829452880806},"point_estimate":0.034039065493600695,"standard_error":0.00041276403984061495}}