{"mean":{"confidence_interval":{"confidence_level":0.95,"lower_bound":-0.007255470859462706,"upper_bound":-0.0012024720237280438},"point_estimate":-0.004093352201779532,"standard_error":0.0015494536798825902},"median":{"confidence_interval":{"confidence_level":0.95,"lower_bound":-0.0010380788866249935,"upper_bound":0.00047290895746197425},"point_estimate":-0.0003675862734837665,"standard_error":0.00038853106877676516}}