{"mean":{"confidence_interval":{"confidence_level":0.95,"lower_bound":-0.9232948363319794,"upper_bound":-0.9225735385410585},"point_estimate":-0.9229159903962519,"standard_error":0.00018412600732351737},"median":{"confidence_interval":{"confidence_level":0.95,"lower_bound":-0.9226365643270912,"upper_bound":-0.9222662202902885},"point_estimate":-0.9224343788322606,"standard_error":0.00008573416732967121}}