{"mean":{"confidence_interval":{"confidence_level":0.95,"lower_bound":0.009003019998208885,"upper_bound":0.016597683675996015},"point_estimate":0.012873579306771354,"standard_error":0.0019429742475059577},"median":{"confidence_interval":{"confidence_level":0.95,"lower_bound":0.00960237481329429,"upper_bound":0.016322374104725146},"point_estimate":0.012973094674705088,"standard_error":0.0017137730290243487}}