{"mean":{"confidence_interval":{"confidence_level":0.95,"lower_bound":0.005138635773534461,"upper_bound":0.01371817427997224},"point_estimate":0.009088129734253991,"standard_error":0.0021963993723180565},"median":{"confidence_interval":{"confidence_level":0.95,"lower_bound":0.0020182135627164755,"upper_bound":0.004135572506405394},"point_estimate":0.003133209775654011,"standard_error":0.0005809671700457922}}