{"mean":{"confidence_interval":{"confidence_level":0.95,"lower_bound":-0.01831830973981089,"upper_bound":-0.008874430715091974},"point_estimate":-0.013677291448696116,"standard_error":0.002412622162281307},"median":{"confidence_interval":{"confidence_level":0.95,"lower_bound":-0.021719900756974955,"upper_bound":-0.014620115363633723},"point_estimate":-0.018635293732791935,"standard_error":0.001806207899693467}}