{"mean":{"confidence_interval":{"confidence_level":0.95,"lower_bound":-0.0005906021533485152,"upper_bound":0.00517627890251188},"point_estimate":0.0023003013178182208,"standard_error":0.0014555295818155032},"median":{"confidence_interval":{"confidence_level":0.95,"lower_bound":0.0015999757856533466,"upper_bound":0.0035278351972254374},"point_estimate":0.002698719667639793,"standard_error":0.0004929628202070285}}