{"mean":{"confidence_interval":{"confidence_level":0.95,"lower_bound":734562.0269285712,"upper_bound":735330.9103214288},"point_estimate":734948.6714285715,"standard_error":196.47904217715816},"median":{"confidence_interval":{"confidence_level":0.95,"lower_bound":734470.1785714286,"upper_bound":734865.107142857},"point_estimate":734633.9285714286,"standard_error":94.47575282348787},"median_abs_dev":{"confidence_interval":{"confidence_level":0.95,"lower_bound":1196.7758787530302,"upper_bound":1615.716271315339},"point_estimate":1353.2431259750456,"standard_error":108.74401263231312},"slope":null,"std_dev":{"confidence_interval":{"confidence_level":0.95,"lower_bound":3977.8697549610474,"upper_bound":4816.601420676404},"point_estimate":4404.401551601463,"standard_error":214.60424877608625}}