{"mean":{"confidence_interval":{"confidence_level":0.95,"lower_bound":749333.4426574999,"upper_bound":749979.28488},"point_estimate":749656.87318,"standard_error":164.8783452790426},"median":{"confidence_interval":{"confidence_level":0.95,"lower_bound":764303.0,"upper_bound":764432.0},"point_estimate":764366.0,"standard_error":32.83125532800612},"median_abs_dev":{"confidence_interval":{"confidence_level":0.95,"lower_bound":34362.96088993549,"upper_bound":34746.21298313141},"point_estimate":34546.0619866848,"standard_error":97.5871748329177},"slope":null,"std_dev":{"confidence_interval":{"confidence_level":0.95,"lower_bound":36646.75509575842,"upper_bound":36995.49123864813},"point_estimate":36821.96476136303,"standard_error":88.8370531057229}}