{"mean":{"confidence_interval":{"confidence_level":0.95,"lower_bound":227703.33656136374,"upper_bound":227897.68411136343},"point_estimate":227796.18231818185,"standard_error":49.65205590297769},"median":{"confidence_interval":{"confidence_level":0.95,"lower_bound":227850.20454545453,"upper_bound":227872.23863636365},"point_estimate":227860.85227272726,"standard_error":5.551529261856427},"median_abs_dev":{"confidence_interval":{"confidence_level":0.95,"lower_bound":74.5170752111342,"upper_bound":93.80814378912976},"point_estimate":83.96907123650803,"standard_error":4.913185586578109},"slope":null,"std_dev":{"confidence_interval":{"confidence_level":0.95,"lower_bound":777.2877989296162,"upper_bound":1437.3975505464703},"point_estimate":1109.3899891210467,"standard_error":169.27198661364912}}