{"mean":{"confidence_interval":{"confidence_level":0.95,"lower_bound":0.007028930560577708,"upper_bound":0.04100567920361256},"point_estimate":0.020101080840892127,"standard_error":0.008503286726826743},"median":{"confidence_interval":{"confidence_level":0.95,"lower_bound":0.0035696838016807675,"upper_bound":0.008493521764967094},"point_estimate":0.004774663450480832,"standard_error":0.0012748643728196615}}