{"mean":{"confidence_interval":{"confidence_level":0.95,"lower_bound":-0.0035417153498143133,"upper_bound":0.0027036025268855285},"point_estimate":-0.00046135221312171293,"standard_error":0.001594314804345397},"median":{"confidence_interval":{"confidence_level":0.95,"lower_bound":-0.0022020525003005886,"upper_bound":-0.00016013280610016611},"point_estimate":-0.001062477154629593,"standard_error":0.000534215686129407}}