{"mean":{"confidence_interval":{"confidence_level":0.95,"lower_bound":3087769.39315625,"upper_bound":3096466.7463281252},"point_estimate":3092100.3625,"standard_error":2229.137950094281},"median":{"confidence_interval":{"confidence_level":0.95,"lower_bound":3088091.125,"upper_bound":3092833.3125},"point_estimate":3090328.09375,"standard_error":1124.2842910109312},"median_abs_dev":{"confidence_interval":{"confidence_level":0.95,"lower_bound":7818.3982986956835,"upper_bound":13779.701136611402},"point_estimate":11683.119448833168,"standard_error":1506.8477521879786},"slope":null,"std_dev":{"confidence_interval":{"confidence_level":0.95,"lower_bound":17132.6396512351,"upper_bound":27229.680572843674},"point_estimate":22482.662662167924,"standard_error":2579.655953139191}}