{"mean":{"confidence_interval":{"confidence_level":0.95,"lower_bound":3170999.94571875,"upper_bound":3222635.0254062503},"point_estimate":3190459.96875,"standard_error":14243.21685908005},"median":{"confidence_interval":{"confidence_level":0.95,"lower_bound":3158653.625,"upper_bound":3162609.34375},"point_estimate":3160397.15625,"standard_error":944.1414305027291},"median_abs_dev":{"confidence_interval":{"confidence_level":0.95,"lower_bound":6127.306545437314,"upper_bound":13225.672058947384},"point_estimate":9741.145139560103,"standard_error":1782.405135294114},"slope":null,"std_dev":{"confidence_interval":{"confidence_level":0.95,"lower_bound":31298.84789655551,"upper_bound":237395.72453858302},"point_estimate":142002.88003962324,"standard_error":70157.28051511932}}