{"mean":{"confidence_interval":{"confidence_level":0.95,"lower_bound":-0.0017498891176326663,"upper_bound":0.002128957487976584},"point_estimate":0.00028436309472623655,"standard_error":0.000989211840446913},"median":{"confidence_interval":{"confidence_level":0.95,"lower_bound":0.000014905234229978248,"upper_bound":0.0006393500462402724},"point_estimate":0.00034939151302748606,"standard_error":0.0001700176214129372}}