{"mean":{"confidence_interval":{"confidence_level":0.95,"lower_bound":244767095.5735,"upper_bound":245123492.87},"point_estimate":244939229.69,"standard_error":90895.64808685344},"median":{"confidence_interval":{"confidence_level":0.95,"lower_bound":244565073.0,"upper_bound":244963236.5},"point_estimate":244747240.0,"standard_error":100959.8226061234},"median_abs_dev":{"confidence_interval":{"confidence_level":0.95,"lower_bound":503278.93926501274,"upper_bound":865728.6722302437},"point_estimate":661255.8968603611,"standard_error":94137.645296657},"slope":null,"std_dev":{"confidence_interval":{"confidence_level":0.95,"lower_bound":719587.3329848794,"upper_bound":1087884.5122487189},"point_estimate":911797.8558084586,"standard_error":94633.63182534392}}