{"mean":{"confidence_interval":{"confidence_level":0.95,"lower_bound":20101997.742333338,"upper_bound":20137916.723583333},"point_estimate":20118011.456666667,"standard_error":9211.869374259742},"median":{"confidence_interval":{"confidence_level":0.95,"lower_bound":20077246.333333332,"upper_bound":20105517.666666668},"point_estimate":20088143.0,"standard_error":7006.898521676233},"median_abs_dev":{"confidence_interval":{"confidence_level":0.95,"lower_bound":25376.181149479966,"upper_bound":55791.96670949643},"point_estimate":37892.78432726676,"standard_error":7508.19155336948},"slope":null,"std_dev":{"confidence_interval":{"confidence_level":0.95,"lower_bound":51895.86672842989,"upper_bound":135133.3640115058},"point_estimate":92488.0349731312,"standard_error":24298.596392066982}}