{"mean":{"confidence_interval":{"confidence_level":0.95,"lower_bound":2184213.151304348,"upper_bound":2204269.429228261},"point_estimate":2192773.3856521742,"standard_error":5181.669331112747},"median":{"confidence_interval":{"confidence_level":0.95,"lower_bound":2176342.3913043477,"upper_bound":2182982.7826086953},"point_estimate":2181123.1739130435,"standard_error":1872.221027839019},"median_abs_dev":{"confidence_interval":{"confidence_level":0.95,"lower_bound":10055.92770408044,"upper_bound":24990.640695458053},"point_estimate":14950.89266935125,"standard_error":3660.9109553608296},"slope":null,"std_dev":{"confidence_interval":{"confidence_level":0.95,"lower_bound":22769.695010077437,"upper_bound":80510.85754295209},"point_estimate":52001.46684672002,"standard_error":17165.947315272668}}