{"mean":{"confidence_interval":{"confidence_level":0.95,"lower_bound":-0.04435011251778704,"upper_bound":-0.035860595360398095},"point_estimate":-0.04014944333702608,"standard_error":0.002173827191519463},"median":{"confidence_interval":{"confidence_level":0.95,"lower_bound":-0.04548095062614377,"upper_bound":-0.04191188808604898},"point_estimate":-0.043980619156782974,"standard_error":0.0009767351442790352}}