{"mean":{"confidence_interval":{"confidence_level":0.95,"lower_bound":-0.05188593763506275,"upper_bound":-0.0039610122316649345},"point_estimate":-0.024728316386760762,"standard_error":0.01250792776318667},"median":{"confidence_interval":{"confidence_level":0.95,"lower_bound":-0.010044453954592192,"upper_bound":-0.001936081748447451},"point_estimate":-0.007294421519390082,"standard_error":0.0017951110317451047}}