{"mean":{"confidence_interval":{"confidence_level":0.95,"lower_bound":44752.96317164765,"upper_bound":45268.95650159734},"point_estimate":44996.96113559667,"standard_error":132.11826429690092},"median":{"confidence_interval":{"confidence_level":0.95,"lower_bound":44379.889323671494,"upper_bound":44505.891304347824},"point_estimate":44424.07510654475,"standard_error":35.52781462457247},"median_abs_dev":{"confidence_interval":{"confidence_level":0.95,"lower_bound":155.5824434631237,"upper_bound":335.14294995160566},"point_estimate":214.37593198654474,"standard_error":49.910946926021026},"slope":{"confidence_interval":{"confidence_level":0.95,"lower_bound":44349.73145436092,"upper_bound":44687.543790450894},"point_estimate":44476.01081013358,"standard_error":90.81254959273838},"std_dev":{"confidence_interval":{"confidence_level":0.95,"lower_bound":955.3323468813696,"upper_bound":1639.06976039556},"point_estimate":1332.9466641575748,"standard_error":174.2220954088554}}