{"mean":{"confidence_interval":{"confidence_level":0.95,"lower_bound":-0.05083978898755637,"upper_bound":-0.03622405875703094},"point_estimate":-0.04361931695196175,"standard_error":0.003735904400638477},"median":{"confidence_interval":{"confidence_level":0.95,"lower_bound":-0.05337761898502191,"upper_bound":-0.04484952650130736},"point_estimate":-0.04967187985096255,"standard_error":0.0022179659385770842}}