{"mean":{"confidence_interval":{"confidence_level":0.95,"lower_bound":32072480.015,"upper_bound":32118880.381875},"point_estimate":32093809.965,"standard_error":11870.145722187945},"median":{"confidence_interval":{"confidence_level":0.95,"lower_bound":32063423.0,"upper_bound":32077351.75},"point_estimate":32070318.25,"standard_error":3793.893088664539},"median_abs_dev":{"confidence_interval":{"confidence_level":0.95,"lower_bound":27990.74620306492,"upper_bound":59381.09414577484},"point_estimate":41366.39251559973,"standard_error":8057.242475493299},"slope":null,"std_dev":{"confidence_interval":{"confidence_level":0.95,"lower_bound":71242.63303671524,"upper_bound":165276.09601437257},"point_estimate":119782.68254772709,"standard_error":24459.52212871946}}