{"mean":{"confidence_interval":{"confidence_level":0.95,"lower_bound":469849.75322307856,"upper_bound":475222.6751329472},"point_estimate":472174.49783699535,"standard_error":1389.4925152243998},"median":{"confidence_interval":{"confidence_level":0.95,"lower_bound":468706.9577380952,"upper_bound":468916.6666666667},"point_estimate":468818.6380208334,"standard_error":57.521337769050795},"median_abs_dev":{"confidence_interval":{"confidence_level":0.95,"lower_bound":334.5657091320367,"upper_bound":869.2320664829207},"point_estimate":520.6470235450162,"standard_error":139.96540084906957},"slope":{"confidence_interval":{"confidence_level":0.95,"lower_bound":469590.00250287174,"upper_bound":482192.20481194486},"point_estimate":475097.6799379341,"standard_error":3260.8532480216127},"std_dev":{"confidence_interval":{"confidence_level":0.95,"lower_bound":4183.015797485634,"upper_bound":20843.652918096406},"point_estimate":14000.281301659346,"standard_error":4312.009758290014}}