{"mean":{"confidence_interval":{"confidence_level":0.95,"lower_bound":992754.9685000002,"upper_bound":996482.2295291667},"point_estimate":994671.6621666678,"standard_error":954.7105844537098},"median":{"confidence_interval":{"confidence_level":0.95,"lower_bound":991961.25,"upper_bound":992891.875},"point_estimate":992319.6666666667,"standard_error":257.8036780151933},"median_abs_dev":{"confidence_interval":{"confidence_level":0.95,"lower_bound":2553.963779658079,"upper_bound":5241.381633821871},"point_estimate":3368.467140197754,"standard_error":627.1215236050529},"slope":null,"std_dev":{"confidence_interval":{"confidence_level":0.95,"lower_bound":17289.022785695874,"upper_bound":24830.9702165807},"point_estimate":21269.415146110958,"standard_error":1930.6435741486775}}