{"mean":{"confidence_interval":{"confidence_level":0.95,"lower_bound":-0.008572568308271212,"upper_bound":-0.004358591591088122},"point_estimate":-0.006619318081617975,"standard_error":0.00107762660908524},"median":{"confidence_interval":{"confidence_level":0.95,"lower_bound":-0.00821150885589017,"upper_bound":-0.005597061458592616},"point_estimate":-0.007077447173758911,"standard_error":0.0006318657048209678}}