{"mean":{"confidence_interval":{"confidence_level":0.95,"lower_bound":0.0307734543781081,"upper_bound":0.039025058261567304},"point_estimate":0.03506093806365218,"standard_error":0.002103090195723697},"median":{"confidence_interval":{"confidence_level":0.95,"lower_bound":0.03429898056651992,"upper_bound":0.037007034961416996},"point_estimate":0.0358558986087989,"standard_error":0.0006344850334529934}}