{"mean":{"confidence_interval":{"confidence_level":0.95,"lower_bound":-0.023467764339442972,"upper_bound":-0.014742183759660368},"point_estimate":-0.019128192157024326,"standard_error":0.0022324154907131513},"median":{"confidence_interval":{"confidence_level":0.95,"lower_bound":-0.02274570111123475,"upper_bound":-0.01723944335061256},"point_estimate":-0.019231716017919176,"standard_error":0.0013354685928588304}}