{"mean":{"confidence_interval":{"confidence_level":0.95,"lower_bound":78690.06757921957,"upper_bound":78980.00935045144},"point_estimate":78835.83122379321,"standard_error":73.30018017911372},"median":{"confidence_interval":{"confidence_level":0.95,"lower_bound":78692.75066312998,"upper_bound":78908.27911585366},"point_estimate":78789.22552680032,"standard_error":52.302240795468904},"median_abs_dev":{"confidence_interval":{"confidence_level":0.95,"lower_bound":263.07544326329895,"upper_bound":431.6486885604947},"point_estimate":335.4245408249862,"standard_error":44.036583201026026},"slope":{"confidence_interval":{"confidence_level":0.95,"lower_bound":78657.7601815418,"upper_bound":78818.92256400402},"point_estimate":78729.86447897603,"standard_error":41.12266417498315},"std_dev":{"confidence_interval":{"confidence_level":0.95,"lower_bound":486.4953715502287,"upper_bound":960.4360451645175},"point_estimate":736.3292532653234,"standard_error":120.88483398825943}}