{"mean":{"confidence_interval":{"confidence_level":0.95,"lower_bound":34749.97058184078,"upper_bound":34848.40347455699},"point_estimate":34794.30775920337,"standard_error":25.13580606432191},"median":{"confidence_interval":{"confidence_level":0.95,"lower_bound":34667.65049261084,"upper_bound":34718.09282915361},"point_estimate":34689.50893143545,"standard_error":13.09004899158005},"median_abs_dev":{"confidence_interval":{"confidence_level":0.95,"lower_bound":38.81578732616893,"upper_bound":113.55750022966403},"point_estimate":70.98557532403534,"standard_error":19.362754430866406},"slope":{"confidence_interval":{"confidence_level":0.95,"lower_bound":34841.76516468789,"upper_bound":34950.10005728839},"point_estimate":34896.954557665755,"standard_error":27.58288002034208},"std_dev":{"confidence_interval":{"confidence_level":0.95,"lower_bound":147.72186888830646,"upper_bound":360.930464000488},"point_estimate":252.75825369549494,"standard_error":58.10312436017573}}