{"mean":{"confidence_interval":{"confidence_level":0.95,"lower_bound":-0.001881013953624022,"upper_bound":0.003646737255765669},"point_estimate":0.000917402282131885,"standard_error":0.0014100448632915416},"median":{"confidence_interval":{"confidence_level":0.95,"lower_bound":-0.0024062162798904607,"upper_bound":0.0007548404335397894},"point_estimate":-0.0008500666048449901,"standard_error":0.0007919115710050879}}