{"mean":{"confidence_interval":{"confidence_level":0.95,"lower_bound":0.0020829497674655084,"upper_bound":0.010154842781377633},"point_estimate":0.005987112009155249,"standard_error":0.0020419105288514267},"median":{"confidence_interval":{"confidence_level":0.95,"lower_bound":0.004041548686799068,"upper_bound":0.0056050328734651034},"point_estimate":0.0047046000048625025,"standard_error":0.000433041807189369}}