{"mean":{"confidence_interval":{"confidence_level":0.95,"lower_bound":63418.69788856311,"upper_bound":63701.37822356439},"point_estimate":63559.01926563819,"standard_error":71.97782014379769},"median":{"confidence_interval":{"confidence_level":0.95,"lower_bound":63363.435661764706,"upper_bound":63720.993055555555},"point_estimate":63529.30625365284,"standard_error":87.07272761893566},"median_abs_dev":{"confidence_interval":{"confidence_level":0.95,"lower_bound":417.5455418078325,"upper_bound":673.875087267089},"point_estimate":572.3253478037793,"standard_error":65.52356766142069},"slope":{"confidence_interval":{"confidence_level":0.95,"lower_bound":63254.84759087493,"upper_bound":63578.81866784886},"point_estimate":63409.851597458255,"standard_error":82.47770996632075},"std_dev":{"confidence_interval":{"confidence_level":0.95,"lower_bound":552.0819259077153,"upper_bound":884.6668785367664},"point_estimate":724.6348616751108,"standard_error":84.93788661112558}}