{"mean":{"confidence_interval":{"confidence_level":0.95,"lower_bound":115466.02962303365,"upper_bound":115532.79413089898},"point_estimate":115497.04312359549,"standard_error":17.136692186497584},"median":{"confidence_interval":{"confidence_level":0.95,"lower_bound":115498.58426966293,"upper_bound":115522.87078651685},"point_estimate":115510.66853932585,"standard_error":5.746794510426301},"median_abs_dev":{"confidence_interval":{"confidence_level":0.95,"lower_bound":97.39328329902342,"upper_bound":158.76313538363434},"point_estimate":126.70399325617923,"standard_error":15.537796238229438},"slope":null,"std_dev":{"confidence_interval":{"confidence_level":0.95,"lower_bound":265.37678753173265,"upper_bound":488.88186488588406},"point_estimate":382.91844449321883,"standard_error":57.17275826152932}}