{"mean":{"confidence_interval":{"confidence_level":0.95,"lower_bound":121263.54872611101,"upper_bound":121320.28804444404},"point_estimate":121291.7672444443,"standard_error":14.446608043679822},"median":{"confidence_interval":{"confidence_level":0.95,"lower_bound":121182.61111111111,"upper_bound":121195.83333333334},"point_estimate":121189.27777777778,"standard_error":3.2618483899733026},"median_abs_dev":{"confidence_interval":{"confidence_level":0.95,"lower_bound":164.4862304131202,"upper_bound":181.28903011481447},"point_estimate":172.55816360314927,"standard_error":4.437330912028145},"slope":null,"std_dev":{"confidence_interval":{"confidence_level":0.95,"lower_bound":983.2062749842021,"upper_bound":1067.9263333339306},"point_estimate":1024.6445532112964,"standard_error":21.569089589182294}}