{"mean":{"confidence_interval":{"confidence_level":0.95,"lower_bound":-0.01254922971045566,"upper_bound":-0.004095157309442039},"point_estimate":-0.008366556900409328,"standard_error":0.0022167112425098647},"median":{"confidence_interval":{"confidence_level":0.95,"lower_bound":-0.016175785001870335,"upper_bound":-0.005513934277847077},"point_estimate":-0.012551144964135008,"standard_error":0.002795827279606851}}