{"mean":{"confidence_interval":{"confidence_level":0.95,"lower_bound":98.85004033250935,"upper_bound":99.28559301164631},"point_estimate":99.04489288393391,"standard_error":0.1114572954038123},"median":{"confidence_interval":{"confidence_level":0.95,"lower_bound":99.14171190618677,"upper_bound":99.19853872888237},"point_estimate":99.16217598838125,"standard_error":0.015461766187756491},"median_abs_dev":{"confidence_interval":{"confidence_level":0.95,"lower_bound":0.12613564173428157,"upper_bound":0.7409302980367609},"point_estimate":0.2413965278532172,"standard_error":0.1807085495676817},"slope":{"confidence_interval":{"confidence_level":0.95,"lower_bound":99.21602760789281,"upper_bound":99.44982516534364},"point_estimate":99.32548066353033,"standard_error":0.05983204129524515},"std_dev":{"confidence_interval":{"confidence_level":0.95,"lower_bound":0.6369572563345308,"upper_bound":1.6649790781889067},"point_estimate":1.1212402505381784,"standard_error":0.31425242282834087}}