{"mean":{"confidence_interval":{"confidence_level":0.95,"lower_bound":40455.14291281284,"upper_bound":40588.53748638362},"point_estimate":40519.97786577194,"standard_error":33.90521310487746},"median":{"confidence_interval":{"confidence_level":0.95,"lower_bound":40419.90681318681,"upper_bound":40461.16210526316},"point_estimate":40443.44499278499,"standard_error":10.41650979164685},"median_abs_dev":{"confidence_interval":{"confidence_level":0.95,"lower_bound":65.20052873726449,"upper_bound":150.25104542591166},"point_estimate":91.67931375959876,"standard_error":23.378762728776813},"slope":{"confidence_interval":{"confidence_level":0.95,"lower_bound":40485.81675745882,"upper_bound":40614.8547145657},"point_estimate":40544.66473840697,"standard_error":33.12516344381051},"std_dev":{"confidence_interval":{"confidence_level":0.95,"lower_bound":272.08361398457777,"upper_bound":401.2253640327542},"point_estimate":341.19715929298064,"standard_error":32.95790164560443}}