{"mean":{"confidence_interval":{"confidence_level":0.95,"lower_bound":878.8703914967823,"upper_bound":888.241275981201},"point_estimate":883.4710692338505,"standard_error":2.384711738735731},"median":{"confidence_interval":{"confidence_level":0.95,"lower_bound":873.691412768988,"upper_bound":875.4282550591829},"point_estimate":874.3677233457815,"standard_error":0.46418269871542234},"median_abs_dev":{"confidence_interval":{"confidence_level":0.95,"lower_bound":3.2510929878967243,"upper_bound":16.807486635063828},"point_estimate":6.757416375030487,"standard_error":3.850159331007024},"slope":{"confidence_interval":{"confidence_level":0.95,"lower_bound":895.1307830616673,"upper_bound":907.4485606880936},"point_estimate":901.7618500916872,"standard_error":3.14183334550289},"std_dev":{"confidence_interval":{"confidence_level":0.95,"lower_bound":20.595219380701337,"upper_bound":26.815252551633037},"point_estimate":24.027406885861204,"standard_error":1.5862812321071031}}