{"mean":{"confidence_interval":{"confidence_level":0.95,"lower_bound":18616692.768916663,"upper_bound":18830390.816583335},"point_estimate":18722151.83666667,"standard_error":54587.76552137137},"median":{"confidence_interval":{"confidence_level":0.95,"lower_bound":18441336.666666664,"upper_bound":18485330.333333336},"point_estimate":18457366.666666664,"standard_error":14257.34379995981},"median_abs_dev":{"confidence_interval":{"confidence_level":0.95,"lower_bound":46484.451174739705,"upper_bound":589784.1999292374},"point_estimate":107017.03130007343,"standard_error":219422.83163560164},"slope":null,"std_dev":{"confidence_interval":{"confidence_level":0.95,"lower_bound":488165.4461945704,"upper_bound":595539.689702568},"point_estimate":549290.9682515385,"standard_error":27447.23554756459}}