{"mean":{"confidence_interval":{"confidence_level":0.95,"lower_bound":12732037.162625,"upper_bound":13247355.42},"point_estimate":12952116.6725,"standard_error":132942.0830349551},"median":{"confidence_interval":{"confidence_level":0.95,"lower_bound":12645739.5,"upper_bound":12697474.0},"point_estimate":12668823.0,"standard_error":14492.69321437902},"median_abs_dev":{"confidence_interval":{"confidence_level":0.95,"lower_bound":51704.90498330451,"upper_bound":105094.6551091969},"point_estimate":73774.91599023342,"standard_error":14258.554720498745},"slope":null,"std_dev":{"confidence_interval":{"confidence_level":0.95,"lower_bound":419146.03654647333,"upper_bound":1987511.4278186406},"point_estimate":1333127.8626684337,"standard_error":396061.4700719014}}