{"mean":{"confidence_interval":{"confidence_level":0.95,"lower_bound":2335461.909977274,"upper_bound":2357254.4996931814},"point_estimate":2345400.4159090905,"standard_error":5586.302970001676},"median":{"confidence_interval":{"confidence_level":0.95,"lower_bound":2323135.409090909,"upper_bound":2331274.6136363638},"point_estimate":2327369.3181818184,"standard_error":2681.424452511344},"median_abs_dev":{"confidence_interval":{"confidence_level":0.95,"lower_bound":9523.177671838812,"upper_bound":20425.072232836996},"point_estimate":14870.949472351758,"standard_error":3244.4764158558432},"slope":null,"std_dev":{"confidence_interval":{"confidence_level":0.95,"lower_bound":31912.844437365544,"upper_bound":76047.40471194527},"point_estimate":56138.64922120774,"standard_error":11205.018765199851}}