{"mean":{"confidence_interval":{"confidence_level":0.95,"lower_bound":2961092.5996029414,"upper_bound":2971365.440514705},"point_estimate":2965906.661764705,"standard_error":2637.599269360333},"median":{"confidence_interval":{"confidence_level":0.95,"lower_bound":2956355.382352941,"upper_bound":2961500.0},"point_estimate":2958240.176470588,"standard_error":1210.9273338282844},"median_abs_dev":{"confidence_interval":{"confidence_level":0.95,"lower_bound":8179.722084193136,"upper_bound":13883.11302984882},"point_estimate":10523.538219052365,"standard_error":1350.3461194095746},"slope":null,"std_dev":{"confidence_interval":{"confidence_level":0.95,"lower_bound":17636.46844643354,"upper_bound":34031.144636640514},"point_estimate":26567.44787249787,"standard_error":4187.034533311408}}