{"mean":{"confidence_interval":{"confidence_level":0.95,"lower_bound":29.6221379218608,"upper_bound":29.715575898597255},"point_estimate":29.66960929259517,"standard_error":0.02375641678541794},"median":{"confidence_interval":{"confidence_level":0.95,"lower_bound":29.625318397108213,"upper_bound":29.75824804111955},"point_estimate":29.695451424425762,"standard_error":0.03274749554195733},"median_abs_dev":{"confidence_interval":{"confidence_level":0.95,"lower_bound":0.18732413354670502,"upper_bound":0.27818608233114495},"point_estimate":0.23592306746393502,"standard_error":0.023355564963387324},"slope":{"confidence_interval":{"confidence_level":0.95,"lower_bound":29.763541014181378,"upper_bound":29.83730132447569},"point_estimate":29.803186941491106,"standard_error":0.01883813529089488},"std_dev":{"confidence_interval":{"confidence_level":0.95,"lower_bound":0.19855049855487228,"upper_bound":0.2732399703277727},"point_estimate":0.23797012822192082,"standard_error":0.019086791463296}}