{"mean":{"confidence_interval":{"confidence_level":0.95,"lower_bound":32.658074284526926,"upper_bound":32.72833975735836},"point_estimate":32.690499415311635,"standard_error":0.01788893454747313},"median":{"confidence_interval":{"confidence_level":0.95,"lower_bound":32.65763716468818,"upper_bound":32.70826137927796},"point_estimate":32.68440180931185,"standard_error":0.01370337872826738},"median_abs_dev":{"confidence_interval":{"confidence_level":0.95,"lower_bound":0.0729075972220449,"upper_bound":0.14064522339196783},"point_estimate":0.10421710733723244,"standard_error":0.016749467972876655},"slope":{"confidence_interval":{"confidence_level":0.95,"lower_bound":32.66908755855546,"upper_bound":32.715181287915165},"point_estimate":32.692428246331026,"standard_error":0.011764617043498994},"std_dev":{"confidence_interval":{"confidence_level":0.95,"lower_bound":0.11308373208552609,"upper_bound":0.2533121469232771},"point_estimate":0.17994822356922782,"standard_error":0.03955813215082541}}