{"mean":{"confidence_interval":{"confidence_level":0.95,"lower_bound":41507.71188110374,"upper_bound":41570.11440420585},"point_estimate":41534.574318054336,"standard_error":16.06189643479288},"median":{"confidence_interval":{"confidence_level":0.95,"lower_bound":41501.39184679896,"upper_bound":41512.7675350328},"point_estimate":41505.99833683473,"standard_error":3.5008243708050752},"median_abs_dev":{"confidence_interval":{"confidence_level":0.95,"lower_bound":20.341928157801277,"upper_bound":36.89169867442949},"point_estimate":28.381586212548925,"standard_error":4.259257863678377},"slope":{"confidence_interval":{"confidence_level":0.95,"lower_bound":41508.9281410713,"upper_bound":41541.80345886494},"point_estimate":41522.99719521206,"standard_error":8.440763783008629},"std_dev":{"confidence_interval":{"confidence_level":0.95,"lower_bound":63.130834790201845,"upper_bound":249.97558719883338},"point_estimate":161.3988305215158,"standard_error":52.465552653816005}}