{"mean":{"confidence_interval":{"confidence_level":0.95,"lower_bound":280045458.04,"upper_bound":280515968.86225003},"point_estimate":280269233.93,"standard_error":120145.23578311573},"median":{"confidence_interval":{"confidence_level":0.95,"lower_bound":279745024.0,"upper_bound":280064375.0},"point_estimate":279938179.5,"standard_error":68441.39347898257},"median_abs_dev":{"confidence_interval":{"confidence_level":0.95,"lower_bound":552421.1979925632,"upper_bound":1010219.9004650116},"point_estimate":782712.7106040716,"standard_error":113986.92080642491},"slope":null,"std_dev":{"confidence_interval":{"confidence_level":0.95,"lower_bound":906574.2393615104,"upper_bound":1515900.9246911197},"point_estimate":1209132.0596944967,"standard_error":158120.08809148433}}