{"mean":{"confidence_interval":{"confidence_level":0.95,"lower_bound":262089166.3245,"upper_bound":262404090.76025},"point_estimate":262237461.73,"standard_error":80398.54657868597},"median":{"confidence_interval":{"confidence_level":0.95,"lower_bound":261890058.0,"upper_bound":261941542.0},"point_estimate":261904241.5,"standard_error":14655.759631758954},"median_abs_dev":{"confidence_interval":{"confidence_level":0.95,"lower_bound":102564.04227912426,"upper_bound":201377.84792482853},"point_estimate":141811.42878234386,"standard_error":24414.66791565352},"slope":null,"std_dev":{"confidence_interval":{"confidence_level":0.95,"lower_bound":574791.3315100883,"upper_bound":1002239.6049073318},"point_estimate":808600.8962709471,"standard_error":109416.28548529868}}