{"mean":{"confidence_interval":{"confidence_level":0.95,"lower_bound":0.013605965355385937,"upper_bound":0.02344083785072154},"point_estimate":0.018499887142797933,"standard_error":0.0025171910090668412},"median":{"confidence_interval":{"confidence_level":0.95,"lower_bound":0.02154748878906587,"upper_bound":0.027536146100741066},"point_estimate":0.02491003711201456,"standard_error":0.0019300714945999762}}