{"mean":{"confidence_interval":{"confidence_level":0.95,"lower_bound":33314.603729434195,"upper_bound":33432.40702227377},"point_estimate":33369.09197304387,"standard_error":30.031177399777775},"median":{"confidence_interval":{"confidence_level":0.95,"lower_bound":33273.80194518126,"upper_bound":33325.61597096189},"point_estimate":33291.65103967732,"standard_error":11.081800925370136},"median_abs_dev":{"confidence_interval":{"confidence_level":0.95,"lower_bound":60.847051997317365,"upper_bound":113.65106679253904},"point_estimate":90.72011355205022,"standard_error":13.055430716533252},"slope":{"confidence_interval":{"confidence_level":0.95,"lower_bound":33292.433061927506,"upper_bound":33322.62088178927},"point_estimate":33306.54046381272,"standard_error":7.714499729425359},"std_dev":{"confidence_interval":{"confidence_level":0.95,"lower_bound":185.36066069893724,"upper_bound":395.46538851296054},"point_estimate":301.2295347033412,"standard_error":53.4179952340976}}