{"mean":{"confidence_interval":{"confidence_level":0.95,"lower_bound":32507.61309305922,"upper_bound":32583.788071755884},"point_estimate":32545.46727421904,"standard_error":19.36471697959332},"median":{"confidence_interval":{"confidence_level":0.95,"lower_bound":32507.314423433443,"upper_bound":32557.30910138249},"point_estimate":32537.255587418127,"standard_error":11.474882867625306},"median_abs_dev":{"confidence_interval":{"confidence_level":0.95,"lower_bound":83.63694024732021,"upper_bound":140.2256669688382},"point_estimate":123.66703036614194,"standard_error":14.434917490494323},"slope":{"confidence_interval":{"confidence_level":0.95,"lower_bound":32544.440336179166,"upper_bound":32606.08900252046},"point_estimate":32573.9955251529,"standard_error":15.696048147616617},"std_dev":{"confidence_interval":{"confidence_level":0.95,"lower_bound":151.53190275709824,"upper_bound":233.83791387066216},"point_estimate":195.29337180898204,"standard_error":21.052561624711377}}