{"mean":{"confidence_interval":{"confidence_level":0.95,"lower_bound":8815.536157948916,"upper_bound":9198.998376105244},"point_estimate":8990.825324826574,"standard_error":98.2030877652729},"median":{"confidence_interval":{"confidence_level":0.95,"lower_bound":8562.483210483211,"upper_bound":8754.21963342653},"point_estimate":8642.80182278552,"standard_error":52.86982691167533},"median_abs_dev":{"confidence_interval":{"confidence_level":0.95,"lower_bound":236.52705697012908,"upper_bound":495.4275122138737},"point_estimate":328.7028322102706,"standard_error":69.54787753367634},"slope":{"confidence_interval":{"confidence_level":0.95,"lower_bound":8892.306296489529,"upper_bound":9322.243838296816},"point_estimate":9093.78583888159,"standard_error":109.92729348113619},"std_dev":{"confidence_interval":{"confidence_level":0.95,"lower_bound":604.1688499379713,"upper_bound":1364.5513394117995},"point_estimate":982.1475862818874,"standard_error":203.23395532778935}}