{"mean":{"confidence_interval":{"confidence_level":0.95,"lower_bound":2608762.0220789495,"upper_bound":2613559.514223686},"point_estimate":2610856.0731578963,"standard_error":1230.502374793079},"median":{"confidence_interval":{"confidence_level":0.95,"lower_bound":2607100.947368421,"upper_bound":2608731.052631579},"point_estimate":2607954.078947368,"standard_error":463.75304284881867},"median_abs_dev":{"confidence_interval":{"confidence_level":0.95,"lower_bound":2141.18648830204,"upper_bound":3913.6737726238644},"point_estimate":3015.023109631352,"standard_error":415.84655444609217},"slope":null,"std_dev":{"confidence_interval":{"confidence_level":0.95,"lower_bound":4557.746685751658,"upper_bound":18410.39509589382},"point_estimate":12288.068947683261,"standard_error":3547.3419970841223}}