{"mean":{"confidence_interval":{"confidence_level":0.95,"lower_bound":231996.04344000062,"upper_bound":232191.45860000004},"point_estimate":232091.26723999996,"standard_error":49.9120713727047},"median":{"confidence_interval":{"confidence_level":0.95,"lower_bound":230069.7,"upper_bound":230126.3},"point_estimate":230097.7,"standard_error":14.29058067808852},"median_abs_dev":{"confidence_interval":{"confidence_level":0.95,"lower_bound":628.4704223423702,"upper_bound":731.9596070050934},"point_estimate":680.2168679237625,"standard_error":25.91560291427951},"slope":null,"std_dev":{"confidence_interval":{"confidence_level":0.95,"lower_bound":3039.977455742942,"upper_bound":4035.2563970652022},"point_estimate":3520.911369165189,"standard_error":255.27298148949072}}