{"mean":{"confidence_interval":{"confidence_level":0.95,"lower_bound":215700.85959999985,"upper_bound":215898.24891304335},"point_estimate":215799.10908695657,"standard_error":50.211405884586846},"median":{"confidence_interval":{"confidence_level":0.95,"lower_bound":215638.33695652173,"upper_bound":215785.40217391305},"point_estimate":215699.20652173914,"standard_error":42.388621692949286},"median_abs_dev":{"confidence_interval":{"confidence_level":0.95,"lower_bound":881.7441039111341,"upper_bound":1157.6366207521783},"point_estimate":1001.5123974370117,"standard_error":69.2798152779732},"slope":null,"std_dev":{"confidence_interval":{"confidence_level":0.95,"lower_bound":1046.5701695443677,"upper_bound":1196.2729919383655},"point_estimate":1123.016614006523,"standard_error":38.21595232883161}}