{"mean":{"confidence_interval":{"confidence_level":0.95,"lower_bound":26445239.244,"upper_bound":31207029.385},"point_estimate":28761293.53,"standard_error":1216355.8421748076},"median":{"confidence_interval":{"confidence_level":0.95,"lower_bound":24273593.75,"upper_bound":31016375.0},"point_estimate":27449812.5,"standard_error":1609661.8118823466},"median_abs_dev":{"confidence_interval":{"confidence_level":0.95,"lower_bound":8602817.48186946,"upper_bound":13280374.06757623},"point_estimate":10553239.645792544,"standard_error":1149701.3370708479},"slope":null,"std_dev":{"confidence_interval":{"confidence_level":0.95,"lower_bound":9901079.893147342,"upper_bound":14303659.501677413},"point_estimate":12163753.04966801,"standard_error":1135551.2874910191}}