{"mean":{"confidence_interval":{"confidence_level":0.95,"lower_bound":-0.0014005872260231893,"upper_bound":0.003241426971760952},"point_estimate":0.001219808325573668,"standard_error":0.0011841512253977907},"median":{"confidence_interval":{"confidence_level":0.95,"lower_bound":0.003742853341839325,"upper_bound":0.005046399302973459},"point_estimate":0.0045617505229942346,"standard_error":0.0003447850392115659}}