{"mean":{"confidence_interval":{"confidence_level":0.95,"lower_bound":852.1973236147375,"upper_bound":859.8820880965472},"point_estimate":855.934259887095,"standard_error":1.9574129807420377},"median":{"confidence_interval":{"confidence_level":0.95,"lower_bound":848.7100159873892,"upper_bound":849.7167919799499},"point_estimate":848.9094253081216,"standard_error":0.25071034610158316},"median_abs_dev":{"confidence_interval":{"confidence_level":0.95,"lower_bound":1.536992289392137,"upper_bound":6.979018577645679},"point_estimate":2.6201360946173238,"standard_error":1.5397844136908068},"slope":{"confidence_interval":{"confidence_level":0.95,"lower_bound":865.2175201134642,"upper_bound":876.0490251900675},"point_estimate":871.0630837697169,"standard_error":2.760048617203805},"std_dev":{"confidence_interval":{"confidence_level":0.95,"lower_bound":16.653304804617605,"upper_bound":21.737981045609082},"point_estimate":19.55151432857566,"standard_error":1.29883560231527}}