{"mean":{"confidence_interval":{"confidence_level":0.95,"lower_bound":-0.0007709335606761235,"upper_bound":0.0001486971517512869},"point_estimate":-0.0003582609153758298,"standard_error":0.00023546241544317227},"median":{"confidence_interval":{"confidence_level":0.95,"lower_bound":-0.0008977860262292274,"upper_bound":-0.0004426212487083081},"point_estimate":-0.0006776250078832646,"standard_error":0.00011389245290911624}}