{"mean":{"confidence_interval":{"confidence_level":0.95,"lower_bound":27208578.703625,"upper_bound":32669065.79275},"point_estimate":29853374.595,"standard_error":1390784.3595330594},"median":{"confidence_interval":{"confidence_level":0.95,"lower_bound":24972021.0,"upper_bound":29678021.0},"point_estimate":27298166.75,"standard_error":1250393.6399547637},"median_abs_dev":{"confidence_interval":{"confidence_level":0.95,"lower_bound":9079334.0090096,"upper_bound":15751636.196802557},"point_estimate":12181041.013093293,"standard_error":1746195.8974906413},"slope":null,"std_dev":{"confidence_interval":{"confidence_level":0.95,"lower_bound":11265248.462580763,"upper_bound":16440359.684439965},"point_estimate":14004664.608238943,"standard_error":1319025.0741492878}}