{"mean":{"confidence_interval":{"confidence_level":0.95,"lower_bound":27140685.795,"upper_bound":31713634.995},"point_estimate":29369050.16,"standard_error":1164054.3248120747},"median":{"confidence_interval":{"confidence_level":0.95,"lower_bound":25023291.5,"upper_bound":31057833.5},"point_estimate":28322604.0,"standard_error":1519100.677717258},"median_abs_dev":{"confidence_interval":{"confidence_level":0.95,"lower_bound":8652345.957890153,"upper_bound":13654760.954229534},"point_estimate":11194062.349815667,"standard_error":1327056.8531976077},"slope":null,"std_dev":{"confidence_interval":{"confidence_level":0.95,"lower_bound":9230398.963076023,"upper_bound":14358758.267835893},"point_estimate":11726356.407859234,"standard_error":1330710.2361953822}}