{"mean":{"confidence_interval":{"confidence_level":0.95,"lower_bound":0.001407048826131091,"upper_bound":0.004002974125913655},"point_estimate":0.0026713642925593195,"standard_error":0.0006516769764233252},"median":{"confidence_interval":{"confidence_level":0.95,"lower_bound":0.0023841706424785336,"upper_bound":0.002703814470724719},"point_estimate":0.0025619346822698397,"standard_error":0.00008065151771607999}}