{"mean":{"confidence_interval":{"confidence_level":0.95,"lower_bound":793.8902128217288,"upper_bound":795.021220704402},"point_estimate":794.4270369835398,"standard_error":0.288324393845808},"median":{"confidence_interval":{"confidence_level":0.95,"lower_bound":793.7141176470589,"upper_bound":794.1388229799852},"point_estimate":793.8777744992672,"standard_error":0.0997500106259603},"median_abs_dev":{"confidence_interval":{"confidence_level":0.95,"lower_bound":0.9495040528946112,"upper_bound":1.6507870502226312},"point_estimate":1.286675411995681,"standard_error":0.16909830961628886},"slope":{"confidence_interval":{"confidence_level":0.95,"lower_bound":793.9468904849067,"upper_bound":795.2405909516918},"point_estimate":794.5380891857544,"standard_error":0.3307699459904258},"std_dev":{"confidence_interval":{"confidence_level":0.95,"lower_bound":1.9363918848742623,"upper_bound":3.7127599580941553},"point_estimate":2.910983118464297,"standard_error":0.4542434893801388}}