{"mean":{"confidence_interval":{"confidence_level":0.95,"lower_bound":22314199.226666674,"upper_bound":22385092.07475},"point_estimate":22346993.43666667,"standard_error":18199.5070725339},"median":{"confidence_interval":{"confidence_level":0.95,"lower_bound":22258176.833333332,"upper_bound":22303121.166666668},"point_estimate":22260443.666666668,"standard_error":12189.05629975437},"median_abs_dev":{"confidence_interval":{"confidence_level":0.95,"lower_bound":6773.257979747872,"upper_bound":71971.33312225065},"point_estimate":12874.651071432934,"standard_error":17287.930857906606},"slope":null,"std_dev":{"confidence_interval":{"confidence_level":0.95,"lower_bound":114332.28577782557,"upper_bound":238982.8273799018},"point_estimate":181319.79913917044,"standard_error":32078.568138952287}}