{"mean":{"confidence_interval":{"confidence_level":0.95,"lower_bound":21385408.701583326,"upper_bound":21408608.5685},"point_estimate":21396900.496666666,"standard_error":5903.5336955275325},"median":{"confidence_interval":{"confidence_level":0.95,"lower_bound":21376531.0,"upper_bound":21403483.0},"point_estimate":21387848.833333332,"standard_error":6401.226915165201},"median_abs_dev":{"confidence_interval":{"confidence_level":0.95,"lower_bound":40430.00708222573,"upper_bound":75539.95125889778},"point_estimate":59245.930448172636,"standard_error":9178.472311233189},"slope":null,"std_dev":{"confidence_interval":{"confidence_level":0.95,"lower_bound":51010.32756946575,"upper_bound":66325.07595471211},"point_estimate":59157.834069899305,"standard_error":3888.650925216466}}