{"mean":{"confidence_interval":{"confidence_level":0.95,"lower_bound":17229440.778500002,"upper_bound":17270882.919500005},"point_estimate":17250042.660000004,"standard_error":10567.247192797122},"median":{"confidence_interval":{"confidence_level":0.95,"lower_bound":17189439.333333336,"upper_bound":17292035.0},"point_estimate":17260298.5,"standard_error":27710.817127413724},"median_abs_dev":{"confidence_interval":{"confidence_level":0.95,"lower_bound":101358.68850052357,"upper_bound":168782.6404035073},"point_estimate":145420.57131826694,"standard_error":17208.187126616063},"slope":null,"std_dev":{"confidence_interval":{"confidence_level":0.95,"lower_bound":97036.53413424967,"upper_bound":113676.66981013914},"point_estimate":106154.73794668635,"standard_error":4229.497613349948}}