{"mean":{"confidence_interval":{"confidence_level":0.95,"lower_bound":16136491.667312501,"upper_bound":16189052.8461875},"point_estimate":16161168.385,"standard_error":13459.275075071642},"median":{"confidence_interval":{"confidence_level":0.95,"lower_bound":16107420.75,"upper_bound":16136807.25},"point_estimate":16118722.375,"standard_error":8786.18398411687},"median_abs_dev":{"confidence_interval":{"confidence_level":0.95,"lower_bound":36146.528658270836,"upper_bound":58008.02124515176},"point_estimate":46069.75560709834,"standard_error":5532.498366342716},"slope":null,"std_dev":{"confidence_interval":{"confidence_level":0.95,"lower_bound":92679.35990896093,"upper_bound":167460.82165314342},"point_estimate":134670.25479870645,"standard_error":19212.052330137634}}