{"mean":{"confidence_interval":{"confidence_level":0.95,"lower_bound":-0.053088703692990125,"upper_bound":-0.04728042947478599},"point_estimate":-0.05022907061184301,"standard_error":0.0014822095619956418},"median":{"confidence_interval":{"confidence_level":0.95,"lower_bound":-0.053579037446759736,"upper_bound":-0.05115113555565387},"point_estimate":-0.052372741166276104,"standard_error":0.0006512525862713351}}