{"mean":{"confidence_interval":{"confidence_level":0.95,"lower_bound":0.012511642899686138,"upper_bound":0.02016126297538383},"point_estimate":0.01629527332953007,"standard_error":0.0019469003372627807},"median":{"confidence_interval":{"confidence_level":0.95,"lower_bound":0.008324605090568094,"upper_bound":0.022395597638878773},"point_estimate":0.019293510145386827,"standard_error":0.003452991268708346}}