{"mean":{"confidence_interval":{"confidence_level":0.95,"lower_bound":-0.0010144890201160574,"upper_bound":0.0017310956754288333},"point_estimate":0.0005153817632026492,"standard_error":0.0007007162256975258},"median":{"confidence_interval":{"confidence_level":0.95,"lower_bound":0.0008170799520257344,"upper_bound":0.001318220603522935},"point_estimate":0.001087296396901305,"standard_error":0.00012829234424609141}}