{"mean":{"confidence_interval":{"confidence_level":0.95,"lower_bound":-0.01624158624634037,"upper_bound":-0.010495696677703373},"point_estimate":-0.013509229869163475,"standard_error":0.0014698673117191263},"median":{"confidence_interval":{"confidence_level":0.95,"lower_bound":-0.017352051726304607,"upper_bound":-0.013352504567008205},"point_estimate":-0.015428432819822091,"standard_error":0.0011055688040092048}}