{"mean":{"confidence_interval":{"confidence_level":0.95,"lower_bound":-0.0341269126697835,"upper_bound":-0.02578193735024518},"point_estimate":-0.029899024110177863,"standard_error":0.002131264456593546},"median":{"confidence_interval":{"confidence_level":0.95,"lower_bound":-0.029631637489978546,"upper_bound":-0.024291748610200448},"point_estimate":-0.02743938865851847,"standard_error":0.0013901885496404962}}