{"mean":{"confidence_interval":{"confidence_level":0.95,"lower_bound":4400127.02625,"upper_bound":4407303.474770835},"point_estimate":4403548.582500001,"standard_error":1828.4876149306133},"median":{"confidence_interval":{"confidence_level":0.95,"lower_bound":4390384.416666667,"upper_bound":4409880.333333333},"point_estimate":4401333.375,"standard_error":6588.852675404121},"median_abs_dev":{"confidence_interval":{"confidence_level":0.95,"lower_bound":6878.769677878577,"upper_bound":26722.62902557758},"point_estimate":17985.79093068838,"standard_error":4914.098275972311},"slope":null,"std_dev":{"confidence_interval":{"confidence_level":0.95,"lower_bound":14051.952818582819,"upper_bound":23000.947257659063},"point_estimate":18363.144777623118,"standard_error":2342.6009048783894}}