{"mean":{"confidence_interval":{"confidence_level":0.95,"lower_bound":378040.31956111075,"upper_bound":378483.35764444433},"point_estimate":378255.8337777777,"standard_error":113.33871645643656},"median":{"confidence_interval":{"confidence_level":0.95,"lower_bound":377887.77777777775,"upper_bound":378571.0370370371},"point_estimate":378338.2037037037,"standard_error":166.02901466689238},"median_abs_dev":{"confidence_interval":{"confidence_level":0.95,"lower_bound":1575.3709214760188,"upper_bound":2273.265048530317},"point_estimate":1878.454166650772,"standard_error":164.21482604803015},"slope":null,"std_dev":{"confidence_interval":{"confidence_level":0.95,"lower_bound":2097.7936955459863,"upper_bound":2943.79340846682},"point_estimate":2529.4422666942237,"standard_error":216.14976992698286}}