{"mean":{"confidence_interval":{"confidence_level":0.95,"lower_bound":433560.4650833332,"upper_bound":434155.39774375013},"point_estimate":433858.60441666696,"standard_error":151.83728495593948},"median":{"confidence_interval":{"confidence_level":0.95,"lower_bound":434614.5625,"upper_bound":435181.3125},"point_estimate":434950.4375,"standard_error":145.392001274072},"median_abs_dev":{"confidence_interval":{"confidence_level":0.95,"lower_bound":1537.6106102018973,"upper_bound":2485.520941810697},"point_estimate":1963.2712401449824,"standard_error":227.1441239841196},"slope":null,"std_dev":{"confidence_interval":{"confidence_level":0.95,"lower_bound":3119.938310918539,"upper_bound":3638.519436125453},"point_estimate":3384.5051197992366,"standard_error":132.68593340077538}}