{"mean":{"confidence_interval":{"confidence_level":0.95,"lower_bound":459678.99529999937,"upper_bound":462015.79660869524},"point_estimate":460841.05765217374,"standard_error":595.0240292638326},"median":{"confidence_interval":{"confidence_level":0.95,"lower_bound":448869.5652173913,"upper_bound":455824.1521739131},"point_estimate":450924.3695652174,"standard_error":2946.7276160924594},"median_abs_dev":{"confidence_interval":{"confidence_level":0.95,"lower_bound":822.4884506153426,"upper_bound":11128.298711128826},"point_estimate":3922.0570781956735,"standard_error":3690.5474649100747},"slope":null,"std_dev":{"confidence_interval":{"confidence_level":0.95,"lower_bound":12910.28461256547,"upper_bound":13667.872571237425},"point_estimate":13291.4301641877,"standard_error":193.05888561467825}}