{"mean":{"confidence_interval":{"confidence_level":0.95,"lower_bound":43873.05507188762,"upper_bound":45091.77884745141},"point_estimate":44494.469576435105,"standard_error":312.08438385090454},"median":{"confidence_interval":{"confidence_level":0.95,"lower_bound":45509.48627071941,"upper_bound":46202.84091212606},"point_estimate":45599.54381085338,"standard_error":192.4498444299352},"median_abs_dev":{"confidence_interval":{"confidence_level":0.95,"lower_bound":1270.0019449026552,"upper_bound":2306.602559798866},"point_estimate":2168.37264034497,"standard_error":281.7171136801337},"slope":{"confidence_interval":{"confidence_level":0.95,"lower_bound":43678.641490048765,"upper_bound":44777.05224776911},"point_estimate":44281.04308131373,"standard_error":279.8605906697121},"std_dev":{"confidence_interval":{"confidence_level":0.95,"lower_bound":2762.631351503457,"upper_bound":3409.424988447364},"point_estimate":3142.1853660653455,"standard_error":165.56688261276167}}