{"mean":{"confidence_interval":{"confidence_level":0.95,"lower_bound":37634.788455646194,"upper_bound":37735.724310540136},"point_estimate":37683.498913287134,"standard_error":25.849060123369178},"median":{"confidence_interval":{"confidence_level":0.95,"lower_bound":37562.346426177304,"upper_bound":37612.83554376658},"point_estimate":37585.68688520559,"standard_error":12.50999846054204},"median_abs_dev":{"confidence_interval":{"confidence_level":0.95,"lower_bound":66.9539743782067,"upper_bound":143.61465058167386},"point_estimate":99.33171549992656,"standard_error":19.122756583423506},"slope":{"confidence_interval":{"confidence_level":0.95,"lower_bound":37594.58004982282,"upper_bound":37697.571854268084},"point_estimate":37641.96415091337,"standard_error":26.290000399973376},"std_dev":{"confidence_interval":{"confidence_level":0.95,"lower_bound":199.6062544989127,"upper_bound":313.86496539189864},"point_estimate":259.47743146812337,"standard_error":29.288187129318132}}