{"mean":{"confidence_interval":{"confidence_level":0.95,"lower_bound":-0.008207674280361543,"upper_bound":0.0018239965952762515},"point_estimate":-0.003113635461288733,"standard_error":0.0025509001457965173},"median":{"confidence_interval":{"confidence_level":0.95,"lower_bound":-0.0014037567299041154,"upper_bound":0.0018440925276450582},"point_estimate":0.000940848438252706,"standard_error":0.0008683010418967278}}