{"mean":{"confidence_interval":{"confidence_level":0.95,"lower_bound":684233.97838,"upper_bound":685197.63476},"point_estimate":684708.64878,"standard_error":243.83919935345062},"median":{"confidence_interval":{"confidence_level":0.95,"lower_bound":660381.0,"upper_bound":662607.5},"point_estimate":661416.5,"standard_error":564.9906850744662},"median_abs_dev":{"confidence_interval":{"confidence_level":0.95,"lower_bound":30861.059752106667,"upper_bound":34427.45398879051},"point_estimate":32534.915122389793,"standard_error":908.6496911856567},"slope":null,"std_dev":{"confidence_interval":{"confidence_level":0.95,"lower_bound":54448.93880527091,"upper_bound":55496.47732192869},"point_estimate":54972.47258106225,"standard_error":269.8862864619725}}