{"mean":{"confidence_interval":{"confidence_level":0.95,"lower_bound":32317.8622420099,"upper_bound":32397.27709416542},"point_estimate":32357.298638909386,"standard_error":20.28042695416191},"median":{"confidence_interval":{"confidence_level":0.95,"lower_bound":32297.258333333335,"upper_bound":32462.9},"point_estimate":32346.47595568783,"standard_error":36.60240414234149},"median_abs_dev":{"confidence_interval":{"confidence_level":0.95,"lower_bound":137.28875756263787,"upper_bound":242.3927406966715},"point_estimate":203.80144334651274,"standard_error":28.549925267880226},"slope":{"confidence_interval":{"confidence_level":0.95,"lower_bound":32289.811285157582,"upper_bound":32385.30407178933},"point_estimate":32335.01823880597,"standard_error":24.398810448577883},"std_dev":{"confidence_interval":{"confidence_level":0.95,"lower_bound":165.1829301824241,"upper_bound":241.5139935308682},"point_estimate":204.07877637070033,"standard_error":19.48216650321281}}