{"mean":{"confidence_interval":{"confidence_level":0.95,"lower_bound":2.133577361604511,"upper_bound":2.15588227551206},"point_estimate":2.145282397992264,"standard_error":0.005694090509470601},"median":{"confidence_interval":{"confidence_level":0.95,"lower_bound":2.1396327140552054,"upper_bound":2.1598221282663883},"point_estimate":2.146486590864066,"standard_error":0.004850164659039533}}