{"mean":{"confidence_interval":{"confidence_level":0.95,"lower_bound":0.05401916780483599,"upper_bound":0.1422430228526038},"point_estimate":0.0961398069184165,"standard_error":0.023597393964289313},"median":{"confidence_interval":{"confidence_level":0.95,"lower_bound":0.012961619945088442,"upper_bound":0.03701638060131729},"point_estimate":0.017634273099853104,"standard_error":0.004844310355011571}}