{"mean":{"confidence_interval":{"confidence_level":0.95,"lower_bound":-0.0025900853322564643,"upper_bound":0.006471895280144767},"point_estimate":0.002017643067537378,"standard_error":0.002315192892158836},"median":{"confidence_interval":{"confidence_level":0.95,"lower_bound":-0.001113964070840745,"upper_bound":0.010587487219768876},"point_estimate":0.006786533112235871,"standard_error":0.002466346832680033}}