{"mean":{"confidence_interval":{"confidence_level":0.95,"lower_bound":35097025.4625,"upper_bound":35171661.266499996},"point_estimate":35132740.22,"standard_error":19093.721788906572},"median":{"confidence_interval":{"confidence_level":0.95,"lower_bound":35075467.0,"upper_bound":35105297.5},"point_estimate":35085673.25,"standard_error":6132.532842335571},"median_abs_dev":{"confidence_interval":{"confidence_level":0.95,"lower_bound":48465.08118957281,"upper_bound":143362.9696547985},"point_estimate":83623.08631539345,"standard_error":23137.08707054541},"slope":null,"std_dev":{"confidence_interval":{"confidence_level":0.95,"lower_bound":139595.25075547505,"upper_bound":236341.61850232224},"point_estimate":191700.65114087367,"standard_error":24752.522288570828}}