{"mean":{"confidence_interval":{"confidence_level":0.95,"lower_bound":34487655.75,"upper_bound":34560118.967250004},"point_estimate":34523055.13,"standard_error":18487.962786718505},"median":{"confidence_interval":{"confidence_level":0.95,"lower_bound":34496915.5,"upper_bound":34559217.75},"point_estimate":34535583.5,"standard_error":15900.913059135919},"median_abs_dev":{"confidence_interval":{"confidence_level":0.95,"lower_bound":96781.16108179092,"upper_bound":195678.0015922706},"point_estimate":143898.92954528332,"standard_error":25631.392744002096},"slope":null,"std_dev":{"confidence_interval":{"confidence_level":0.95,"lower_bound":143600.09077072344,"upper_bound":226401.7431919233},"point_estimate":186035.39429727208,"standard_error":21255.99073138152}}