{"mean":{"confidence_interval":{"confidence_level":0.95,"lower_bound":52510.67350592526,"upper_bound":52901.43314672481},"point_estimate":52693.90734211412,"standard_error":100.15635559872429},"median":{"confidence_interval":{"confidence_level":0.95,"lower_bound":52255.13397129186,"upper_bound":52412.7722323049},"point_estimate":52346.75825842311,"standard_error":41.49990734926916},"median_abs_dev":{"confidence_interval":{"confidence_level":0.95,"lower_bound":206.56609248656866,"upper_bound":397.50821303046166},"point_estimate":301.8638358384089,"standard_error":51.70544391187175},"slope":{"confidence_interval":{"confidence_level":0.95,"lower_bound":52196.979905544504,"upper_bound":52488.4813343318},"point_estimate":52320.91528252432,"standard_error":75.56771082970612},"std_dev":{"confidence_interval":{"confidence_level":0.95,"lower_bound":693.2525670601574,"upper_bound":1270.8126890884434},"point_estimate":1006.7557587545343,"standard_error":147.77357165797446}}