{"mean":{"confidence_interval":{"confidence_level":0.95,"lower_bound":-0.009092150722804181,"upper_bound":-0.004821899990203832},"point_estimate":-0.007016588401882573,"standard_error":0.00108870580768588},"median":{"confidence_interval":{"confidence_level":0.95,"lower_bound":-0.009267121853531957,"upper_bound":-0.006777729573127944},"point_estimate":-0.008310020845722521,"standard_error":0.0006369804727548757}}