{"mean":{"confidence_interval":{"confidence_level":0.95,"lower_bound":-0.0383765195524569,"upper_bound":-0.03229025787967122},"point_estimate":-0.03527485600077007,"standard_error":0.001535371346303203},"median":{"confidence_interval":{"confidence_level":0.95,"lower_bound":-0.03380750096754557,"upper_bound":-0.03223207846029186},"point_estimate":-0.03296712266790436,"standard_error":0.00036932459749998664}}