{"mean":{"confidence_interval":{"confidence_level":0.95,"lower_bound":759787.1702075,"upper_bound":760989.95788},"point_estimate":760388.1097,"standard_error":307.98797849427655},"median":{"confidence_interval":{"confidence_level":0.95,"lower_bound":788352.0,"upper_bound":788484.5},"point_estimate":788422.5,"standard_error":33.637716001714445},"median_abs_dev":{"confidence_interval":{"confidence_level":0.95,"lower_bound":28503.72579395771,"upper_bound":28844.723787903786},"point_estimate":28677.189990878105,"standard_error":87.17039894225645},"slope":null,"std_dev":{"confidence_interval":{"confidence_level":0.95,"lower_bound":68595.46029197451,"upper_bound":69346.68771047024},"point_estimate":68973.70188509315,"standard_error":190.98176546189083}}