{"mean":{"confidence_interval":{"confidence_level":0.95,"lower_bound":-0.04656351262568892,"upper_bound":0.025103322854351295},"point_estimate":-0.011241954336591808,"standard_error":0.018265699357884947},"median":{"confidence_interval":{"confidence_level":0.95,"lower_bound":-0.050875853086181665,"upper_bound":0.05174472795659324},"point_estimate":-0.0034158440399983947,"standard_error":0.027043398724357386}}