{"mean":{"confidence_interval":{"confidence_level":0.95,"lower_bound":-0.056991684342201816,"upper_bound":0.013061339160968797},"point_estimate":-0.022356723423525682,"standard_error":0.01803797330023305},"median":{"confidence_interval":{"confidence_level":0.95,"lower_bound":-0.06368886048430335,"upper_bound":0.032166397573268224},"point_estimate":-0.012689559869050071,"standard_error":0.026227361387083068}}