{"mean":{"confidence_interval":{"confidence_level":0.95,"lower_bound":182923.30152962956,"upper_bound":188660.9690796297},"point_estimate":185335.04162962965,"standard_error":1493.9083446894517},"median":{"confidence_interval":{"confidence_level":0.95,"lower_bound":180252.46296296298,"upper_bound":181462.62962962964},"point_estimate":180621.96296296298,"standard_error":336.11031729930784},"median_abs_dev":{"confidence_interval":{"confidence_level":0.95,"lower_bound":2632.7385718706737,"upper_bound":3721.435756153529},"point_estimate":3229.651853773321,"standard_error":272.6290433902066},"slope":null,"std_dev":{"confidence_interval":{"confidence_level":0.95,"lower_bound":8728.909284884952,"upper_bound":51902.47225246009},"point_estimate":33515.75519371564,"standard_error":11869.801039585545}}