{"mean":{"confidence_interval":{"confidence_level":0.95,"lower_bound":244098.71015852538,"upper_bound":245464.37817945352},"point_estimate":244749.78408396972,"standard_error":350.45240939956204},"median":{"confidence_interval":{"confidence_level":0.95,"lower_bound":243422.23837209304,"upper_bound":244180.96717171717},"point_estimate":243634.63173076924,"standard_error":183.48292881225356},"median_abs_dev":{"confidence_interval":{"confidence_level":0.95,"lower_bound":1195.9691408118213,"upper_bound":2645.872901976455},"point_estimate":1484.8169833507684,"standard_error":384.33393181797305},"slope":{"confidence_interval":{"confidence_level":0.95,"lower_bound":243707.85955635633,"upper_bound":244761.82145741797},"point_estimate":244171.80264666764,"standard_error":269.6534746169833},"std_dev":{"confidence_interval":{"confidence_level":0.95,"lower_bound":2573.0314742408927,"upper_bound":4458.790297607851},"point_estimate":3527.669791723041,"standard_error":489.1396356014935}}