{"mean":{"confidence_interval":{"confidence_level":0.95,"lower_bound":154208.5980607691,"upper_bound":154250.77739307686},"point_estimate":154229.1510153847,"standard_error":10.753419416031063},"median":{"confidence_interval":{"confidence_level":0.95,"lower_bound":154110.9846153846,"upper_bound":154134.47692307693},"point_estimate":154124.36153846153,"standard_error":6.2619196571811715},"median_abs_dev":{"confidence_interval":{"confidence_level":0.95,"lower_bound":93.71172295167527,"upper_bound":138.53186061749224},"point_estimate":115.40330102809763,"standard_error":11.730691384844693},"slope":null,"std_dev":{"confidence_interval":{"confidence_level":0.95,"lower_bound":209.2536267831892,"upper_bound":275.2768534804156},"point_estimate":241.6963491028847,"standard_error":16.87825664532836}}