{"mean":{"confidence_interval":{"confidence_level":0.95,"lower_bound":-0.004853965145537661,"upper_bound":0.00004900967745226881},"point_estimate":-0.002400311174714509,"standard_error":0.0012520288437158557},"median":{"confidence_interval":{"confidence_level":0.95,"lower_bound":-0.0034535464531056936,"upper_bound":0.00038673533720090525},"point_estimate":-0.0008879647659578715,"standard_error":0.0010187024173280899}}