{"mean":{"confidence_interval":{"confidence_level":0.95,"lower_bound":204930.02007547155,"upper_bound":206842.94879245278},"point_estimate":205874.4397358491,"standard_error":490.4641614963391},"median":{"confidence_interval":{"confidence_level":0.95,"lower_bound":199212.1603773585,"upper_bound":200743.88679245283},"point_estimate":199988.22641509434,"standard_error":386.02177987216373},"median_abs_dev":{"confidence_interval":{"confidence_level":0.95,"lower_bound":1951.8218851595634,"upper_bound":3694.387372147343},"point_estimate":2500.992300881524,"standard_error":544.255255023987},"slope":null,"std_dev":{"confidence_interval":{"confidence_level":0.95,"lower_bound":10563.630776870765,"upper_bound":11336.028137931145},"point_estimate":10980.031008187005,"standard_error":197.16349461420856}}