{"mean":{"confidence_interval":{"confidence_level":0.95,"lower_bound":34653.392263558824,"upper_bound":34670.320738087714},"point_estimate":34661.42974539562,"standard_error":4.313935948630775},"median":{"confidence_interval":{"confidence_level":0.95,"lower_bound":34645.26121139235,"upper_bound":34656.194222652266},"point_estimate":34650.48414892413,"standard_error":2.7319643473270405},"median_abs_dev":{"confidence_interval":{"confidence_level":0.95,"lower_bound":17.191212055536926,"upper_bound":33.93286056398915},"point_estimate":23.855090381082316,"standard_error":4.185018699023263},"slope":{"confidence_interval":{"confidence_level":0.95,"lower_bound":34655.13356121542,"upper_bound":34670.7219728108},"point_estimate":34662.300675387145,"standard_error":3.9873106696565133},"std_dev":{"confidence_interval":{"confidence_level":0.95,"lower_bound":31.3886075797499,"upper_bound":55.28876230337216},"point_estimate":43.34410508398716,"standard_error":6.228806463809338}}