{"mean":{"confidence_interval":{"confidence_level":0.95,"lower_bound":-0.009029979107166155,"upper_bound":-0.00251348619936021},"point_estimate":-0.005615019192260151,"standard_error":0.0016897717269599604},"median":{"confidence_interval":{"confidence_level":0.95,"lower_bound":-0.0062052500200840965,"upper_bound":-0.0007467305051122031},"point_estimate":-0.0034724177565121916,"standard_error":0.0013465482276705638}}