{"mean":{"confidence_interval":{"confidence_level":0.95,"lower_bound":505422.44624338247,"upper_bound":506407.98883570876},"point_estimate":505882.28550092474,"standard_error":252.4757396301652},"median":{"confidence_interval":{"confidence_level":0.95,"lower_bound":504817.1538461539,"upper_bound":505466.51477272727},"point_estimate":505011.7172565033,"standard_error":168.1319867059939},"median_abs_dev":{"confidence_interval":{"confidence_level":0.95,"lower_bound":760.0928500078509,"upper_bound":1375.504203243137},"point_estimate":975.889804174633,"standard_error":147.9093835930631},"slope":{"confidence_interval":{"confidence_level":0.95,"lower_bound":505155.95647808653,"upper_bound":506277.0963654425},"point_estimate":505689.92763558443,"standard_error":285.1422807939385},"std_dev":{"confidence_interval":{"confidence_level":0.95,"lower_bound":1665.804413890282,"upper_bound":3316.0755491295586},"point_estimate":2534.5449397417715,"standard_error":425.1599854576833}}