{"mean":{"confidence_interval":{"confidence_level":0.95,"lower_bound":-0.04014613904996623,"upper_bound":-0.03515208696227951},"point_estimate":-0.037672477952279904,"standard_error":0.0012769172322417439},"median":{"confidence_interval":{"confidence_level":0.95,"lower_bound":-0.035713899777653935,"upper_bound":-0.033166647753475775},"point_estimate":-0.03445426342551572,"standard_error":0.000626326079316517}}