{"mean":{"confidence_interval":{"confidence_level":0.95,"lower_bound":0.01904893285210802,"upper_bound":0.035341740433447996},"point_estimate":0.028062296722376256,"standard_error":0.004143044531640945},"median":{"confidence_interval":{"confidence_level":0.95,"lower_bound":0.03398778989340645,"upper_bound":0.03695252221463474},"point_estimate":0.03523592352399274,"standard_error":0.0008249067383040954}}