{"mean":{"confidence_interval":{"confidence_level":0.95,"lower_bound":0.07490910642434705,"upper_bound":0.10857394168823128},"point_estimate":0.09269459121917145,"standard_error":0.008616680413306996},"median":{"confidence_interval":{"confidence_level":0.95,"lower_bound":0.11474307659046579,"upper_bound":0.12353267133009971},"point_estimate":0.11818658842476726,"standard_error":0.0022665814004981097}}