{"mean":{"confidence_interval":{"confidence_level":0.95,"lower_bound":-0.0014527814454468075,"upper_bound":0.0014352564454436162},"point_estimate":0.00016812475983840613,"standard_error":0.0007455570514302675},"median":{"confidence_interval":{"confidence_level":0.95,"lower_bound":0.0006340455303722236,"upper_bound":0.0009370292947881165},"point_estimate":0.0007610952703616114,"standard_error":0.0000728921992800781}}