{"mean":{"confidence_interval":{"confidence_level":0.95,"lower_bound":-0.018346512923592934,"upper_bound":-0.013741551878786002},"point_estimate":-0.015880005277612352,"standard_error":0.0011815145978092796},"median":{"confidence_interval":{"confidence_level":0.95,"lower_bound":-0.01647166645627063,"upper_bound":-0.014411323644637597},"point_estimate":-0.015422663951320636,"standard_error":0.000546526687838313}}