{"mean":{"confidence_interval":{"confidence_level":0.95,"lower_bound":2624977.570850001,"upper_bound":2637835.9980125003},"point_estimate":2630686.601500001,"standard_error":3306.7971825417244},"median":{"confidence_interval":{"confidence_level":0.95,"lower_bound":2620875.0,"upper_bound":2624564.575},"point_estimate":2622107.3,"standard_error":928.1517134405146},"median_abs_dev":{"confidence_interval":{"confidence_level":0.95,"lower_bound":6921.888627112257,"upper_bound":12727.120019048038},"point_estimate":9755.841411798985,"standard_error":1600.3015807657248},"slope":null,"std_dev":{"confidence_interval":{"confidence_level":0.95,"lower_bound":15298.90758366742,"upper_bound":48265.192665813236},"point_estimate":33345.55263538854,"standard_error":8551.458827074435}}