{"mean":{"confidence_interval":{"confidence_level":0.95,"lower_bound":-0.0247001802390921,"upper_bound":-0.018472764301986133},"point_estimate":-0.021591490997289298,"standard_error":0.0016132376853525811},"median":{"confidence_interval":{"confidence_level":0.95,"lower_bound":-0.021919453717329285,"upper_bound":-0.020136387526401234},"point_estimate":-0.02077611408877056,"standard_error":0.0004823275369114254}}