{"mean":{"confidence_interval":{"confidence_level":0.95,"lower_bound":48677.94280446469,"upper_bound":48815.00684702127},"point_estimate":48743.373444395926,"standard_error":34.956477327394936},"median":{"confidence_interval":{"confidence_level":0.95,"lower_bound":48642.553203997646,"upper_bound":48794.65151515151},"point_estimate":48722.91428571429,"standard_error":40.55092068361055},"median_abs_dev":{"confidence_interval":{"confidence_level":0.95,"lower_bound":190.15346393021056,"upper_bound":382.3767512670145},"point_estimate":266.6272498353174,"standard_error":53.352878559134844},"slope":{"confidence_interval":{"confidence_level":0.95,"lower_bound":48657.641906815676,"upper_bound":48869.82927911433},"point_estimate":48754.18248770293,"standard_error":54.59998518280413},"std_dev":{"confidence_interval":{"confidence_level":0.95,"lower_bound":264.5338211376153,"upper_bound":434.0950160731252},"point_estimate":352.8933016971349,"standard_error":43.46655973869614}}