{"mean":{"confidence_interval":{"confidence_level":0.95,"lower_bound":4929994.747727274,"upper_bound":4940070.536249998},"point_estimate":4935008.262727272,"standard_error":2577.286321743348},"median":{"confidence_interval":{"confidence_level":0.95,"lower_bound":4929680.363636363,"upper_bound":4942440.818181818},"point_estimate":4934113.909090908,"standard_error":2708.8067530979088},"median_abs_dev":{"confidence_interval":{"confidence_level":0.95,"lower_bound":22600.55182603291,"upper_bound":34241.539321635864},"point_estimate":29448.074586282448,"standard_error":3118.842112463031},"slope":null,"std_dev":{"confidence_interval":{"confidence_level":0.95,"lower_bound":21889.263622266968,"upper_bound":29826.21939825321},"point_estimate":25789.178026730777,"standard_error":2037.2491572035995}}