{"mean":{"confidence_interval":{"confidence_level":0.95,"lower_bound":0.0017996208951604536,"upper_bound":0.0054597904692079745},"point_estimate":0.0036597472392185804,"standard_error":0.0009380278373763388},"median":{"confidence_interval":{"confidence_level":0.95,"lower_bound":0.002297833297618341,"upper_bound":0.005576154557340285},"point_estimate":0.0034225553649980256,"standard_error":0.0009482029839163851}}