{"mean":{"confidence_interval":{"confidence_level":0.95,"lower_bound":-0.009003872730201881,"upper_bound":-0.0035591391049086653},"point_estimate":-0.006179323219971278,"standard_error":0.0013890936823636407},"median":{"confidence_interval":{"confidence_level":0.95,"lower_bound":-0.004235723194332408,"upper_bound":-0.0027140300411420126},"point_estimate":-0.003592053505604431,"standard_error":0.0003610912927496853}}