{"mean":{"confidence_interval":{"confidence_level":0.95,"lower_bound":-0.02829156758464,"upper_bound":-0.02313956633724754},"point_estimate":-0.02586249054228673,"standard_error":0.0013135833871856656},"median":{"confidence_interval":{"confidence_level":0.95,"lower_bound":-0.028445958048695763,"upper_bound":-0.02437820281935177},"point_estimate":-0.026024659244716752,"standard_error":0.0010901379956596304}}