{"mean":{"confidence_interval":{"confidence_level":0.95,"lower_bound":0.11150429126080437,"upper_bound":0.12274350555082096},"point_estimate":0.11736301024096685,"standard_error":0.002710148078361108},"median":{"confidence_interval":{"confidence_level":0.95,"lower_bound":0.12533585328827557,"upper_bound":0.12949927479595003},"point_estimate":0.12640950334796686,"standard_error":0.0011052919858155388}}