{"mean":{"confidence_interval":{"confidence_level":0.95,"lower_bound":-0.001598533268385549,"upper_bound":0.0019231346112526964},"point_estimate":-0.00015500497513587508,"standard_error":0.0009159595525714084},"median":{"confidence_interval":{"confidence_level":0.95,"lower_bound":-0.00045285362510472105,"upper_bound":0.00007522439947971193},"point_estimate":-0.00025677037657678703,"standard_error":0.0001336935964535736}}