{"mean":{"confidence_interval":{"confidence_level":0.95,"lower_bound":0.005689905054138073,"upper_bound":0.013436801895111166},"point_estimate":0.009397971671281757,"standard_error":0.0019869477830331108},"median":{"confidence_interval":{"confidence_level":0.95,"lower_bound":0.004677810444440045,"upper_bound":0.009300910905156955},"point_estimate":0.006661612519939464,"standard_error":0.001202387697331647}}