{"mean":{"confidence_interval":{"confidence_level":0.95,"lower_bound":37856.54794925239,"upper_bound":37959.242129253595},"point_estimate":37908.77681010455,"standard_error":26.474062743021},"median":{"confidence_interval":{"confidence_level":0.95,"lower_bound":37868.08155699722,"upper_bound":38003.811888111886},"point_estimate":37977.73178137652,"standard_error":52.6699995752437},"median_abs_dev":{"confidence_interval":{"confidence_level":0.95,"lower_bound":111.20581866981965,"upper_bound":239.02388888794584},"point_estimate":169.5923977857693,"standard_error":31.241571760547256},"slope":{"confidence_interval":{"confidence_level":0.95,"lower_bound":37894.929692743994,"upper_bound":38047.44857066895},"point_estimate":37968.79440577008,"standard_error":39.36242156689311},"std_dev":{"confidence_interval":{"confidence_level":0.95,"lower_bound":205.47630069228978,"upper_bound":322.76529279099117},"point_estimate":265.23349924152564,"standard_error":30.090041868626617}}