{"mean":{"confidence_interval":{"confidence_level":0.95,"lower_bound":0.02040249775614314,"upper_bound":0.031418145970872044},"point_estimate":0.02573906351845512,"standard_error":0.002811015882908986},"median":{"confidence_interval":{"confidence_level":0.95,"lower_bound":0.01848382322044273,"upper_bound":0.025990710156895025},"point_estimate":0.022119502139144487,"standard_error":0.0019847826981209556}}