{"mean":{"confidence_interval":{"confidence_level":0.95,"lower_bound":-0.0028885329668134636,"upper_bound":0.0029619859791748127},"point_estimate":-0.000025851826267686562,"standard_error":0.001495510344667813},"median":{"confidence_interval":{"confidence_level":0.95,"lower_bound":-0.0015477396999135085,"upper_bound":-0.00022152408926057188},"point_estimate":-0.0009856012686341176,"standard_error":0.0003445746190932073}}