{"mean":{"confidence_interval":{"confidence_level":0.95,"lower_bound":2.1407451068959182,"upper_bound":2.1665631865068407},"point_estimate":2.153058171800855,"standard_error":0.006585383780648251},"median":{"confidence_interval":{"confidence_level":0.95,"lower_bound":2.1526026050228033,"upper_bound":2.1636306301026114},"point_estimate":2.1567802452955056,"standard_error":0.00277616167721529}}