{"mean":{"confidence_interval":{"confidence_level":0.95,"lower_bound":-0.021636697383942635,"upper_bound":-0.014978939860471926},"point_estimate":-0.018104586740114947,"standard_error":0.0016950188859672253},"median":{"confidence_interval":{"confidence_level":0.95,"lower_bound":-0.01650402418829844,"upper_bound":-0.014806760645274303},"point_estimate":-0.01583116247844374,"standard_error":0.0004508392264292813}}