{"mean":{"confidence_interval":{"confidence_level":0.95,"lower_bound":52523.303895254096,"upper_bound":52735.84476298925},"point_estimate":52629.37468254196,"standard_error":53.93375643435503},"median":{"confidence_interval":{"confidence_level":0.95,"lower_bound":52591.42914556265,"upper_bound":52772.0},"point_estimate":52679.59089948953,"standard_error":49.429865828013625},"median_abs_dev":{"confidence_interval":{"confidence_level":0.95,"lower_bound":637.7713789556374,"upper_bound":869.56373231814},"point_estimate":756.7564704284557,"standard_error":60.97184795257991},"slope":{"confidence_interval":{"confidence_level":0.95,"lower_bound":52869.08742013698,"upper_bound":52963.220719404526},"point_estimate":52916.59078444909,"standard_error":24.0469081998298},"std_dev":{"confidence_interval":{"confidence_level":0.95,"lower_bound":1119.5316165552467,"upper_bound":1294.046726372237},"point_estimate":1209.9415960815963,"standard_error":44.44554935855358}}