{"mean":{"confidence_interval":{"confidence_level":0.95,"lower_bound":81359.7475871567,"upper_bound":81741.1632965555},"point_estimate":81546.21631175617,"standard_error":96.90327276067535},"median":{"confidence_interval":{"confidence_level":0.95,"lower_bound":81202.17803030302,"upper_bound":81458.984375},"point_estimate":81309.32001262627,"standard_error":64.10328919829955},"median_abs_dev":{"confidence_interval":{"confidence_level":0.95,"lower_bound":307.0753199348728,"upper_bound":598.675481587145},"point_estimate":483.8809685739032,"standard_error":74.12721498735733},"slope":{"confidence_interval":{"confidence_level":0.95,"lower_bound":81213.43342952168,"upper_bound":81650.17425292736},"point_estimate":81419.96291241811,"standard_error":110.84930127243139},"std_dev":{"confidence_interval":{"confidence_level":0.95,"lower_bound":697.2925817105026,"upper_bound":1221.5118104559476},"point_estimate":975.6892295865148,"standard_error":134.04522004003059}}