{"mean":{"confidence_interval":{"confidence_level":0.95,"lower_bound":-0.0379663174217868,"upper_bound":-0.03229822868583371},"point_estimate":-0.0350405619863664,"standard_error":0.0014400243839757315},"median":{"confidence_interval":{"confidence_level":0.95,"lower_bound":-0.03796223518558872,"upper_bound":-0.034346764047295086},"point_estimate":-0.035281884059472746,"standard_error":0.001080968017343981}}