{"mean":{"confidence_interval":{"confidence_level":0.95,"lower_bound":4549819.523795452,"upper_bound":4587649.131818181},"point_estimate":4567129.132727271,"standard_error":9685.761705741446},"median":{"confidence_interval":{"confidence_level":0.95,"lower_bound":4542534.090909091,"upper_bound":4560761.363636363},"point_estimate":4552939.363636363,"standard_error":4546.531126592733},"median_abs_dev":{"confidence_interval":{"confidence_level":0.95,"lower_bound":35141.59543974808,"upper_bound":57024.04154466759},"point_estimate":47816.544787449144,"standard_error":5314.916728862538},"slope":null,"std_dev":{"confidence_interval":{"confidence_level":0.95,"lower_bound":60210.69199507621,"upper_bound":137844.12467227125},"point_estimate":97069.8839583637,"standard_error":22324.543874856674}}