{"mean":{"confidence_interval":{"confidence_level":0.95,"lower_bound":4425403.294583333,"upper_bound":4442471.662041665},"point_estimate":4434093.7875,"standard_error":4361.048938043829},"median":{"confidence_interval":{"confidence_level":0.95,"lower_bound":4420197.916666667,"upper_bound":4434937.5},"point_estimate":4424760.416666666,"standard_error":3796.615201346909},"median_abs_dev":{"confidence_interval":{"confidence_level":0.95,"lower_bound":19729.3284997344,"upper_bound":40990.24454727815},"point_estimate":27443.543262778792,"standard_error":5651.715135438321},"slope":null,"std_dev":{"confidence_interval":{"confidence_level":0.95,"lower_bound":34692.46604014865,"upper_bound":52599.97652317203},"point_estimate":43766.63754467488,"standard_error":4605.576251626637}}