{"mean":{"confidence_interval":{"confidence_level":0.95,"lower_bound":167754686.23,"upper_bound":168024378.01725},"point_estimate":167883120.16,"standard_error":68581.1749830996},"median":{"confidence_interval":{"confidence_level":0.95,"lower_bound":167620376.0,"upper_bound":167822685.0},"point_estimate":167707374.5,"standard_error":50654.099270302264},"median_abs_dev":{"confidence_interval":{"confidence_level":0.95,"lower_bound":269166.76652133465,"upper_bound":426636.80465318257},"point_estimate":339810.4313671589,"standard_error":39898.64577873564},"slope":null,"std_dev":{"confidence_interval":{"confidence_level":0.95,"lower_bound":518672.5574851071,"upper_bound":835212.1338677746},"point_estimate":692421.2753157379,"standard_error":80911.90626932603}}