{"mean":{"confidence_interval":{"confidence_level":0.95,"lower_bound":163971993.96375,"upper_bound":164249317.97025},"point_estimate":164101452.16,"standard_error":71012.08763414029},"median":{"confidence_interval":{"confidence_level":0.95,"lower_bound":163807034.0,"upper_bound":163856910.0},"point_estimate":163839250.0,"standard_error":11808.89985276483},"median_abs_dev":{"confidence_interval":{"confidence_level":0.95,"lower_bound":69797.10026085377,"upper_bound":137293.9466625452},"point_estimate":107967.37788319588,"standard_error":17872.40535456262},"slope":null,"std_dev":{"confidence_interval":{"confidence_level":0.95,"lower_bound":482302.6095505604,"upper_bound":908275.8149078421},"point_estimate":711820.8726389237,"standard_error":109576.56188301614}}