{"mean":{"confidence_interval":{"confidence_level":0.95,"lower_bound":25945.562369552423,"upper_bound":26064.404882828672},"point_estimate":26004.059474990303,"standard_error":30.4123062310183},"median":{"confidence_interval":{"confidence_level":0.95,"lower_bound":25814.75968992248,"upper_bound":26012.20315581854},"point_estimate":25901.392241215573,"standard_error":46.374705695148464},"median_abs_dev":{"confidence_interval":{"confidence_level":0.95,"lower_bound":159.55707820004616,"upper_bound":404.58915253806066},"point_estimate":262.6291458961433,"standard_error":59.629049561928646},"slope":{"confidence_interval":{"confidence_level":0.95,"lower_bound":26192.78836031333,"upper_bound":26329.758784367474},"point_estimate":26266.374245300536,"standard_error":34.894563549118104},"std_dev":{"confidence_interval":{"confidence_level":0.95,"lower_bound":268.807148968881,"upper_bound":337.63352856884427},"point_estimate":306.3288313192587,"standard_error":17.525566750835726}}