{"mean":{"confidence_interval":{"confidence_level":0.95,"lower_bound":36158.418443105955,"upper_bound":36347.31714126205},"point_estimate":36246.3083511754,"standard_error":48.07901736761281},"median":{"confidence_interval":{"confidence_level":0.95,"lower_bound":35951.688095238096,"upper_bound":36443.35491071428},"point_estimate":36018.26906887755,"standard_error":137.90040380456063},"median_abs_dev":{"confidence_interval":{"confidence_level":0.95,"lower_bound":113.79712977533369,"upper_bound":624.4663971709241},"point_estimate":264.99268279543844,"standard_error":131.04440503466455},"slope":{"confidence_interval":{"confidence_level":0.95,"lower_bound":36384.53165862384,"upper_bound":36739.13539376627},"point_estimate":36549.09648820959,"standard_error":91.45881899232843},"std_dev":{"confidence_interval":{"confidence_level":0.95,"lower_bound":319.9793699745729,"upper_bound":629.1408251322756},"point_estimate":479.3958449020331,"standard_error":80.1440254758923}}