{"mean":{"confidence_interval":{"confidence_level":0.95,"lower_bound":-0.0007128203742800977,"upper_bound":0.0051910570014537015},"point_estimate":0.002259364288972776,"standard_error":0.0014977117421009923},"median":{"confidence_interval":{"confidence_level":0.95,"lower_bound":-0.0016808753782019403,"upper_bound":0.0018766334499380477},"point_estimate":-0.00005677497056133518,"standard_error":0.0008934362598432373}}