{"mean":{"confidence_interval":{"confidence_level":0.95,"lower_bound":-0.027207725111797785,"upper_bound":-0.021566524056251677},"point_estimate":-0.024450066298990825,"standard_error":0.0014587210584638814},"median":{"confidence_interval":{"confidence_level":0.95,"lower_bound":-0.025566633522384537,"upper_bound":-0.021677862891008915},"point_estimate":-0.024083580680717365,"standard_error":0.0009174614231098505}}