{"mean":{"confidence_interval":{"confidence_level":0.95,"lower_bound":0.023960850714628657,"upper_bound":0.03332406838539519},"point_estimate":0.028851736868432898,"standard_error":0.002386003238434145},"median":{"confidence_interval":{"confidence_level":0.95,"lower_bound":0.027327516121807838,"upper_bound":0.03141555496210913},"point_estimate":0.029346716759014235,"standard_error":0.0010620760648471033}}