{"mean":{"confidence_interval":{"confidence_level":0.95,"lower_bound":0.004047784465637095,"upper_bound":0.022172822488957054},"point_estimate":0.014392525229610431,"standard_error":0.004679392763934329},"median":{"confidence_interval":{"confidence_level":0.95,"lower_bound":0.016242946697671456,"upper_bound":0.026351898693344613},"point_estimate":0.01992537924329363,"standard_error":0.0022753344426827116}}