{"mean":{"confidence_interval":{"confidence_level":0.95,"lower_bound":-0.00563762366938194,"upper_bound":0.013317105584623623},"point_estimate":0.002667023790298595,"standard_error":0.004975787352267743},"median":{"confidence_interval":{"confidence_level":0.95,"lower_bound":-0.01201820784527352,"upper_bound":-0.000594182127287679},"point_estimate":-0.006485412253932732,"standard_error":0.002627431671635428}}