{"mean":{"confidence_interval":{"confidence_level":0.95,"lower_bound":-0.02141702160232147,"upper_bound":-0.01650096609772787},"point_estimate":-0.018792353969564912,"standard_error":0.001248555097754307},"median":{"confidence_interval":{"confidence_level":0.95,"lower_bound":-0.015752755158759513,"upper_bound":-0.01406242174612149},"point_estimate":-0.014860226420380984,"standard_error":0.0004427055084950997}}