{"mean":{"confidence_interval":{"confidence_level":0.95,"lower_bound":-0.001354562845483764,"upper_bound":0.0028409179581958145},"point_estimate":0.0006985643119610252,"standard_error":0.0010587171345557938},"median":{"confidence_interval":{"confidence_level":0.95,"lower_bound":0.0007451522180846107,"upper_bound":0.0013666121860351765},"point_estimate":0.001196225341767887,"standard_error":0.0001510756099396296}}