{"mean":{"confidence_interval":{"confidence_level":0.95,"lower_bound":2857.678087375906,"upper_bound":2874.895329307453},"point_estimate":2865.3447666455013,"standard_error":4.422925479848199},"median":{"confidence_interval":{"confidence_level":0.95,"lower_bound":2852.061877756774,"upper_bound":2853.654919908467},"point_estimate":2853.1880630709666,"standard_error":0.4839631294296292},"median_abs_dev":{"confidence_interval":{"confidence_level":0.95,"lower_bound":2.5977635953772267,"upper_bound":5.1335303802916705},"point_estimate":3.5082723190828524,"standard_error":0.588766879884984},"slope":{"confidence_interval":{"confidence_level":0.95,"lower_bound":2855.0191821412736,"upper_bound":2880.4847267373457},"point_estimate":2865.6600816665705,"standard_error":6.622014638503664},"std_dev":{"confidence_interval":{"confidence_level":0.95,"lower_bound":19.608239602364154,"upper_bound":64.25889633543112},"point_estimate":44.45529715031411,"standard_error":11.395766770374767}}