{"mean":{"confidence_interval":{"confidence_level":0.95,"lower_bound":34750.62159076002,"upper_bound":34783.90609861154},"point_estimate":34765.000192519234,"standard_error":8.574815488746776},"median":{"confidence_interval":{"confidence_level":0.95,"lower_bound":34741.37533156499,"upper_bound":34753.0},"point_estimate":34747.7865809159,"standard_error":3.103086347889887},"median_abs_dev":{"confidence_interval":{"confidence_level":0.95,"lower_bound":17.092557764628744,"upper_bound":33.94881886922504},"point_estimate":23.59576350627978,"standard_error":4.36506949571219},"slope":{"confidence_interval":{"confidence_level":0.95,"lower_bound":34748.52370810712,"upper_bound":34794.99181963254},"point_estimate":34767.07721437198,"standard_error":12.337324389359978},"std_dev":{"confidence_interval":{"confidence_level":0.95,"lower_bound":33.645769130347496,"upper_bound":133.52675737974286},"point_estimate":86.56553169075481,"standard_error":27.613632948673462}}