{"mean":{"confidence_interval":{"confidence_level":0.95,"lower_bound":294930284.02,"upper_bound":295274310.60475},"point_estimate":295093078.21,"standard_error":88281.22592382251},"median":{"confidence_interval":{"confidence_level":0.95,"lower_bound":294689513.0,"upper_bound":294754266.0},"point_estimate":294714427.0,"standard_error":15853.292816151139},"median_abs_dev":{"confidence_interval":{"confidence_level":0.95,"lower_bound":96216.99472680688,"upper_bound":196815.14650583267},"point_estimate":139857.36201703548,"standard_error":25463.950050986605},"slope":null,"std_dev":{"confidence_interval":{"confidence_level":0.95,"lower_bound":654860.9396260253,"upper_bound":1089740.0849309803},"point_estimate":892757.1222687623,"standard_error":110809.78302775767}}