{"mean":{"confidence_interval":{"confidence_level":0.95,"lower_bound":316582711.67575,"upper_bound":326618565.85950005},"point_estimate":320550653.16,"standard_error":2636554.5574027495},"median":{"confidence_interval":{"confidence_level":0.95,"lower_bound":315737710.0,"upper_bound":316248815.5},"point_estimate":316051443.0,"standard_error":124540.58694139634},"median_abs_dev":{"confidence_interval":{"confidence_level":0.95,"lower_bound":661000.8896648884,"upper_bound":1146944.5287376642},"point_estimate":861820.5386996269,"standard_error":121889.78696173523},"slope":null,"std_dev":{"confidence_interval":{"confidence_level":0.95,"lower_bound":3181675.5282717366,"upper_bound":42936332.22405831},"point_estimate":26414087.927104495,"standard_error":10993903.369897159}}