{"mean":{"confidence_interval":{"confidence_level":0.95,"lower_bound":0.01948330917707295,"upper_bound":0.025708073330110447},"point_estimate":0.02261453537654945,"standard_error":0.00158571670538013},"median":{"confidence_interval":{"confidence_level":0.95,"lower_bound":0.021731395448786207,"upper_bound":0.0231963198280285},"point_estimate":0.022519202383866288,"standard_error":0.00036465237153649935}}