{"mean":{"confidence_interval":{"confidence_level":0.95,"lower_bound":642258.3505290331,"upper_bound":643462.6813371298},"point_estimate":642849.0218309497,"standard_error":306.6321365177057},"median":{"confidence_interval":{"confidence_level":0.95,"lower_bound":641918.0203201971,"upper_bound":643261.6308014353},"point_estimate":642783.0419453734,"standard_error":413.69773268440014},"median_abs_dev":{"confidence_interval":{"confidence_level":0.95,"lower_bound":1983.3167143371115,"upper_bound":3450.759012530125},"point_estimate":2797.3172151862086,"standard_error":344.2850545042459},"slope":{"confidence_interval":{"confidence_level":0.95,"lower_bound":643192.6695673579,"upper_bound":644311.2299635614},"point_estimate":643783.0938732083,"standard_error":285.8978033867365},"std_dev":{"confidence_interval":{"confidence_level":0.95,"lower_bound":2474.345447471005,"upper_bound":3704.1233379748237},"point_estimate":3086.0689963236982,"standard_error":315.35340408079225}}