{"mean":{"confidence_interval":{"confidence_level":0.95,"lower_bound":0.028894932074012836,"upper_bound":0.032615144435613634},"point_estimate":0.03083454166229238,"standard_error":0.0009473748542240867},"median":{"confidence_interval":{"confidence_level":0.95,"lower_bound":0.030986799518988396,"upper_bound":0.0335542639532148},"point_estimate":0.03226775931786241,"standard_error":0.0006677985218547085}}