{"mean":{"confidence_interval":{"confidence_level":0.95,"lower_bound":191694.56902115385,"upper_bound":191944.1783951922},"point_estimate":191819.25811538473,"standard_error":63.39837320968697},"median":{"confidence_interval":{"confidence_level":0.95,"lower_bound":191789.23076923078,"upper_bound":192170.78846153847},"point_estimate":191971.40384615387,"standard_error":100.95965472004023},"median_abs_dev":{"confidence_interval":{"confidence_level":0.95,"lower_bound":1409.0826166664638,"upper_bound":1783.6818144871622},"point_estimate":1645.8000169350967,"standard_error":96.47661762970998},"slope":null,"std_dev":{"confidence_interval":{"confidence_level":0.95,"lower_bound":1344.5231062695245,"upper_bound":1492.1036128362646},"point_estimate":1420.6197757554912,"standard_error":37.80939458417103}}