{"mean":{"confidence_interval":{"confidence_level":0.95,"lower_bound":51859.65885226145,"upper_bound":55317.232635015884},"point_estimate":53434.148499671464,"standard_error":890.1350135840081},"median":{"confidence_interval":{"confidence_level":0.95,"lower_bound":50880.16632653061,"upper_bound":50978.87847222222},"point_estimate":50926.61077421815,"standard_error":23.851566783174533},"median_abs_dev":{"confidence_interval":{"confidence_level":0.95,"lower_bound":122.03020928353348,"upper_bound":262.7058392167321},"point_estimate":185.9389975954753,"standard_error":37.70431547483003},"slope":{"confidence_interval":{"confidence_level":0.95,"lower_bound":52614.810726349664,"upper_bound":58616.20365477801},"point_estimate":55363.77643845131,"standard_error":1540.572669903698},"std_dev":{"confidence_interval":{"confidence_level":0.95,"lower_bound":5070.838365616503,"upper_bound":11789.762124671905},"point_estimate":8957.710857071079,"standard_error":1687.29357029913}}