{"mean":{"confidence_interval":{"confidence_level":0.95,"lower_bound":965891.6644764262,"upper_bound":967670.1742053672},"point_estimate":966743.5371586971,"standard_error":454.27001820667317},"median":{"confidence_interval":{"confidence_level":0.95,"lower_bound":964929.1692307693,"upper_bound":966341.9074074074},"point_estimate":965643.7760416667,"standard_error":337.93200838923497},"median_abs_dev":{"confidence_interval":{"confidence_level":0.95,"lower_bound":1799.7074885123957,"upper_bound":3117.9477167040477},"point_estimate":2321.8971271532637,"standard_error":326.1820984105504},"slope":{"confidence_interval":{"confidence_level":0.95,"lower_bound":965975.957247675,"upper_bound":968453.0981469038},"point_estimate":967180.1862553569,"standard_error":631.9992531716904},"std_dev":{"confidence_interval":{"confidence_level":0.95,"lower_bound":3386.127901870799,"upper_bound":5660.2882498255285},"point_estimate":4568.439372379051,"standard_error":583.4057050627966}}