{"mean":{"confidence_interval":{"confidence_level":0.95,"lower_bound":751887.37556,"upper_bound":752548.7411305},"point_estimate":752218.26356,"standard_error":168.44106310844109},"median":{"confidence_interval":{"confidence_level":0.95,"lower_bound":764809.0,"upper_bound":764955.0},"point_estimate":764881.0,"standard_error":36.17433106558027},"median_abs_dev":{"confidence_interval":{"confidence_level":0.95,"lower_bound":35088.69357705116,"upper_bound":35474.169570207596},"point_estimate":35282.17287361622,"standard_error":98.7301208687802},"slope":null,"std_dev":{"confidence_interval":{"confidence_level":0.95,"lower_bound":37426.01554771628,"upper_bound":37753.39981420605},"point_estimate":37590.05633457554,"standard_error":83.760850861486}}