{"mean":{"confidence_interval":{"confidence_level":0.95,"lower_bound":995022.705475,"upper_bound":997345.1116000001},"point_estimate":996174.6325999997,"standard_error":593.1481767468688},"median":{"confidence_interval":{"confidence_level":0.95,"lower_bound":988267.3999999999,"upper_bound":993070.85},"point_estimate":990803.25,"standard_error":1258.1180150303094},"median_abs_dev":{"confidence_interval":{"confidence_level":0.95,"lower_bound":6013.4996232391095,"upper_bound":12174.599486857598},"point_estimate":9484.63681161402,"standard_error":1618.4149992943496},"slope":null,"std_dev":{"confidence_interval":{"confidence_level":0.95,"lower_bound":12121.741459836732,"upper_bound":14450.862927484957},"point_estimate":13282.304489369832,"standard_error":596.1294230243393}}