{"mean":{"confidence_interval":{"confidence_level":0.95,"lower_bound":45530.86923799055,"upper_bound":45700.21026287294},"point_estimate":45611.21637749548,"standard_error":42.97740878726698},"median":{"confidence_interval":{"confidence_level":0.95,"lower_bound":45566.355969331875,"upper_bound":45601.725243506495},"point_estimate":45588.26131449631,"standard_error":9.779549894131453},"median_abs_dev":{"confidence_interval":{"confidence_level":0.95,"lower_bound":56.91435689628075,"upper_bound":117.22075825759649},"point_estimate":83.11739789456664,"standard_error":15.812479976307603},"slope":{"confidence_interval":{"confidence_level":0.95,"lower_bound":45465.69335994936,"upper_bound":45657.14663738526},"point_estimate":45546.379729032604,"standard_error":49.69463633055506},"std_dev":{"confidence_interval":{"confidence_level":0.95,"lower_bound":236.0574825458691,"upper_bound":592.362697979027},"point_estimate":432.56102351393525,"standard_error":94.74075315928845}}