{"mean":{"confidence_interval":{"confidence_level":0.95,"lower_bound":182515.74992922778,"upper_bound":182934.65816410104},"point_estimate":182707.65828397387,"standard_error":107.02745841877204},"median":{"confidence_interval":{"confidence_level":0.95,"lower_bound":182264.683827054,"upper_bound":182345.75873655913},"point_estimate":182293.84803321084,"standard_error":20.947869467997727},"median_abs_dev":{"confidence_interval":{"confidence_level":0.95,"lower_bound":127.40221964888207,"upper_bound":270.16875590003207},"point_estimate":168.54917919154772,"standard_error":36.81524641536839},"slope":{"confidence_interval":{"confidence_level":0.95,"lower_bound":182431.89397822425,"upper_bound":182765.78695744515},"point_estimate":182582.3112363923,"standard_error":85.40919584351788},"std_dev":{"confidence_interval":{"confidence_level":0.95,"lower_bound":621.7410580669714,"upper_bound":1486.5766452288115},"point_estimate":1076.4428829298513,"standard_error":226.22954488576647}}