{"mean":{"confidence_interval":{"confidence_level":0.95,"lower_bound":0.02513309403970958,"upper_bound":0.032928322446997435},"point_estimate":0.029057033323647286,"standard_error":0.0019880567621438725},"median":{"confidence_interval":{"confidence_level":0.95,"lower_bound":0.026536273813902334,"upper_bound":0.03380573774124705},"point_estimate":0.032059091241454896,"standard_error":0.0018900890224605284}}