{"mean":{"confidence_interval":{"confidence_level":0.95,"lower_bound":1601.715263950732,"upper_bound":1616.913823675939},"point_estimate":1609.215499108625,"standard_error":3.8885040544823077},"median":{"confidence_interval":{"confidence_level":0.95,"lower_bound":1588.5205047318611,"upper_bound":1605.8230987482684},"point_estimate":1601.8971146140734,"standard_error":4.02089661913921},"median_abs_dev":{"confidence_interval":{"confidence_level":0.95,"lower_bound":25.472478929125998,"upper_bound":47.429985960399065},"point_estimate":36.992329754477076,"standard_error":5.660338281577865},"slope":{"confidence_interval":{"confidence_level":0.95,"lower_bound":1624.969283427321,"upper_bound":1642.704624399994},"point_estimate":1634.36575372505,"standard_error":4.536496433751362},"std_dev":{"confidence_interval":{"confidence_level":0.95,"lower_bound":34.273971176064826,"upper_bound":42.762960833194114},"point_estimate":39.10884828187248,"standard_error":2.167461698732017}}