{"mean":{"confidence_interval":{"confidence_level":0.95,"lower_bound":127394628.11649999,"upper_bound":127541194.954},"point_estimate":127463536.33,"standard_error":37498.06667887267},"median":{"confidence_interval":{"confidence_level":0.95,"lower_bound":127322058.0,"upper_bound":127360330.0},"point_estimate":127341432.5,"standard_error":7650.380591275864},"median_abs_dev":{"confidence_interval":{"confidence_level":0.95,"lower_bound":64244.76335942745,"upper_bound":116195.0664371252},"point_estimate":88883.35102200508,"standard_error":12252.937665660302},"slope":null,"std_dev":{"confidence_interval":{"confidence_level":0.95,"lower_bound":270588.3607993369,"upper_bound":462160.0671691894},"point_estimate":377008.4439062971,"standard_error":48877.091755225054}}