{"mean":{"confidence_interval":{"confidence_level":0.95,"lower_bound":69156064.908,"upper_bound":69441482.87},"point_estimate":69294991.65,"standard_error":72779.21181691819},"median":{"confidence_interval":{"confidence_level":0.95,"lower_bound":68827416.5,"upper_bound":69059792.0},"point_estimate":68908729.0,"standard_error":62814.06203296295},"median_abs_dev":{"confidence_interval":{"confidence_level":0.95,"lower_bound":204567.661768198,"upper_bound":565118.1841671467},"point_estimate":313692.95023083687,"standard_error":96986.93354840078},"slope":null,"std_dev":{"confidence_interval":{"confidence_level":0.95,"lower_bound":623095.6598316242,"upper_bound":819677.7422103669},"point_estimate":730921.3568319493,"standard_error":50126.85124029516}}