{"mean":{"confidence_interval":{"confidence_level":0.95,"lower_bound":4206401.789770832,"upper_bound":4223995.540520832},"point_estimate":4214521.451666665,"standard_error":4504.054687051811},"median":{"confidence_interval":{"confidence_level":0.95,"lower_bound":4201105.875,"upper_bound":4206501.75},"point_estimate":4204133.666666666,"standard_error":1435.2582739398492},"median_abs_dev":{"confidence_interval":{"confidence_level":0.95,"lower_bound":10272.68811762356,"upper_bound":17863.291107862842},"point_estimate":14141.347423941128,"standard_error":1940.2837867103851},"slope":null,"std_dev":{"confidence_interval":{"confidence_level":0.95,"lower_bound":27534.417524652214,"upper_bound":59500.29975469314},"point_estimate":45384.93957013359,"standard_error":8129.253016387931}}