{"mean":{"confidence_interval":{"confidence_level":0.95,"lower_bound":14708094.639875,"upper_bound":14746195.0788125},"point_estimate":14725867.065,"standard_error":9738.778835621535},"median":{"confidence_interval":{"confidence_level":0.95,"lower_bound":14692011.5,"upper_bound":14731601.5},"point_estimate":14706891.625,"standard_error":9656.461175465089},"median_abs_dev":{"confidence_interval":{"confidence_level":0.95,"lower_bound":57688.33562582731,"upper_bound":89849.07957985997},"point_estimate":72493.20831298828,"standard_error":8351.573974220975},"slope":null,"std_dev":{"confidence_interval":{"confidence_level":0.95,"lower_bound":66622.66459877392,"upper_bound":129470.13981328899},"point_estimate":97730.85437186444,"standard_error":16453.95743491448}}