{"mean":{"confidence_interval":{"confidence_level":0.95,"lower_bound":-0.003014435935485018,"upper_bound":0.07573930831818049},"point_estimate":0.031041600470934405,"standard_error":0.021451959077432397},"median":{"confidence_interval":{"confidence_level":0.95,"lower_bound":0.00009731386106692774,"upper_bound":0.0013910547052529143},"point_estimate":0.0008937561174646724,"standard_error":0.0003210672577995165}}