{"mean":{"confidence_interval":{"confidence_level":0.95,"lower_bound":-0.0003872249337785872,"upper_bound":0.0015521934724236463},"point_estimate":0.0005762243259457289,"standard_error":0.0004929696159167812},"median":{"confidence_interval":{"confidence_level":0.95,"lower_bound":0.0001843104687817565,"upper_bound":0.0005833577648783894},"point_estimate":0.00035014856840120956,"standard_error":0.00009975606933359847}}