{"mean":{"confidence_interval":{"confidence_level":0.95,"lower_bound":1720.1982053967097,"upper_bound":1724.2847003837871},"point_estimate":1722.14951230565,"standard_error":1.0434759963708709},"median":{"confidence_interval":{"confidence_level":0.95,"lower_bound":1719.9469483568075,"upper_bound":1721.5525176056337},"point_estimate":1720.603439341724,"standard_error":0.39004049033955396},"median_abs_dev":{"confidence_interval":{"confidence_level":0.95,"lower_bound":2.29544445294001,"upper_bound":4.655802727889676},"point_estimate":3.4440654288686234,"standard_error":0.6481913657574404},"slope":{"confidence_interval":{"confidence_level":0.95,"lower_bound":1721.1463724753064,"upper_bound":1724.2652769182143},"point_estimate":1722.5528347073723,"standard_error":0.7984402207582304},"std_dev":{"confidence_interval":{"confidence_level":0.95,"lower_bound":7.46437768415288,"upper_bound":13.073147998685366},"point_estimate":10.489526786193256,"standard_error":1.4248528349540532}}