{"mean":{"confidence_interval":{"confidence_level":0.95,"lower_bound":853585.0418461543,"upper_bound":860761.226653846},"point_estimate":857103.2943076921,"standard_error":1831.8921983486453},"median":{"confidence_interval":{"confidence_level":0.95,"lower_bound":848995.3076923077,"upper_bound":852031.6538461539},"point_estimate":850557.076923077,"standard_error":758.8351118133779},"median_abs_dev":{"confidence_interval":{"confidence_level":0.95,"lower_bound":9170.108929505755,"upper_bound":13618.992288983798},"point_estimate":10346.095824012264,"standard_error":1258.1322498798806},"slope":null,"std_dev":{"confidence_interval":{"confidence_level":0.95,"lower_bound":37273.05672412713,"upper_bound":43619.097419408485},"point_estimate":40631.187399942646,"standard_error":1619.7498017452233}}