{"mean":{"confidence_interval":{"confidence_level":0.95,"lower_bound":903866.7376363641,"upper_bound":905175.2149090904},"point_estimate":904488.3143636362,"standard_error":333.7631519578246},"median":{"confidence_interval":{"confidence_level":0.95,"lower_bound":902281.8181818181,"upper_bound":902513.4545454546},"point_estimate":902373.0909090909,"standard_error":53.5131308004176},"median_abs_dev":{"confidence_interval":{"confidence_level":0.95,"lower_bound":798.177913102166,"upper_bound":1033.237399838313},"point_estimate":895.0860386544458,"standard_error":59.08956912839176},"slope":null,"std_dev":{"confidence_interval":{"confidence_level":0.95,"lower_bound":5838.118131332718,"upper_bound":8999.266163298202},"point_estimate":7467.9026974195,"standard_error":808.0951739603548}}