{"mean":{"confidence_interval":{"confidence_level":0.95,"lower_bound":915401.3553183004,"upper_bound":917089.0816909154},"point_estimate":916246.0108846612,"standard_error":428.46293183401303},"median":{"confidence_interval":{"confidence_level":0.95,"lower_bound":915745.5867149758,"upper_bound":916569.4811320754},"point_estimate":916264.1164133738,"standard_error":209.0190379280825},"median_abs_dev":{"confidence_interval":{"confidence_level":0.95,"lower_bound":1888.5952038657476,"upper_bound":3078.8941348804697},"point_estimate":2439.387668207471,"standard_error":304.69004148703476},"slope":{"confidence_interval":{"confidence_level":0.95,"lower_bound":915033.0400833851,"upper_bound":916737.5500911135},"point_estimate":915844.7762524014,"standard_error":433.86657204009293},"std_dev":{"confidence_interval":{"confidence_level":0.95,"lower_bound":3230.3532587662817,"upper_bound":5227.906827896948},"point_estimate":4294.029147419829,"standard_error":512.8188643188042}}