{"mean":{"confidence_interval":{"confidence_level":0.95,"lower_bound":-0.013796046294653619,"upper_bound":-0.006884691203994918},"point_estimate":-0.010766689461874424,"standard_error":0.0018681849255982777},"median":{"confidence_interval":{"confidence_level":0.95,"lower_bound":-0.0156437189549391,"upper_bound":-0.012526670110405758},"point_estimate":-0.013729104960778726,"standard_error":0.0008022439473580011}}