{"mean":{"confidence_interval":{"confidence_level":0.95,"lower_bound":4622.0454983548525,"upper_bound":4852.980246435647},"point_estimate":4727.42265770007,"standard_error":59.087630332196156},"median":{"confidence_interval":{"confidence_level":0.95,"lower_bound":4483.210007047216,"upper_bound":4618.593394000674},"point_estimate":4523.557155635062,"standard_error":34.32391681856901},"median_abs_dev":{"confidence_interval":{"confidence_level":0.95,"lower_bound":175.76373280088015,"upper_bound":346.6585646844719},"point_estimate":238.23371428779168,"standard_error":45.32461554667084},"slope":{"confidence_interval":{"confidence_level":0.95,"lower_bound":4687.3409459347695,"upper_bound":5002.876519942401},"point_estimate":4828.905487272365,"standard_error":81.13992656705116},"std_dev":{"confidence_interval":{"confidence_level":0.95,"lower_bound":319.0271403410142,"upper_bound":845.7847624220954},"point_estimate":597.4055223409086,"standard_error":137.0144168021192}}