{"mean":{"confidence_interval":{"confidence_level":0.95,"lower_bound":56903.43304207169,"upper_bound":57243.470285076626},"point_estimate":57070.09438615299,"standard_error":86.42203560040106},"median":{"confidence_interval":{"confidence_level":0.95,"lower_bound":56831.83990442055,"upper_bound":57179.996807151976},"point_estimate":57008.83388447971,"standard_error":104.69001857941812},"median_abs_dev":{"confidence_interval":{"confidence_level":0.95,"lower_bound":431.24880608557504,"upper_bound":768.0561958475828},"point_estimate":567.0343175559153,"standard_error":87.11976469375836},"slope":{"confidence_interval":{"confidence_level":0.95,"lower_bound":56612.22858354588,"upper_bound":57125.193696469505},"point_estimate":56867.071938656554,"standard_error":130.31042482179458},"std_dev":{"confidence_interval":{"confidence_level":0.95,"lower_bound":646.1488508118562,"upper_bound":1074.368316753955},"point_estimate":868.105422740412,"standard_error":109.49829571811703}}