{"mean":{"confidence_interval":{"confidence_level":0.95,"lower_bound":5240005.834800001,"upper_bound":5260411.719625},"point_estimate":5249230.876999999,"standard_error":5238.898516848128},"median":{"confidence_interval":{"confidence_level":0.95,"lower_bound":5228031.199999999,"upper_bound":5233741.7},"point_estimate":5230710.45,"standard_error":1626.2141392841058},"median_abs_dev":{"confidence_interval":{"confidence_level":0.95,"lower_bound":7227.7490016822185,"upper_bound":16398.148748874526},"point_estimate":11598.305464089193,"standard_error":2479.620417816269},"slope":null,"std_dev":{"confidence_interval":{"confidence_level":0.95,"lower_bound":27101.514731636576,"upper_bound":74725.16043813137},"point_estimate":52658.64038172357,"standard_error":12330.670248433515}}