{"mean":{"confidence_interval":{"confidence_level":0.95,"lower_bound":236056.35541486306,"upper_bound":236542.84870244155},"point_estimate":236291.98075866394,"standard_error":123.89722369980866},"median":{"confidence_interval":{"confidence_level":0.95,"lower_bound":236048.18305555556,"upper_bound":236265.35},"point_estimate":236137.09349747474,"standard_error":52.302982359494585},"median_abs_dev":{"confidence_interval":{"confidence_level":0.95,"lower_bound":392.89852540200627,"upper_bound":755.6994797143691},"point_estimate":553.669423982718,"standard_error":98.97647950462732},"slope":{"confidence_interval":{"confidence_level":0.95,"lower_bound":236059.46141410098,"upper_bound":236412.5635820936},"point_estimate":236208.3370787646,"standard_error":90.90726936416584},"std_dev":{"confidence_interval":{"confidence_level":0.95,"lower_bound":875.0088649412288,"upper_bound":1579.4721465931007},"point_estimate":1250.5159484124404,"standard_error":180.04853560999624}}