{"mean":{"confidence_interval":{"confidence_level":0.95,"lower_bound":154176.40304615398,"upper_bound":154219.59294769246},"point_estimate":154197.24935384598,"standard_error":10.968526308772693},"median":{"confidence_interval":{"confidence_level":0.95,"lower_bound":154089.85384615383,"upper_bound":154107.26923076925},"point_estimate":154098.8307692308,"standard_error":4.14421505142588},"median_abs_dev":{"confidence_interval":{"confidence_level":0.95,"lower_bound":67.83465110339182,"upper_bound":94.33897678669479},"point_estimate":79.60421397138629,"standard_error":6.860373535387505},"slope":null,"std_dev":{"confidence_interval":{"confidence_level":0.95,"lower_bound":212.49523201426453,"upper_bound":276.5776367791337},"point_estimate":245.1801550107168,"standard_error":16.343465519306037}}