{"mean":{"confidence_interval":{"confidence_level":0.95,"lower_bound":0.005740617366393325,"upper_bound":0.014354753070415676},"point_estimate":0.009992044638938102,"standard_error":0.002240522524990396},"median":{"confidence_interval":{"confidence_level":0.95,"lower_bound":0.007243458104281508,"upper_bound":0.008707374369556264},"point_estimate":0.007931605414470022,"standard_error":0.00035632933853616466}}