{"mean":{"confidence_interval":{"confidence_level":0.95,"lower_bound":-0.012305538808088507,"upper_bound":0.008171779871654437},"point_estimate":-0.001313279563748826,"standard_error":0.005238967527274052},"median":{"confidence_interval":{"confidence_level":0.95,"lower_bound":0.004267822845545277,"upper_bound":0.00647763400557011},"point_estimate":0.005407174167834761,"standard_error":0.0005314320947101222}}