{"mean":{"confidence_interval":{"confidence_level":0.95,"lower_bound":-0.000019462649885947843,"upper_bound":0.007824743895438835},"point_estimate":0.003607526381527393,"standard_error":0.0020623051894211137},"median":{"confidence_interval":{"confidence_level":0.95,"lower_bound":-0.0026575299892654947,"upper_bound":-0.00019010238575511984},"point_estimate":-0.001075145734636851,"standard_error":0.0005838063211987489}}