{"mean":{"confidence_interval":{"confidence_level":0.95,"lower_bound":4099.723724511327,"upper_bound":4122.592797400928},"point_estimate":4109.944326792061,"standard_error":5.876618694623329},"median":{"confidence_interval":{"confidence_level":0.95,"lower_bound":4092.6209536538754,"upper_bound":4094.4437119845984},"point_estimate":4093.2669879145724,"standard_error":0.5505706979005317},"median_abs_dev":{"confidence_interval":{"confidence_level":0.95,"lower_bound":3.1983155262086593,"upper_bound":7.569930494232599},"point_estimate":4.573934773305204,"standard_error":1.1031426541452516},"slope":{"confidence_interval":{"confidence_level":0.95,"lower_bound":4095.4109767351324,"upper_bound":4123.646000688661},"point_estimate":4106.08897181371,"standard_error":7.594816429998943},"std_dev":{"confidence_interval":{"confidence_level":0.95,"lower_bound":27.800341500924734,"upper_bound":83.05151166944266},"point_estimate":58.975083977914295,"standard_error":13.997996461346512}}