{"mean":{"confidence_interval":{"confidence_level":0.95,"lower_bound":-0.010693007922791034,"upper_bound":-0.0053958505466097095},"point_estimate":-0.00805864499647957,"standard_error":0.0013512523262397074},"median":{"confidence_interval":{"confidence_level":0.95,"lower_bound":-0.014885435235019395,"upper_bound":-0.010626177219313148},"point_estimate":-0.012427489970996075,"standard_error":0.001087379584986924}}