{"mean":{"confidence_interval":{"confidence_level":0.95,"lower_bound":-0.005246971289186442,"upper_bound":-0.0010351962595470398},"point_estimate":-0.0029263660813224623,"standard_error":0.0010540321752045892},"median":{"confidence_interval":{"confidence_level":0.95,"lower_bound":-0.00013830865109365487,"upper_bound":0.0005267357525801809},"point_estimate":0.00026840714819509337,"standard_error":0.00019260496916757305}}