{"mean":{"confidence_interval":{"confidence_level":0.95,"lower_bound":-0.0024667989029370915,"upper_bound":0.0040021812965044205},"point_estimate":0.000732109437788564,"standard_error":0.0016391189061522092},"median":{"confidence_interval":{"confidence_level":0.95,"lower_bound":-0.0011430801086274034,"upper_bound":0.0035076228971273604},"point_estimate":0.00020867954966274915,"standard_error":0.0011622421418090684}}