{"mean":{"confidence_interval":{"confidence_level":0.95,"lower_bound":53332.56089306956,"upper_bound":53490.39954646641},"point_estimate":53405.3495101776,"standard_error":40.3950670620471},"median":{"confidence_interval":{"confidence_level":0.95,"lower_bound":53268.2953465982,"upper_bound":53287.048026315795},"point_estimate":53277.6298384851,"standard_error":4.775287057757082},"median_abs_dev":{"confidence_interval":{"confidence_level":0.95,"lower_bound":35.20690195869105,"upper_bound":80.98374870752363},"point_estimate":51.50737502735295,"standard_error":12.272228082833616},"slope":{"confidence_interval":{"confidence_level":0.95,"lower_bound":53258.663306717,"upper_bound":53401.58312871946},"point_estimate":53316.67681286117,"standard_error":37.34487243789094},"std_dev":{"confidence_interval":{"confidence_level":0.95,"lower_bound":252.9933906451873,"upper_bound":528.1876849445264},"point_estimate":406.413175075727,"standard_error":70.38490269143449}}