{"mean":{"confidence_interval":{"confidence_level":0.95,"lower_bound":1051094.8538832448,"upper_bound":1052226.1604105837},"point_estimate":1051627.5863267074,"standard_error":288.25815474386775},"median":{"confidence_interval":{"confidence_level":0.95,"lower_bound":1051082.2253521127,"upper_bound":1052443.8787593986},"point_estimate":1052224.6362745098,"standard_error":280.6132598548559},"median_abs_dev":{"confidence_interval":{"confidence_level":0.95,"lower_bound":872.6677722479563,"upper_bound":2355.1817780043234},"point_estimate":1538.7043282523873,"standard_error":404.9598562427666},"slope":{"confidence_interval":{"confidence_level":0.95,"lower_bound":1049936.9218722654,"upper_bound":1052045.8537789022},"point_estimate":1050790.357502586,"standard_error":552.8602955991722},"std_dev":{"confidence_interval":{"confidence_level":0.95,"lower_bound":1798.0839317075367,"upper_bound":3957.421627076021},"point_estimate":2904.8574064992995,"standard_error":570.5124894222782}}