{"mean":{"confidence_interval":{"confidence_level":0.95,"lower_bound":820224.0574423084,"upper_bound":821170.5371423077},"point_estimate":820704.1152307692,"standard_error":240.3440213391389},"median":{"confidence_interval":{"confidence_level":0.95,"lower_bound":822603.9230769231,"upper_bound":822999.1923076923},"point_estimate":822827.3846153846,"standard_error":112.93221120925986},"median_abs_dev":{"confidence_interval":{"confidence_level":0.95,"lower_bound":2157.5251001577844,"upper_bound":3121.444600929449},"point_estimate":2596.203623138928,"standard_error":248.05917494702027},"slope":null,"std_dev":{"confidence_interval":{"confidence_level":0.95,"lower_bound":4965.12311337633,"upper_bound":5769.888542423458},"point_estimate":5378.304253898995,"standard_error":205.68468192163368}}