{"mean":{"confidence_interval":{"confidence_level":0.95,"lower_bound":-0.003700838188649438,"upper_bound":0.006478813426637879},"point_estimate":0.0011519918003712881,"standard_error":0.00257072786644436},"median":{"confidence_interval":{"confidence_level":0.95,"lower_bound":-0.003423632341858829,"upper_bound":-0.0015186673603354572},"point_estimate":-0.002482636847994435,"standard_error":0.0005033337231895192}}