{"mean":{"confidence_interval":{"confidence_level":0.95,"lower_bound":-0.027517209565862247,"upper_bound":0.09852819951629838},"point_estimate":0.03256661771256586,"standard_error":0.03240666016890388},"median":{"confidence_interval":{"confidence_level":0.95,"lower_bound":-0.06969700144982693,"upper_bound":0.10665881382213116},"point_estimate":0.006414390783577195,"standard_error":0.04691156353999414}}