{"mean":{"confidence_interval":{"confidence_level":0.95,"lower_bound":-0.12850044245930392,"upper_bound":-0.03542150291681974},"point_estimate":-0.08335094701395429,"standard_error":0.02369511092863307},"median":{"confidence_interval":{"confidence_level":0.95,"lower_bound":-0.1060482195528738,"upper_bound":0.00545585112074641},"point_estimate":-0.04550670994842376,"standard_error":0.028033759257053974}}