{"mean":{"confidence_interval":{"confidence_level":0.95,"lower_bound":913595.8432907357,"upper_bound":915292.4774288619},"point_estimate":914422.1579399842,"standard_error":431.97469145461184},"median":{"confidence_interval":{"confidence_level":0.95,"lower_bound":913415.7788194445,"upper_bound":914393.9261494253},"point_estimate":913778.5,"standard_error":250.9672022837523},"median_abs_dev":{"confidence_interval":{"confidence_level":0.95,"lower_bound":1501.5072333731237,"upper_bound":2726.6153603006487},"point_estimate":1950.3328098191698,"standard_error":320.31385597058977},"slope":{"confidence_interval":{"confidence_level":0.95,"lower_bound":913287.7583376161,"upper_bound":914731.7759823999},"point_estimate":913953.4085148515,"standard_error":368.7232209480269},"std_dev":{"confidence_interval":{"confidence_level":0.95,"lower_bound":3236.9950572735793,"upper_bound":5285.443488250552},"point_estimate":4334.626642606158,"standard_error":524.7150233662124}}