{"mean":{"confidence_interval":{"confidence_level":0.95,"lower_bound":33313.8341443944,"upper_bound":33398.41756135523},"point_estimate":33354.03399336573,"standard_error":21.527788111275033},"median":{"confidence_interval":{"confidence_level":0.95,"lower_bound":33299.07763224607,"upper_bound":33332.58831937921},"point_estimate":33310.23611111111,"standard_error":9.404817895100877},"median_abs_dev":{"confidence_interval":{"confidence_level":0.95,"lower_bound":54.97180690362625,"upper_bound":100.66738891047744},"point_estimate":73.43828679144947,"standard_error":11.75069541645583},"slope":{"confidence_interval":{"confidence_level":0.95,"lower_bound":33307.653925063816,"upper_bound":33353.099550566185},"point_estimate":33327.28723255012,"standard_error":11.672840081802274},"std_dev":{"confidence_interval":{"confidence_level":0.95,"lower_bound":155.98746162862375,"upper_bound":268.25213464693087},"point_estimate":216.676783776366,"standard_error":28.741607691622935}}