{"mean":{"confidence_interval":{"confidence_level":0.95,"lower_bound":-0.010591770898578759,"upper_bound":-0.005085411463028636},"point_estimate":-0.007582460650900846,"standard_error":0.001406486562506489},"median":{"confidence_interval":{"confidence_level":0.95,"lower_bound":-0.008622341758351193,"upper_bound":-0.00715943954891074},"point_estimate":-0.008187370173494468,"standard_error":0.00037718264685573}}