{"mean":{"confidence_interval":{"confidence_level":0.95,"lower_bound":41754.40823139259,"upper_bound":41833.48080942639},"point_estimate":41795.31536985088,"standard_error":20.128391967108097},"median":{"confidence_interval":{"confidence_level":0.95,"lower_bound":41801.25366300366,"upper_bound":41862.14786585366},"point_estimate":41830.095686531735,"standard_error":16.31848080862106},"median_abs_dev":{"confidence_interval":{"confidence_level":0.95,"lower_bound":85.28073798026624,"upper_bound":149.00101655924672},"point_estimate":110.97801758715354,"standard_error":15.547124753689005},"slope":{"confidence_interval":{"confidence_level":0.95,"lower_bound":41811.80358806271,"upper_bound":41858.49744833438},"point_estimate":41834.91441554603,"standard_error":11.917069005198194},"std_dev":{"confidence_interval":{"confidence_level":0.95,"lower_bound":153.65996619030196,"upper_bound":242.842858955768},"point_estimate":202.18196250827822,"standard_error":22.492489528513133}}