{"mean":{"confidence_interval":{"confidence_level":0.95,"lower_bound":-0.00793321545890748,"upper_bound":0.0004469196882298272},"point_estimate":-0.003025062568827175,"standard_error":0.002172646424378928},"median":{"confidence_interval":{"confidence_level":0.95,"lower_bound":0.00010385305412619061,"upper_bound":0.0004956109123690489},"point_estimate":0.0002782786298993756,"standard_error":0.00010139562936542066}}