{"mean":{"confidence_interval":{"confidence_level":0.95,"lower_bound":-0.006338128819647402,"upper_bound":-0.0009498241463318492},"point_estimate":-0.0036410983425189114,"standard_error":0.001376065297594229},"median":{"confidence_interval":{"confidence_level":0.95,"lower_bound":-0.004221299786104193,"upper_bound":-0.0007489860575311535},"point_estimate":-0.0024606787097188887,"standard_error":0.000873959504125006}}