{"mean":{"confidence_interval":{"confidence_level":0.95,"lower_bound":2078020.4808437491,"upper_bound":2081767.872812499},"point_estimate":2079714.80375,"standard_error":961.3269600271582},"median":{"confidence_interval":{"confidence_level":0.95,"lower_bound":2076493.375,"upper_bound":2078857.125},"point_estimate":2077574.1458333333,"standard_error":613.3542555841041},"median_abs_dev":{"confidence_interval":{"confidence_level":0.95,"lower_bound":3504.773675277829,"upper_bound":6230.008639395294},"point_estimate":4687.6722417769515,"standard_error":667.7360847938897},"slope":null,"std_dev":{"confidence_interval":{"confidence_level":0.95,"lower_bound":4822.013632324536,"upper_bound":14066.048876857056},"point_estimate":9704.961686826922,"standard_error":2454.927610808648}}