{"mean":{"confidence_interval":{"confidence_level":0.95,"lower_bound":303521.46248548344,"upper_bound":304147.93496451585},"point_estimate":303829.6267741936,"standard_error":159.87783412373906},"median":{"confidence_interval":{"confidence_level":0.95,"lower_bound":301987.72580645164,"upper_bound":302015.2419354839},"point_estimate":302001.8225806452,"standard_error":6.612305720050671},"median_abs_dev":{"confidence_interval":{"confidence_level":0.95,"lower_bound":160.81427133852574,"upper_bound":214.69004134978852},"point_estimate":186.4010773358709,"standard_error":13.615226732235978},"slope":null,"std_dev":{"confidence_interval":{"confidence_level":0.95,"lower_bound":3212.438579307216,"upper_bound":3957.021719695931},"point_estimate":3585.05440625956,"standard_error":188.99939381634059}}