{"mean":{"confidence_interval":{"confidence_level":0.95,"lower_bound":0.004385047820500205,"upper_bound":0.009827145391188024},"point_estimate":0.007018165276138522,"standard_error":0.0013843068635244326},"median":{"confidence_interval":{"confidence_level":0.95,"lower_bound":0.0034133488019514554,"upper_bound":0.006588198523369337},"point_estimate":0.004859800718437279,"standard_error":0.0008021248199341075}}