{"mean":{"confidence_interval":{"confidence_level":0.95,"lower_bound":2.1093795835534204,"upper_bound":2.131479134377351},"point_estimate":2.1200809700136456,"standard_error":0.005579908984816307},"median":{"confidence_interval":{"confidence_level":0.95,"lower_bound":2.1113109140060966,"upper_bound":2.121377249430451},"point_estimate":2.1167817499831725,"standard_error":0.002572919668873764}}