{"mean":{"confidence_interval":{"confidence_level":0.95,"lower_bound":0.017762610655574478,"upper_bound":0.02460502583915494},"point_estimate":0.021304543746911264,"standard_error":0.0017481949512125675},"median":{"confidence_interval":{"confidence_level":0.95,"lower_bound":0.0234158703581826,"upper_bound":0.02595915835447893},"point_estimate":0.024829181232355335,"standard_error":0.0006282575635245339}}