{"mean":{"confidence_interval":{"confidence_level":0.95,"lower_bound":-0.040528271715235376,"upper_bound":-0.03327467031643749},"point_estimate":-0.03695369606449117,"standard_error":0.001844331918695729},"median":{"confidence_interval":{"confidence_level":0.95,"lower_bound":-0.03933431885850258,"upper_bound":-0.03389241076412519},"point_estimate":-0.035903505257656065,"standard_error":0.0014326858393188284}}