{"mean":{"confidence_interval":{"confidence_level":0.95,"lower_bound":0.01164648860242164,"upper_bound":0.01960134801737153},"point_estimate":0.015405165381416452,"standard_error":0.002048365186307658},"median":{"confidence_interval":{"confidence_level":0.95,"lower_bound":0.006722898357374464,"upper_bound":0.00909328071314941},"point_estimate":0.00768572709976123,"standard_error":0.0005819482939732584}}