{"mean":{"confidence_interval":{"confidence_level":0.95,"lower_bound":-0.010663787282320513,"upper_bound":-0.0048196164961286135},"point_estimate":-0.007580553106924737,"standard_error":0.001488212751554412},"median":{"confidence_interval":{"confidence_level":0.95,"lower_bound":-0.005082415132638074,"upper_bound":-0.0028833035417016317},"point_estimate":-0.0035368938432609465,"standard_error":0.0005426696501888201}}