{"mean":{"confidence_interval":{"confidence_level":0.95,"lower_bound":48486.35396838633,"upper_bound":51757.69408759007},"point_estimate":49823.80464358637,"standard_error":876.2613036695241},"median":{"confidence_interval":{"confidence_level":0.95,"lower_bound":48526.9435693106,"upper_bound":48550.892857142855},"point_estimate":48539.350079365075,"standard_error":6.1580003870765445},"median_abs_dev":{"confidence_interval":{"confidence_level":0.95,"lower_bound":48.52214852262008,"upper_bound":99.87245872839956},"point_estimate":73.05140720307698,"standard_error":13.14831710477035},"slope":{"confidence_interval":{"confidence_level":0.95,"lower_bound":48420.45249006668,"upper_bound":50254.38874233138},"point_estimate":49153.57427515886,"standard_error":476.3873636014413},"std_dev":{"confidence_interval":{"confidence_level":0.95,"lower_bound":328.0878976440616,"upper_bound":13855.330229328409},"point_estimate":8827.017611781876,"standard_error":3583.874576827813}}