{"mean":{"confidence_interval":{"confidence_level":0.95,"lower_bound":40175240.187125,"upper_bound":40220540.701},"point_estimate":40195973.44,"standard_error":11632.729021475705},"median":{"confidence_interval":{"confidence_level":0.95,"lower_bound":40162274.5,"upper_bound":40182016.75},"point_estimate":40170005.0,"standard_error":5503.846919742743},"median_abs_dev":{"confidence_interval":{"confidence_level":0.95,"lower_bound":29806.56052082777,"upper_bound":59352.55409628153},"point_estimate":39753.69439423084,"standard_error":7628.686561623223},"slope":null,"std_dev":{"confidence_interval":{"confidence_level":0.95,"lower_bound":70608.50502524393,"upper_bound":163698.77784855847},"point_estimate":117083.87949483917,"standard_error":24863.715932976105}}