{"mean":{"confidence_interval":{"confidence_level":0.95,"lower_bound":34892.22908534619,"upper_bound":34955.0865281377},"point_estimate":34924.380407158475,"standard_error":16.00068390099376},"median":{"confidence_interval":{"confidence_level":0.95,"lower_bound":34914.08779734465,"upper_bound":34958.55172413793},"point_estimate":34943.85933412604,"standard_error":11.258163096424104},"median_abs_dev":{"confidence_interval":{"confidence_level":0.95,"lower_bound":71.16138222822407,"upper_bound":129.06787470770573},"point_estimate":103.58989533959046,"standard_error":14.762364540718197},"slope":{"confidence_interval":{"confidence_level":0.95,"lower_bound":34960.23394240185,"upper_bound":34998.138901172286},"point_estimate":34980.03045030906,"standard_error":9.667808128391467},"std_dev":{"confidence_interval":{"confidence_level":0.95,"lower_bound":114.49585450439969,"upper_bound":200.48146457153575},"point_estimate":160.02477457898328,"standard_error":21.892653928484446}}