{"mean":{"confidence_interval":{"confidence_level":0.95,"lower_bound":37675.287501993495,"upper_bound":37745.633442972445},"point_estimate":37708.04216638156,"standard_error":17.977420725973264},"median":{"confidence_interval":{"confidence_level":0.95,"lower_bound":37671.77111693316,"upper_bound":37688.251255155104},"point_estimate":37677.486383334974,"standard_error":4.713385525217371},"median_abs_dev":{"confidence_interval":{"confidence_level":0.95,"lower_bound":25.029580049831043,"upper_bound":47.13931705591879},"point_estimate":34.43545897233574,"standard_error":6.033023860774282},"slope":{"confidence_interval":{"confidence_level":0.95,"lower_bound":37684.69923742391,"upper_bound":37755.964593582394},"point_estimate":37715.90969126189,"standard_error":18.272172089738127},"std_dev":{"confidence_interval":{"confidence_level":0.95,"lower_bound":96.19785100821555,"upper_bound":247.9869995030413},"point_estimate":179.85871629660983,"standard_error":38.524232835107036}}