{"mean":{"confidence_interval":{"confidence_level":0.95,"lower_bound":41460.774770783704,"upper_bound":41596.10621067395},"point_estimate":41526.72886895116,"standard_error":34.55610807301795},"median":{"confidence_interval":{"confidence_level":0.95,"lower_bound":41425.31094527363,"upper_bound":41476.17361111111},"point_estimate":41441.8616043245,"standard_error":13.305233151682314},"median_abs_dev":{"confidence_interval":{"confidence_level":0.95,"lower_bound":81.81022076842072,"upper_bound":179.6207706806214},"point_estimate":113.83348796038898,"standard_error":26.39286535975111},"slope":{"confidence_interval":{"confidence_level":0.95,"lower_bound":41502.598398230235,"upper_bound":41687.715729041454},"point_estimate":41589.501730579774,"standard_error":47.44570230939486},"std_dev":{"confidence_interval":{"confidence_level":0.95,"lower_bound":270.89289210784875,"upper_bound":412.402589198141},"point_estimate":347.44865441759595,"standard_error":36.13660063946559}}