{"mean":{"confidence_interval":{"confidence_level":0.95,"lower_bound":7719930.022857146,"upper_bound":7942980.91285714},"point_estimate":7822338.571428572,"standard_error":57185.2523277065},"median":{"confidence_interval":{"confidence_level":0.95,"lower_bound":7618449.428571428,"upper_bound":7698652.785714285},"point_estimate":7690336.928571429,"standard_error":31761.597800288477},"median_abs_dev":{"confidence_interval":{"confidence_level":0.95,"lower_bound":13526.97211484766,"upper_bound":119392.50508035981},"point_estimate":107358.7705940022,"standard_error":38924.08258862668},"slope":null,"std_dev":{"confidence_interval":{"confidence_level":0.95,"lower_bound":338926.9879977124,"upper_bound":745892.4157465682},"point_estimate":573320.4014277154,"standard_error":103348.47290805406}}