{"mean":{"confidence_interval":{"confidence_level":0.95,"lower_bound":0.023724802613523305,"upper_bound":0.026865317570785575},"point_estimate":0.025314731340555063,"standard_error":0.0008031839356511631},"median":{"confidence_interval":{"confidence_level":0.95,"lower_bound":0.0247200162746712,"upper_bound":0.03044000375676702},"point_estimate":0.02970243532768535,"standard_error":0.0014052122170595263}}