{"mean":{"confidence_interval":{"confidence_level":0.95,"lower_bound":-0.0018683391107583987,"upper_bound":0.0010345562887123403},"point_estimate":-0.00041417535688259566,"standard_error":0.0007338054367025242},"median":{"confidence_interval":{"confidence_level":0.95,"lower_bound":-0.0008882973977867303,"upper_bound":-0.00048565911949760565},"point_estimate":-0.0006872656299727886,"standard_error":0.00010201539003204275}}