{"mean":{"confidence_interval":{"confidence_level":0.95,"lower_bound":186663.28087272722,"upper_bound":186949.34891545435},"point_estimate":186807.0779272728,"standard_error":72.98798145223918},"median":{"confidence_interval":{"confidence_level":0.95,"lower_bound":186626.25454545452,"upper_bound":187083.16363636364},"point_estimate":186814.9818181818,"standard_error":108.02181860890693},"median_abs_dev":{"confidence_interval":{"confidence_level":0.95,"lower_bound":1885.2458223483768,"upper_bound":2513.168693564125},"point_estimate":2159.8246852918055,"standard_error":156.19264629203417},"slope":null,"std_dev":{"confidence_interval":{"confidence_level":0.95,"lower_bound":1565.4084516266516,"upper_bound":1688.8713694657513},"point_estimate":1629.8532492159413,"standard_error":31.557414943830114}}