{"mean":{"confidence_interval":{"confidence_level":0.95,"lower_bound":36353.690660586806,"upper_bound":36998.84720905427},"point_estimate":36636.78057738808,"standard_error":166.83490143611004},"median":{"confidence_interval":{"confidence_level":0.95,"lower_bound":36177.87956810631,"upper_bound":36298.49679526685},"point_estimate":36219.49881500988,"standard_error":28.61848431138071},"median_abs_dev":{"confidence_interval":{"confidence_level":0.95,"lower_bound":150.3827581854363,"upper_bound":325.6190573338523},"point_estimate":224.3230387258045,"standard_error":43.745642569906536},"slope":{"confidence_interval":{"confidence_level":0.95,"lower_bound":36559.77897730461,"upper_bound":37476.39888435764},"point_estimate":36959.37120796301,"standard_error":238.50560753176944},"std_dev":{"confidence_interval":{"confidence_level":0.95,"lower_bound":701.354752694166,"upper_bound":2383.7214477612993},"point_estimate":1675.2305139169641,"standard_error":434.7264968698436}}