{"mean":{"confidence_interval":{"confidence_level":0.95,"lower_bound":176368.94710000037,"upper_bound":176616.69433333332},"point_estimate":176493.08286666652,"standard_error":63.05913310059837},"median":{"confidence_interval":{"confidence_level":0.95,"lower_bound":178973.5,"upper_bound":178997.0},"point_estimate":178985.9166666667,"standard_error":5.66041161842632},"median_abs_dev":{"confidence_interval":{"confidence_level":0.95,"lower_bound":537.4424904584885,"upper_bound":651.7262384295176},"point_estimate":590.445439517498,"standard_error":28.944384064897665},"slope":null,"std_dev":{"confidence_interval":{"confidence_level":0.95,"lower_bound":4356.908865667706,"upper_bound":4542.335458652167},"point_estimate":4449.5929675413,"standard_error":47.2984626701332}}