{"mean":{"confidence_interval":{"confidence_level":0.95,"lower_bound":219539.95254565205,"upper_bound":220148.60782608713},"point_estimate":219835.73773913048,"standard_error":155.5340110442044},"median":{"confidence_interval":{"confidence_level":0.95,"lower_bound":218597.73913043478,"upper_bound":218988.70652173914},"point_estimate":218756.25,"standard_error":109.02721001346205},"median_abs_dev":{"confidence_interval":{"confidence_level":0.95,"lower_bound":1379.7526581131883,"upper_bound":1806.8719837911597},"point_estimate":1534.4909727573395,"standard_error":108.36459523236627},"slope":null,"std_dev":{"confidence_interval":{"confidence_level":0.95,"lower_bound":3124.224380314792,"upper_bound":3811.7465282722337},"point_estimate":3479.04766295818,"standard_error":175.96287156864577}}