{"mean":{"confidence_interval":{"confidence_level":0.95,"lower_bound":49063.25760494518,"upper_bound":49209.981084388615},"point_estimate":49130.52952052444,"standard_error":37.63039629045526},"median":{"confidence_interval":{"confidence_level":0.95,"lower_bound":49013.98042328042,"upper_bound":49064.30394816154},"point_estimate":49046.558230782946,"standard_error":12.536586793594262},"median_abs_dev":{"confidence_interval":{"confidence_level":0.95,"lower_bound":74.03294005856552,"upper_bound":147.90559516051664},"point_estimate":105.29839579856421,"standard_error":18.718062567756558},"slope":{"confidence_interval":{"confidence_level":0.95,"lower_bound":49023.2631995559,"upper_bound":49125.156006484125},"point_estimate":49065.53173805653,"standard_error":26.641123518382955},"std_dev":{"confidence_interval":{"confidence_level":0.95,"lower_bound":217.0173027043838,"upper_bound":521.8897005127069},"point_estimate":376.64125080862067,"standard_error":79.24976713001294}}