{"mean":{"confidence_interval":{"confidence_level":0.95,"lower_bound":33428.82363983086,"upper_bound":33481.485348125905},"point_estimate":33454.214852439334,"standard_error":13.352369015057164},"median":{"confidence_interval":{"confidence_level":0.95,"lower_bound":33416.14549044432,"upper_bound":33465.76388888889},"point_estimate":33441.424939091914,"standard_error":12.604875888603301},"median_abs_dev":{"confidence_interval":{"confidence_level":0.95,"lower_bound":71.93611467698788,"upper_bound":125.48076048767868},"point_estimate":90.63268030994529,"standard_error":13.134065274698173},"slope":{"confidence_interval":{"confidence_level":0.95,"lower_bound":33421.96177203703,"upper_bound":33464.96767877261},"point_estimate":33443.38192512684,"standard_error":10.943339661531343},"std_dev":{"confidence_interval":{"confidence_level":0.95,"lower_bound":97.37209633556462,"upper_bound":167.6535228891991},"point_estimate":133.6870014574696,"standard_error":17.989454149918522}}