{"mean":{"confidence_interval":{"confidence_level":0.95,"lower_bound":-0.009081067315745428,"upper_bound":0.24172038149146785},"point_estimate":0.1143585339824027,"standard_error":0.06399691816511544},"median":{"confidence_interval":{"confidence_level":0.95,"lower_bound":-0.08614724368896254,"upper_bound":0.2763974614920406},"point_estimate":0.016983915966402918,"standard_error":0.09337709921941698}}