{"mean":{"confidence_interval":{"confidence_level":0.95,"lower_bound":109054.91403160329,"upper_bound":125369.90196398999},"point_estimate":117656.28985091939,"standard_error":4205.150315550562},"median":{"confidence_interval":{"confidence_level":0.95,"lower_bound":138199.2423529412,"upper_bound":138259.35294117648},"point_estimate":138213.92791234143,"standard_error":16.299416908813125},"median_abs_dev":{"confidence_interval":{"confidence_level":0.95,"lower_bound":82.4958377693412,"upper_bound":190.56830408564193},"point_estimate":133.86833516205138,"standard_error":29.410028745786118},"slope":{"confidence_interval":{"confidence_level":0.95,"lower_bound":74480.19223403219,"upper_bound":103217.8013397066},"point_estimate":87743.43216578725,"standard_error":7329.5632344510095},"std_dev":{"confidence_interval":{"confidence_level":0.95,"lower_bound":35090.2908831576,"upper_bound":47926.617846284025},"point_estimate":42366.35639343319,"standard_error":3397.356834305189}}