{"mean":{"confidence_interval":{"confidence_level":0.95,"lower_bound":-4.2718053298328855e-6,"upper_bound":0.007412913958970773},"point_estimate":0.0037476353166170373,"standard_error":0.001934149708781185},"median":{"confidence_interval":{"confidence_level":0.95,"lower_bound":0.0035260999474617805,"upper_bound":0.007606651679358016},"point_estimate":0.005032406938903167,"standard_error":0.0010789280303500736}}