{"mean":{"confidence_interval":{"confidence_level":0.95,"lower_bound":-0.023889111983999543,"upper_bound":-0.018292172470394077},"point_estimate":-0.021112092785159575,"standard_error":0.0014283868391399967},"median":{"confidence_interval":{"confidence_level":0.95,"lower_bound":-0.023108389657112927,"upper_bound":-0.020951508816667727},"point_estimate":-0.02183370227073811,"standard_error":0.0005665415099314409}}