{"mean":{"confidence_interval":{"confidence_level":0.95,"lower_bound":-0.037633547245415705,"upper_bound":-0.025834246601524762},"point_estimate":-0.030889316107525544,"standard_error":0.0030436976789057187},"median":{"confidence_interval":{"confidence_level":0.95,"lower_bound":-0.02416559215893488,"upper_bound":-0.022269508469590082},"point_estimate":-0.023126534526524356,"standard_error":0.0005158338382199143}}