{"mean":{"confidence_interval":{"confidence_level":0.95,"lower_bound":-0.03018613556920061,"upper_bound":-0.025886216480799567},"point_estimate":-0.028015051665488566,"standard_error":0.001112591958404459},"median":{"confidence_interval":{"confidence_level":0.95,"lower_bound":-0.030716261771851383,"upper_bound":-0.02667810461539244},"point_estimate":-0.029110197125371662,"standard_error":0.000952665700049704}}