{"mean":{"confidence_interval":{"confidence_level":0.95,"lower_bound":-0.005871421916527192,"upper_bound":-0.0010582234467877074},"point_estimate":-0.003425264758799451,"standard_error":0.001227601781652077},"median":{"confidence_interval":{"confidence_level":0.95,"lower_bound":-0.006659132647437005,"upper_bound":-0.0023803989549884275},"point_estimate":-0.004767729426892076,"standard_error":0.0011473308588914855}}