{"mean":{"confidence_interval":{"confidence_level":0.95,"lower_bound":984.6195145918762,"upper_bound":986.1867521704007},"point_estimate":985.4200327595768,"standard_error":0.39771703037332856},"median":{"confidence_interval":{"confidence_level":0.95,"lower_bound":984.1743607561154,"upper_bound":985.2561723312206},"point_estimate":984.692391535483,"standard_error":0.2745214366964051},"median_abs_dev":{"confidence_interval":{"confidence_level":0.95,"lower_bound":1.6312762003928978,"upper_bound":2.9001621148847296},"point_estimate":2.1646729452711715,"standard_error":0.32991327261643094},"slope":{"confidence_interval":{"confidence_level":0.95,"lower_bound":983.9968728190422,"upper_bound":985.0009844699093},"point_estimate":984.4693586331297,"standard_error":0.2575457708581733},"std_dev":{"confidence_interval":{"confidence_level":0.95,"lower_bound":2.8294725633197686,"upper_bound":5.241303539737553},"point_estimate":4.002057539719008,"standard_error":0.6343758021588551}}