{"mean":{"confidence_interval":{"confidence_level":0.95,"lower_bound":802.2717796952346,"upper_bound":803.2771232876779},"point_estimate":802.7576399283816,"standard_error":0.2569605373902809},"median":{"confidence_interval":{"confidence_level":0.95,"lower_bound":801.550280840977,"upper_bound":803.0589279375222},"point_estimate":802.24483419122,"standard_error":0.3678923426361871},"median_abs_dev":{"confidence_interval":{"confidence_level":0.95,"lower_bound":1.6237356151639892,"upper_bound":2.7626975555987765},"point_estimate":2.2250487163218753,"standard_error":0.2700492717470231},"slope":{"confidence_interval":{"confidence_level":0.95,"lower_bound":801.1092968528889,"upper_bound":802.122266310947},"point_estimate":801.5486373450182,"standard_error":0.2598155497299495},"std_dev":{"confidence_interval":{"confidence_level":0.95,"lower_bound":1.9945548024947437,"upper_bound":3.269558781564936},"point_estimate":2.600040189882569,"standard_error":0.33416680986676195}}