{"mean":{"confidence_interval":{"confidence_level":0.95,"lower_bound":33540697.123749997,"upper_bound":33630043.851500005},"point_estimate":33580359.52,"standard_error":23119.315237604493},"median":{"confidence_interval":{"confidence_level":0.95,"lower_bound":33489037.25,"upper_bound":33563009.0},"point_estimate":33519773.25,"standard_error":23976.10137963199},"median_abs_dev":{"confidence_interval":{"confidence_level":0.95,"lower_bound":75752.22251012926,"upper_bound":131684.90031212568},"point_estimate":95954.24094647169,"standard_error":15408.612586507892},"slope":null,"std_dev":{"confidence_interval":{"confidence_level":0.95,"lower_bound":116921.78975586433,"upper_bound":346057.1596289997},"point_estimate":232703.08752174117,"standard_error":65572.97927685584}}