{"mean":{"confidence_interval":{"confidence_level":0.95,"lower_bound":5214.221598180234,"upper_bound":5535.024425870014},"point_estimate":5356.731980337125,"standard_error":82.27070726139952},"median":{"confidence_interval":{"confidence_level":0.95,"lower_bound":5090.074905550712,"upper_bound":5214.808426350709},"point_estimate":5169.772323515662,"standard_error":39.97541653524721},"median_abs_dev":{"confidence_interval":{"confidence_level":0.95,"lower_bound":182.3223026320007,"upper_bound":314.2667847432295},"point_estimate":231.57698292729557,"standard_error":33.39175451235643},"slope":{"confidence_interval":{"confidence_level":0.95,"lower_bound":5313.352865217302,"upper_bound":5856.373645226529},"point_estimate":5548.868644640102,"standard_error":140.5905946463525},"std_dev":{"confidence_interval":{"confidence_level":0.95,"lower_bound":347.44845041860424,"upper_bound":1184.3477175241624},"point_estimate":822.9578330193623,"standard_error":209.0035798708028}}