{"mean":{"confidence_interval":{"confidence_level":0.95,"lower_bound":-0.02086924541072118,"upper_bound":-0.013141938777792237},"point_estimate":-0.016919870663603676,"standard_error":0.0019794987701838157},"median":{"confidence_interval":{"confidence_level":0.95,"lower_bound":-0.02034717016988785,"upper_bound":-0.015509171817095102},"point_estimate":-0.01838591033417658,"standard_error":0.0011805182462599653}}