{"mean":{"confidence_interval":{"confidence_level":0.95,"lower_bound":-0.018460631011238224,"upper_bound":-0.013369491485356436},"point_estimate":-0.016019513745356262,"standard_error":0.0012939251473862783},"median":{"confidence_interval":{"confidence_level":0.95,"lower_bound":-0.01869155416301116,"upper_bound":-0.016367069099882184},"point_estimate":-0.017730894290525212,"standard_error":0.0005787968283860848}}