{"mean":{"confidence_interval":{"confidence_level":0.95,"lower_bound":0.0016116226043405744,"upper_bound":0.008873777852152246},"point_estimate":0.005281245551805647,"standard_error":0.0018560726314844399},"median":{"confidence_interval":{"confidence_level":0.95,"lower_bound":0.004585064650983462,"upper_bound":0.00955391267315564},"point_estimate":0.007377502238302913,"standard_error":0.0013010550557038202}}