{"mean":{"confidence_interval":{"confidence_level":0.95,"lower_bound":47558.927858334515,"upper_bound":47743.79571342498},"point_estimate":47647.478991893346,"standard_error":47.11135513905942},"median":{"confidence_interval":{"confidence_level":0.95,"lower_bound":47417.654611211576,"upper_bound":47605.88372717508},"point_estimate":47467.430142520476,"standard_error":48.3827951693232},"median_abs_dev":{"confidence_interval":{"confidence_level":0.95,"lower_bound":150.61032591613585,"upper_bound":352.37974403108603},"point_estimate":223.74047682796177,"standard_error":47.91670620823601},"slope":{"confidence_interval":{"confidence_level":0.95,"lower_bound":47477.19126909438,"upper_bound":47646.5295762197},"point_estimate":47552.58767590619,"standard_error":42.99119323641399},"std_dev":{"confidence_interval":{"confidence_level":0.95,"lower_bound":366.9257882784521,"upper_bound":572.3363054418081},"point_estimate":475.46724644485965,"standard_error":52.49066964664023}}