{"mean":{"confidence_interval":{"confidence_level":0.95,"lower_bound":907035.6728181812,"upper_bound":908816.1665818186},"point_estimate":907898.9519999999,"standard_error":454.17313287606567},"median":{"confidence_interval":{"confidence_level":0.95,"lower_bound":902730.3636363636,"upper_bound":903052.8636363636},"point_estimate":902882.0,"standard_error":76.8310830487552},"median_abs_dev":{"confidence_interval":{"confidence_level":0.95,"lower_bound":1597.5014716386795,"upper_bound":2432.276017272952},"point_estimate":1963.2993196899554,"standard_error":213.6140889059221},"slope":null,"std_dev":{"confidence_interval":{"confidence_level":0.95,"lower_bound":8676.304502217205,"upper_bound":11865.6030647008},"point_estimate":10209.950932213249,"standard_error":820.0845031269255}}