{"mean":{"confidence_interval":{"confidence_level":0.95,"lower_bound":2885.4559786623913,"upper_bound":2909.3354484846463},"point_estimate":2896.094263488464,"standard_error":6.116299116996043},"median":{"confidence_interval":{"confidence_level":0.95,"lower_bound":2872.896723467361,"upper_bound":2878.1404987960095},"point_estimate":2875.7655047706985,"standard_error":1.4227853788533935},"median_abs_dev":{"confidence_interval":{"confidence_level":0.95,"lower_bound":7.597513367117923,"upper_bound":16.836198107815417},"point_estimate":11.934588459410824,"standard_error":2.4213597937763054},"slope":{"confidence_interval":{"confidence_level":0.95,"lower_bound":2877.6683359892963,"upper_bound":2924.186615470177},"point_estimate":2896.2533550762773,"standard_error":12.296578558989994},"std_dev":{"confidence_interval":{"confidence_level":0.95,"lower_bound":28.345502293328437,"upper_bound":87.3525109458722},"point_estimate":61.322630809104524,"standard_error":15.067645895281535}}