{"mean":{"confidence_interval":{"confidence_level":0.95,"lower_bound":-0.00047834226791319725,"upper_bound":0.0027376038286856088},"point_estimate":0.001195271359577088,"standard_error":0.0008243302875375759},"median":{"confidence_interval":{"confidence_level":0.95,"lower_bound":0.0014458446833658378,"upper_bound":0.002131995703653633},"point_estimate":0.0018737420716001818,"standard_error":0.00018423989601782414}}