{"mean":{"confidence_interval":{"confidence_level":0.95,"lower_bound":-0.0004836098715195718,"upper_bound":0.001449836098751944},"point_estimate":0.0005367774338862485,"standard_error":0.0004921348565616717},"median":{"confidence_interval":{"confidence_level":0.95,"lower_bound":0.0007857017543508871,"upper_bound":0.0010785000034754244},"point_estimate":0.0009608193581314151,"standard_error":0.0000791004623900027}}