{"mean":{"confidence_interval":{"confidence_level":0.95,"lower_bound":3382.3142739548784,"upper_bound":3413.7415361951867},"point_estimate":3396.8314782296225,"standard_error":8.057157729774469},"median":{"confidence_interval":{"confidence_level":0.95,"lower_bound":3365.3167170038414,"upper_bound":3370.4317351224568},"point_estimate":3368.133591065292,"standard_error":1.3001599732708233},"median_abs_dev":{"confidence_interval":{"confidence_level":0.95,"lower_bound":11.468452821663625,"upper_bound":20.042792907358656},"point_estimate":15.389337032121439,"standard_error":2.244932239481054},"slope":{"confidence_interval":{"confidence_level":0.95,"lower_bound":3377.0984238957876,"upper_bound":3412.8125568091104},"point_estimate":3391.8190522431223,"standard_error":9.34602221398806},"std_dev":{"confidence_interval":{"confidence_level":0.95,"lower_bound":49.59473389952382,"upper_bound":105.88936778160976},"point_estimate":80.97030338344129,"standard_error":14.396291959161458}}