{"mean":{"confidence_interval":{"confidence_level":0.95,"lower_bound":0.05120896619790703,"upper_bound":0.05680102066015902},"point_estimate":0.053770316486624115,"standard_error":0.001438840630950674},"median":{"confidence_interval":{"confidence_level":0.95,"lower_bound":0.043991639701758345,"upper_bound":0.051540619095557405},"point_estimate":0.0467460398781363,"standard_error":0.002384109053465809}}