{"mean":{"confidence_interval":{"confidence_level":0.95,"lower_bound":4121734.4769230783,"upper_bound":4131673.6092884615},"point_estimate":4126431.993076923,"standard_error":2540.070950253919},"median":{"confidence_interval":{"confidence_level":0.95,"lower_bound":4118159.5384615385,"upper_bound":4121080.692307692},"point_estimate":4119313.076923077,"standard_error":873.7741778552039},"median_abs_dev":{"confidence_interval":{"confidence_level":0.95,"lower_bound":6742.9630450959985,"upper_bound":11008.098095913467},"point_estimate":8365.000120722145,"standard_error":1094.7052378095746},"slope":null,"std_dev":{"confidence_interval":{"confidence_level":0.95,"lower_bound":17496.256361654716,"upper_bound":32323.90629708956},"point_estimate":25597.111551878388,"standard_error":3796.9430938937803}}