{"mean":{"confidence_interval":{"confidence_level":0.95,"lower_bound":335442.61761612934,"upper_bound":336643.4560903229},"point_estimate":336037.78019354766,"standard_error":306.6569508399425},"median":{"confidence_interval":{"confidence_level":0.95,"lower_bound":330887.6935483871,"upper_bound":331284.6451612903},"point_estimate":331001.01612903224,"standard_error":141.13856547492077},"median_abs_dev":{"confidence_interval":{"confidence_level":0.95,"lower_bound":1926.4933949107715,"upper_bound":3096.5170552677614},"point_estimate":2271.7018532175853,"standard_error":325.63685796713554},"slope":null,"std_dev":{"confidence_interval":{"confidence_level":0.95,"lower_bound":6699.301894309047,"upper_bound":7019.806693202529},"point_estimate":6869.228945966746,"standard_error":81.28648207193828}}