{"mean":{"confidence_interval":{"confidence_level":0.95,"lower_bound":4061179.3792692292,"upper_bound":4070065.3220769214},"point_estimate":4065235.9138461547,"standard_error":2276.727875397651},"median":{"confidence_interval":{"confidence_level":0.95,"lower_bound":4059119.3076923075,"upper_bound":4062794.3076923075},"point_estimate":4060345.115384615,"standard_error":873.8287814810644},"median_abs_dev":{"confidence_interval":{"confidence_level":0.95,"lower_bound":6719.143080711365,"upper_bound":12851.293469151726},"point_estimate":10412.128545917529,"standard_error":1653.7424705667197},"slope":null,"std_dev":{"confidence_interval":{"confidence_level":0.95,"lower_bound":12946.75078359151,"upper_bound":31595.36092296735},"point_estimate":22914.995005252855,"standard_error":4775.985823189523}}