{"mean":{"confidence_interval":{"confidence_level":0.95,"lower_bound":-0.03703815059876683,"upper_bound":-0.020188521882696268},"point_estimate":-0.02782203550904072,"standard_error":0.004288396221954299},"median":{"confidence_interval":{"confidence_level":0.95,"lower_bound":-0.02594130221861146,"upper_bound":-0.02280249959702453},"point_estimate":-0.024179395081858512,"standard_error":0.0008765519459402798}}