{"mean":{"confidence_interval":{"confidence_level":0.95,"lower_bound":109374.68998186811,"upper_bound":109521.20549450564},"point_estimate":109445.78947252742,"standard_error":37.33752190647244},"median":{"confidence_interval":{"confidence_level":0.95,"lower_bound":109113.32417582418,"upper_bound":109122.93406593407},"point_estimate":109118.48351648351,"standard_error":2.4367921699373305},"median_abs_dev":{"confidence_interval":{"confidence_level":0.95,"lower_bound":34.531545540793175,"upper_bound":43.33753769213839},"point_estimate":39.10153776735012,"standard_error":2.313591111546513},"slope":null,"std_dev":{"confidence_interval":{"confidence_level":0.95,"lower_bound":697.4796541396055,"upper_bound":972.7816407823859},"point_estimate":835.1409718490464,"standard_error":70.3324163402244}}