{"mean":{"confidence_interval":{"confidence_level":0.95,"lower_bound":91835.75223416663,"upper_bound":91966.26376666628},"point_estimate":91901.11580000019,"standard_error":33.30808711445315},"median":{"confidence_interval":{"confidence_level":0.95,"lower_bound":93088.20833333334,"upper_bound":93093.16666666667},"point_estimate":93090.66666666667,"standard_error":1.3631402915657118},"median_abs_dev":{"confidence_interval":{"confidence_level":0.95,"lower_bound":113.41889798641205,"upper_bound":131.64252266287468},"point_estimate":122.87047281860227,"standard_error":4.556135624253424},"slope":null,"std_dev":{"confidence_interval":{"confidence_level":0.95,"lower_bound":2298.0821504466394,"upper_bound":2399.8023282569707},"point_estimate":2350.1216860493278,"standard_error":25.8966031057698}}