{"mean":{"confidence_interval":{"confidence_level":0.95,"lower_bound":0.0014444970974807183,"upper_bound":0.0044488658244856705},"point_estimate":0.002929023298725131,"standard_error":0.0007677061551038633},"median":{"confidence_interval":{"confidence_level":0.95,"lower_bound":0.0016850928205900395,"upper_bound":0.0028801253030148466},"point_estimate":0.002388026196728177,"standard_error":0.00028829009338083255}}