{"mean":{"confidence_interval":{"confidence_level":0.95,"lower_bound":-0.02647219173636584,"upper_bound":-0.02050300517819957},"point_estimate":-0.023509345170327767,"standard_error":0.0015243293893599562},"median":{"confidence_interval":{"confidence_level":0.95,"lower_bound":-0.023794601053204523,"upper_bound":-0.018603345575081476},"point_estimate":-0.02088128650405341,"standard_error":0.0013386730363269064}}