{"mean":{"confidence_interval":{"confidence_level":0.95,"lower_bound":0.027103945867190414,"upper_bound":0.029793446137815736},"point_estimate":0.028473454188603586,"standard_error":0.000684198152688947},"median":{"confidence_interval":{"confidence_level":0.95,"lower_bound":0.02740400237967866,"upper_bound":0.029680348415497493},"point_estimate":0.028227111251697412,"standard_error":0.0006083942108857641}}