{"mean":{"confidence_interval":{"confidence_level":0.95,"lower_bound":27331.663111305326,"upper_bound":27443.18706195005},"point_estimate":27386.85169140426,"standard_error":28.480187161455977},"median":{"confidence_interval":{"confidence_level":0.95,"lower_bound":27344.40459862848,"upper_bound":27450.031793893977},"point_estimate":27413.820904995904,"standard_error":26.135095943366846},"median_abs_dev":{"confidence_interval":{"confidence_level":0.95,"lower_bound":220.72868886491446,"upper_bound":406.9075471533699},"point_estimate":288.75924410992957,"standard_error":46.85407138834968},"slope":{"confidence_interval":{"confidence_level":0.95,"lower_bound":27548.858118651213,"upper_bound":27665.35761053684},"point_estimate":27610.581911901558,"standard_error":29.888408290252052},"std_dev":{"confidence_interval":{"confidence_level":0.95,"lower_bound":251.8596465027615,"upper_bound":313.53792835572466},"point_estimate":285.04877035218186,"standard_error":15.790573839211168}}