{"mean":{"confidence_interval":{"confidence_level":0.95,"lower_bound":517892.4187032587,"upper_bound":520366.3347834026},"point_estimate":518810.4465570992,"standard_error":669.5887366699357},"median":{"confidence_interval":{"confidence_level":0.95,"lower_bound":517763.6666666667,"upper_bound":517861.60714285716},"point_estimate":517813.84059758775,"standard_error":22.153817533266068},"median_abs_dev":{"confidence_interval":{"confidence_level":0.95,"lower_bound":186.0180856311801,"upper_bound":314.1587333548189},"point_estimate":250.46798132635854,"standard_error":30.03266842352921},"slope":{"confidence_interval":{"confidence_level":0.95,"lower_bound":517657.3505271386,"upper_bound":521571.0723458239},"point_estimate":518885.16640313284,"standard_error":1154.8592239380719},"std_dev":{"confidence_interval":{"confidence_level":0.95,"lower_bound":759.0413763126411,"upper_bound":11261.315573594811},"point_estimate":6716.683309906609,"standard_error":3299.1529816016136}}