{"mean":{"confidence_interval":{"confidence_level":0.95,"lower_bound":44592.23590723216,"upper_bound":44945.65572697989},"point_estimate":44758.65352476103,"standard_error":90.00745559409395},"median":{"confidence_interval":{"confidence_level":0.95,"lower_bound":44484.7307466375,"upper_bound":44695.54658757665},"point_estimate":44529.91603485447,"standard_error":53.95650617188767},"median_abs_dev":{"confidence_interval":{"confidence_level":0.95,"lower_bound":225.31843256100134,"upper_bound":531.289387121639},"point_estimate":329.3546939498841,"standard_error":85.78315087824294},"slope":{"confidence_interval":{"confidence_level":0.95,"lower_bound":44520.17422679979,"upper_bound":44786.74183667457},"point_estimate":44635.11380979889,"standard_error":68.91344695770374},"std_dev":{"confidence_interval":{"confidence_level":0.95,"lower_bound":581.2631465965129,"upper_bound":1202.141320089754},"point_estimate":904.5755523199608,"standard_error":159.99493628689333}}