{"mean":{"confidence_interval":{"confidence_level":0.95,"lower_bound":41396.333970661086,"upper_bound":41510.98733329626},"point_estimate":41450.58390021709,"standard_error":29.32882175356408},"median":{"confidence_interval":{"confidence_level":0.95,"lower_bound":41356.270329626044,"upper_bound":41409.104166666664},"point_estimate":41384.43507741197,"standard_error":12.772024999176093},"median_abs_dev":{"confidence_interval":{"confidence_level":0.95,"lower_bound":76.03259357637427,"upper_bound":130.46561107261476},"point_estimate":105.55079258584782,"standard_error":13.95654145257487},"slope":{"confidence_interval":{"confidence_level":0.95,"lower_bound":41384.03453964267,"upper_bound":41476.05179229134},"point_estimate":41424.40865117482,"standard_error":23.590161021431562},"std_dev":{"confidence_interval":{"confidence_level":0.95,"lower_bound":212.89282154283345,"upper_bound":368.30130465900623},"point_estimate":295.4223580979932,"standard_error":39.74612257082378}}