{"mean":{"confidence_interval":{"confidence_level":0.95,"lower_bound":0.11549058939909104,"upper_bound":0.16378430455702264},"point_estimate":0.13627604374215063,"standard_error":0.011836079633199133},"median":{"confidence_interval":{"confidence_level":0.95,"lower_bound":0.04838134749405043,"upper_bound":0.12261544056002725},"point_estimate":0.11664019824534821,"standard_error":0.03185844723662219}}