{"mean":{"confidence_interval":{"confidence_level":0.95,"lower_bound":-0.0076335628952856165,"upper_bound":-0.0011608628522728102},"point_estimate":-0.004004086352919378,"standard_error":0.001669103613051504},"median":{"confidence_interval":{"confidence_level":0.95,"lower_bound":-0.0010546193756225675,"upper_bound":-0.0006421035715291623},"point_estimate":-0.0008631290783237544,"standard_error":0.00010237089778561368}}