{"mean":{"confidence_interval":{"confidence_level":0.95,"lower_bound":45813.859533397444,"upper_bound":45886.214012537836},"point_estimate":45851.80148547165,"standard_error":18.374063007286903},"median":{"confidence_interval":{"confidence_level":0.95,"lower_bound":45854.77272727273,"upper_bound":45868.60531286895},"point_estimate":45860.03601491102,"standard_error":3.8017280081220073},"median_abs_dev":{"confidence_interval":{"confidence_level":0.95,"lower_bound":30.359201436486128,"upper_bound":58.687108504178184},"point_estimate":45.3601924433617,"standard_error":7.128478968628545},"slope":{"confidence_interval":{"confidence_level":0.95,"lower_bound":45812.303184756885,"upper_bound":45851.563765895844},"point_estimate":45833.63509679326,"standard_error":9.97401657520205},"std_dev":{"confidence_interval":{"confidence_level":0.95,"lower_bound":95.82757087857769,"upper_bound":257.4914423515343},"point_estimate":184.68220435084652,"standard_error":40.976224848710736}}