{"mean":{"confidence_interval":{"confidence_level":0.95,"lower_bound":53634.9023310958,"upper_bound":53927.28152380751},"point_estimate":53773.558191426855,"standard_error":74.7978712578149},"median":{"confidence_interval":{"confidence_level":0.95,"lower_bound":53440.6015037594,"upper_bound":53536.5629396559},"point_estimate":53485.83548245614,"standard_error":27.267190566501753},"median_abs_dev":{"confidence_interval":{"confidence_level":0.95,"lower_bound":127.89218045256429,"upper_bound":254.8003536325902},"point_estimate":172.51332967042674,"standard_error":31.999668640276116},"slope":{"confidence_interval":{"confidence_level":0.95,"lower_bound":53474.95411477772,"upper_bound":53634.20128342806},"point_estimate":53544.90034159582,"standard_error":40.910743220788895},"std_dev":{"confidence_interval":{"confidence_level":0.95,"lower_bound":558.5230250362755,"upper_bound":912.3320602312901},"point_estimate":751.6158011369068,"standard_error":90.71628016755187}}