{"mean":{"confidence_interval":{"confidence_level":0.95,"lower_bound":140188.6015229647,"upper_bound":140422.6554680018},"point_estimate":140306.24430403038,"standard_error":59.06190489630411},"median":{"confidence_interval":{"confidence_level":0.95,"lower_bound":140260.80324074073,"upper_bound":140313.69285714286},"point_estimate":140290.49431818182,"standard_error":12.275746762538999},"median_abs_dev":{"confidence_interval":{"confidence_level":0.95,"lower_bound":102.89302291175873,"upper_bound":207.62330031396166},"point_estimate":149.59828912718083,"standard_error":27.479054170636662},"slope":{"confidence_interval":{"confidence_level":0.95,"lower_bound":140048.25875054864,"upper_bound":140238.45046545356},"point_estimate":140160.18843024975,"standard_error":49.97998905194025},"std_dev":{"confidence_interval":{"confidence_level":0.95,"lower_bound":251.21217437468067,"upper_bound":859.3140556164335},"point_estimate":594.6482081681997,"standard_error":153.09468850122337}}