{"mean":{"confidence_interval":{"confidence_level":0.95,"lower_bound":-0.0018313947298665282,"upper_bound":0.0018322431241268975},"point_estimate":-0.00006572411799932176,"standard_error":0.0009119854978883928},"median":{"confidence_interval":{"confidence_level":0.95,"lower_bound":0.0006680410664960945,"upper_bound":0.0012961552853729685},"point_estimate":0.0010602790053306776,"standard_error":0.00015578412321399227}}