{"mean":{"confidence_interval":{"confidence_level":0.95,"lower_bound":-0.0005442977048690757,"upper_bound":0.0037789674167061837},"point_estimate":0.0015143077058987764,"standard_error":0.001107317797682914},"median":{"confidence_interval":{"confidence_level":0.95,"lower_bound":0.0004951826281470121,"upper_bound":0.0011980663947445233},"point_estimate":0.000870006548266522,"standard_error":0.00018014691122914296}}