{"mean":{"confidence_interval":{"confidence_level":0.95,"lower_bound":33530.41021449735,"upper_bound":33644.43472258142},"point_estimate":33584.32514405381,"standard_error":29.10479716550234},"median":{"confidence_interval":{"confidence_level":0.95,"lower_bound":33518.502149621214,"upper_bound":33531.472872960374},"point_estimate":33524.82477390181,"standard_error":3.442205600973257},"median_abs_dev":{"confidence_interval":{"confidence_level":0.95,"lower_bound":33.27691774491653,"upper_bound":232.79927056395772},"point_estimate":154.4753227859674,"standard_error":52.12721056139589},"slope":{"confidence_interval":{"confidence_level":0.95,"lower_bound":33495.16932525277,"upper_bound":33653.19517672543},"point_estimate":33572.51213496872,"standard_error":40.19449983846465},"std_dev":{"confidence_interval":{"confidence_level":0.95,"lower_bound":220.53087864685793,"upper_bound":360.6072161247542},"point_estimate":292.608176510564,"standard_error":35.916915141864614}}