{"mean":{"confidence_interval":{"confidence_level":0.95,"lower_bound":35356.362605526236,"upper_bound":35385.80509506918},"point_estimate":35369.22846444188,"standard_error":7.61160654504725},"median":{"confidence_interval":{"confidence_level":0.95,"lower_bound":35350.46681081659,"upper_bound":35360.905906593405},"point_estimate":35355.06428571428,"standard_error":2.7987914107971092},"median_abs_dev":{"confidence_interval":{"confidence_level":0.95,"lower_bound":19.37340412552423,"upper_bound":31.678181884409344},"point_estimate":26.145672002038207,"standard_error":3.167165844825739},"slope":{"confidence_interval":{"confidence_level":0.95,"lower_bound":35357.176723689314,"upper_bound":35397.942471267816},"point_estimate":35373.21527148557,"standard_error":10.860029015959048},"std_dev":{"confidence_interval":{"confidence_level":0.95,"lower_bound":30.860795734320003,"upper_bound":116.17640429313646},"point_estimate":76.58021322535761,"standard_error":22.931952244729267}}