{"mean":{"confidence_interval":{"confidence_level":0.95,"lower_bound":740795.9605375,"upper_bound":741220.5321325001},"point_estimate":741007.9633,"standard_error":108.09646260758088},"median":{"confidence_interval":{"confidence_level":0.95,"lower_bound":740483.75,"upper_bound":740704.25},"point_estimate":740595.25,"standard_error":56.16477775540833},"median_abs_dev":{"confidence_interval":{"confidence_level":0.95,"lower_bound":3372.54429012537,"upper_bound":3727.2563338279724},"point_estimate":3542.3019871115685,"standard_error":92.14103054558957},"slope":null,"std_dev":{"confidence_interval":{"confidence_level":0.95,"lower_bound":7424.506239954063,"upper_bound":7826.964641148159},"point_estimate":7625.815445474976,"standard_error":102.85426513784272}}