{"mean":{"confidence_interval":{"confidence_level":0.95,"lower_bound":989432.5512227272,"upper_bound":990891.4154545452},"point_estimate":990157.6416363635,"standard_error":371.1091268420583},"median":{"confidence_interval":{"confidence_level":0.95,"lower_bound":992875.7727272727,"upper_bound":993334.1363636364},"point_estimate":993123.0,"standard_error":106.44121233090448},"median_abs_dev":{"confidence_interval":{"confidence_level":0.95,"lower_bound":1920.5060931769442,"upper_bound":2769.700608327974},"point_estimate":2299.984295530745,"standard_error":212.9169130661094},"slope":null,"std_dev":{"confidence_interval":{"confidence_level":0.95,"lower_bound":7496.958726650175,"upper_bound":9133.58083018217},"point_estimate":8319.302151092914,"standard_error":416.9290146225206}}