{"mean":{"confidence_interval":{"confidence_level":0.95,"lower_bound":0.007689127430270637,"upper_bound":0.012995393341300185},"point_estimate":0.010312481841470378,"standard_error":0.0013889445112972001},"median":{"confidence_interval":{"confidence_level":0.95,"lower_bound":0.006148736854741266,"upper_bound":0.008112990014774724},"point_estimate":0.007038619609347263,"standard_error":0.0005083932417909371}}