{"mean":{"confidence_interval":{"confidence_level":0.95,"lower_bound":-0.023043693966981558,"upper_bound":-0.017093249089007927},"point_estimate":-0.020371736355563885,"standard_error":0.0015110457067805043},"median":{"confidence_interval":{"confidence_level":0.95,"lower_bound":-0.02178668071181966,"upper_bound":-0.020079731232907676},"point_estimate":-0.020578669440875053,"standard_error":0.00045636959472778214}}