{"mean":{"confidence_interval":{"confidence_level":0.95,"lower_bound":-0.002548958468635812,"upper_bound":0.01062421376104237},"point_estimate":0.004150791377345087,"standard_error":0.0033636729827309767},"median":{"confidence_interval":{"confidence_level":0.95,"lower_bound":0.0031301809313488693,"upper_bound":0.00483331570284995},"point_estimate":0.004038896868416408,"standard_error":0.00043640012602043696}}