{"mean":{"confidence_interval":{"confidence_level":0.95,"lower_bound":0.007399643625982602,"upper_bound":0.05043101321994838},"point_estimate":0.02428068797773908,"standard_error":0.01110341287785865},"median":{"confidence_interval":{"confidence_level":0.95,"lower_bound":0.003172723430893587,"upper_bound":0.009177373748077589},"point_estimate":0.005636326421083915,"standard_error":0.0012897043031474026}}