{"mean":{"confidence_interval":{"confidence_level":0.95,"lower_bound":-0.009059922422371228,"upper_bound":0.00006901175827614911},"point_estimate":-0.004372263860428993,"standard_error":0.002321964894970959},"median":{"confidence_interval":{"confidence_level":0.95,"lower_bound":-0.0019301220571227296,"upper_bound":0.0000652574322679289},"point_estimate":-0.0009375279633138112,"standard_error":0.0005353212829120814}}