{"mean":{"confidence_interval":{"confidence_level":0.95,"lower_bound":0.021034383688079288,"upper_bound":0.05998439437600114},"point_estimate":0.03987533321384862,"standard_error":0.010144358837961472},"median":{"confidence_interval":{"confidence_level":0.95,"lower_bound":0.0016073985998081852,"upper_bound":0.018836310792223365},"point_estimate":0.006260984956082183,"standard_error":0.004780480701174002}}