{"mean":{"confidence_interval":{"confidence_level":0.95,"lower_bound":-0.005692235220557506,"upper_bound":0.0026466226107442568},"point_estimate":-0.001788193747582878,"standard_error":0.002207166408561874},"median":{"confidence_interval":{"confidence_level":0.95,"lower_bound":-0.004104251949202942,"upper_bound":-0.0023699355797235366},"point_estimate":-0.003403431895454556,"standard_error":0.0004429607588178707}}