{"mean":{"confidence_interval":{"confidence_level":0.95,"lower_bound":-0.016875594664060634,"upper_bound":-0.014322728578859864},"point_estimate":-0.015580044719019859,"standard_error":0.0006400364222815568},"median":{"confidence_interval":{"confidence_level":0.95,"lower_bound":-0.017864577973296547,"upper_bound":-0.013975220944616451},"point_estimate":-0.015658302743122188,"standard_error":0.0011096444542018347}}