{"mean":{"confidence_interval":{"confidence_level":0.95,"lower_bound":138175.69272835864,"upper_bound":138651.64002799836},"point_estimate":138400.92931264036,"standard_error":121.47620835620008},"median":{"confidence_interval":{"confidence_level":0.95,"lower_bound":137985.595703125,"upper_bound":138195.06329372278},"point_estimate":138098.9770480226,"standard_error":51.684471998741515},"median_abs_dev":{"confidence_interval":{"confidence_level":0.95,"lower_bound":345.74061063752754,"upper_bound":735.6626388691761},"point_estimate":513.7711419068854,"standard_error":98.54815303652985},"slope":{"confidence_interval":{"confidence_level":0.95,"lower_bound":137852.21470495954,"upper_bound":138142.96630003597},"point_estimate":137992.87043409192,"standard_error":74.17309066168386},"std_dev":{"confidence_interval":{"confidence_level":0.95,"lower_bound":847.9400744910876,"upper_bound":1584.29299406004},"point_estimate":1215.078387455947,"standard_error":192.4334566771736}}