{"mean":{"confidence_interval":{"confidence_level":0.95,"lower_bound":45692603.328875005,"upper_bound":45798142.9225},"point_estimate":45742019.775,"standard_error":26968.756043961133},"median":{"confidence_interval":{"confidence_level":0.95,"lower_bound":45639383.5,"upper_bound":45665211.0},"point_estimate":45648713.0,"standard_error":6825.100851879771},"median_abs_dev":{"confidence_interval":{"confidence_level":0.95,"lower_bound":45317.52144545317,"upper_bound":73636.90446518356},"point_estimate":58802.50950604677,"standard_error":7128.857652893063},"slope":null,"std_dev":{"confidence_interval":{"confidence_level":0.95,"lower_bound":180445.98632924343,"upper_bound":348065.85036362644},"point_estimate":270618.3911307094,"standard_error":42762.834935160325}}