{"mean":{"confidence_interval":{"confidence_level":0.95,"lower_bound":738230.3082525,"upper_bound":738731.8922925},"point_estimate":738480.8873,"standard_error":127.81528150988865},"median":{"confidence_interval":{"confidence_level":0.95,"lower_bound":739728.5,"upper_bound":740002.5},"point_estimate":739862.75,"standard_error":68.99987402923267},"median_abs_dev":{"confidence_interval":{"confidence_level":0.95,"lower_bound":7044.9351586774,"upper_bound":7797.734561562538},"point_estimate":7387.054368853569,"standard_error":189.6762910849095},"slope":null,"std_dev":{"confidence_interval":{"confidence_level":0.95,"lower_bound":8873.985699163513,"upper_bound":9258.222811381387},"point_estimate":9066.123911711398,"standard_error":97.24940824491833}}