{"mean":{"confidence_interval":{"confidence_level":0.95,"lower_bound":37071.217732378136,"upper_bound":38078.962583980065},"point_estimate":37564.119303194726,"standard_error":256.31575505237635},"median":{"confidence_interval":{"confidence_level":0.95,"lower_bound":36804.532019704435,"upper_bound":36899.676898431746},"point_estimate":36861.773938992046,"standard_error":25.16538475645452},"median_abs_dev":{"confidence_interval":{"confidence_level":0.95,"lower_bound":276.1591138982299,"upper_bound":2539.080659440756},"point_estimate":1104.4067777005464,"standard_error":668.8344403224401},"slope":{"confidence_interval":{"confidence_level":0.95,"lower_bound":38810.85040638641,"upper_bound":40215.100099658644},"point_estimate":39564.06027190779,"standard_error":358.6466488960574},"std_dev":{"confidence_interval":{"confidence_level":0.95,"lower_bound":2192.9019467410276,"upper_bound":2857.0839055172223},"point_estimate":2571.3707012716122,"standard_error":169.84499552853114}}