{"mean":{"confidence_interval":{"confidence_level":0.95,"lower_bound":179856.8705682465,"upper_bound":180407.42650900962},"point_estimate":180123.85687016547,"standard_error":140.57539604786692},"median":{"confidence_interval":{"confidence_level":0.95,"lower_bound":179831.17573696145,"upper_bound":180083.74039121484},"point_estimate":179975.8596153846,"standard_error":60.53460885974133},"median_abs_dev":{"confidence_interval":{"confidence_level":0.95,"lower_bound":452.1293866027249,"upper_bound":807.1719903716014},"point_estimate":647.452897441291,"standard_error":88.95283280606655},"slope":{"confidence_interval":{"confidence_level":0.95,"lower_bound":179798.48679426403,"upper_bound":180195.8577676881},"point_estimate":179983.15455297768,"standard_error":101.00649852279237},"std_dev":{"confidence_interval":{"confidence_level":0.95,"lower_bound":978.6082584542073,"upper_bound":1798.1234315016513},"point_estimate":1410.537883236928,"standard_error":209.83084468120254}}