{"mean":{"confidence_interval":{"confidence_level":0.95,"lower_bound":729549.03266,"upper_bound":731795.8714399999},"point_estimate":730656.8994,"standard_error":574.0798608758113},"median":{"confidence_interval":{"confidence_level":0.95,"lower_bound":721477.25,"upper_bound":722794.25},"point_estimate":722243.5,"standard_error":349.3007209600239},"median_abs_dev":{"confidence_interval":{"confidence_level":0.95,"lower_bound":9181.370986998081,"upper_bound":10111.702470481396},"point_estimate":9679.524578154087,"standard_error":238.87364552054933},"slope":null,"std_dev":{"confidence_interval":{"confidence_level":0.95,"lower_bound":37956.715093738094,"upper_bound":43112.52988304219},"point_estimate":40582.91184735615,"standard_error":1318.1088696111035}}