{"mean":{"confidence_interval":{"confidence_level":0.95,"lower_bound":34502.77614043944,"upper_bound":34617.43436652776},"point_estimate":34556.43534482915,"standard_error":29.096764330157825},"median":{"confidence_interval":{"confidence_level":0.95,"lower_bound":34490.19471264368,"upper_bound":34558.37762825904},"point_estimate":34527.245977011495,"standard_error":17.60755343486402},"median_abs_dev":{"confidence_interval":{"confidence_level":0.95,"lower_bound":130.02049703194848,"upper_bound":206.3356609768604},"point_estimate":168.08064270562815,"standard_error":19.048105524216144},"slope":{"confidence_interval":{"confidence_level":0.95,"lower_bound":34427.622562624005,"upper_bound":34511.89289383442},"point_estimate":34467.82305386689,"standard_error":21.457310976579205},"std_dev":{"confidence_interval":{"confidence_level":0.95,"lower_bound":200.7719246831654,"upper_bound":393.9357613116857},"point_estimate":293.14637467094593,"standard_error":51.64640613323509}}