{"mean":{"confidence_interval":{"confidence_level":0.95,"lower_bound":34510.16673689425,"upper_bound":34572.962000191204},"point_estimate":34538.3670447777,"standard_error":16.05136137012867},"median":{"confidence_interval":{"confidence_level":0.95,"lower_bound":34525.15411681914,"upper_bound":34535.659310344825},"point_estimate":34532.22330367075,"standard_error":3.4598786520842717},"median_abs_dev":{"confidence_interval":{"confidence_level":0.95,"lower_bound":18.854736655858503,"upper_bound":74.2663670437284},"point_estimate":30.77541115551711,"standard_error":16.090962390013498},"slope":{"confidence_interval":{"confidence_level":0.95,"lower_bound":34497.75180961776,"upper_bound":34555.46145928218},"point_estimate":34523.470551510116,"standard_error":14.790630599626214},"std_dev":{"confidence_interval":{"confidence_level":0.95,"lower_bound":87.13402478538774,"upper_bound":234.35419589994666},"point_estimate":160.53760759220856,"standard_error":40.05366817770397}}