{"mean":{"confidence_interval":{"confidence_level":0.95,"lower_bound":34067.86963413589,"upper_bound":34394.05320776565},"point_estimate":34224.2866914781,"standard_error":83.46289794454604},"median":{"confidence_interval":{"confidence_level":0.95,"lower_bound":33854.078464282444,"upper_bound":34066.25862068965},"point_estimate":33950.90087139199,"standard_error":62.82470002557433},"median_abs_dev":{"confidence_interval":{"confidence_level":0.95,"lower_bound":222.23109893558734,"upper_bound":529.092754902513},"point_estimate":301.24071751970035,"standard_error":78.55142961061476},"slope":{"confidence_interval":{"confidence_level":0.95,"lower_bound":33900.58160234736,"upper_bound":34182.0224372375},"point_estimate":34025.606626478395,"standard_error":71.9845483213445},"std_dev":{"confidence_interval":{"confidence_level":0.95,"lower_bound":661.3619268160282,"upper_bound":980.4204427867154},"point_estimate":839.9621472892619,"standard_error":81.33637645215396}}