{"mean":{"confidence_interval":{"confidence_level":0.95,"lower_bound":0.00497548886252231,"upper_bound":0.08360589019878382},"point_estimate":0.0376857084929727,"standard_error":0.021146290792112683},"median":{"confidence_interval":{"confidence_level":0.95,"lower_bound":0.003916524096572838,"upper_bound":0.015521214515399562},"point_estimate":0.009760340568185644,"standard_error":0.0032359102902042073}}