{"mean":{"confidence_interval":{"confidence_level":0.95,"lower_bound":833094.7889076925,"upper_bound":836132.320042308},"point_estimate":834597.0192307687,"standard_error":776.4999753821509},"median":{"confidence_interval":{"confidence_level":0.95,"lower_bound":824365.9615384615,"upper_bound":825229.423076923},"point_estimate":824799.5,"standard_error":207.82345632999323},"median_abs_dev":{"confidence_interval":{"confidence_level":0.95,"lower_bound":6597.373153257758,"upper_bound":10882.397852952683},"point_estimate":8514.286533456576,"standard_error":1089.4190855390912},"slope":null,"std_dev":{"confidence_interval":{"confidence_level":0.95,"lower_bound":16502.09432761377,"upper_bound":18253.134517596736},"point_estimate":17391.866263750948,"standard_error":447.2065855606659}}