{"mean":{"confidence_interval":{"confidence_level":0.95,"lower_bound":40594578.819375,"upper_bound":40653494.244},"point_estimate":40621530.505,"standard_error":15062.817804400549},"median":{"confidence_interval":{"confidence_level":0.95,"lower_bound":40574190.5,"upper_bound":40598493.5},"point_estimate":40587510.5,"standard_error":5777.703197533727},"median_abs_dev":{"confidence_interval":{"confidence_level":0.95,"lower_bound":45664.82048928738,"upper_bound":86125.7150709629},"point_estimate":70611.41829639673,"standard_error":10404.710459171485},"slope":null,"std_dev":{"confidence_interval":{"confidence_level":0.95,"lower_bound":89261.36400261056,"upper_bound":213102.51663754345},"point_estimate":151622.18551926647,"standard_error":32968.37350134072}}