{"mean":{"confidence_interval":{"confidence_level":0.95,"lower_bound":228911.0796916401,"upper_bound":229623.95953288605},"point_estimate":229259.9515918556,"standard_error":181.54505056425302},"median":{"confidence_interval":{"confidence_level":0.95,"lower_bound":228650.27003472223,"upper_bound":229256.32824242424},"point_estimate":228879.8765079365,"standard_error":150.75210474987432},"median_abs_dev":{"confidence_interval":{"confidence_level":0.95,"lower_bound":968.7337148497334,"upper_bound":1666.175855419472},"point_estimate":1294.4333270192074,"standard_error":170.08668079145198},"slope":{"confidence_interval":{"confidence_level":0.95,"lower_bound":228688.3890720736,"upper_bound":229484.3581426504},"point_estimate":229060.6908142456,"standard_error":203.08633357339832},"std_dev":{"confidence_interval":{"confidence_level":0.95,"lower_bound":1460.1287476758678,"upper_bound":2126.0191713170193},"point_estimate":1822.6488668991017,"standard_error":170.2056158373548}}