{"mean":{"confidence_interval":{"confidence_level":0.95,"lower_bound":61916.73371017114,"upper_bound":62243.64323325618},"point_estimate":62076.64006230278,"standard_error":82.87348945510624},"median":{"confidence_interval":{"confidence_level":0.95,"lower_bound":62045.736328125,"upper_bound":62090.941011235955},"point_estimate":62067.189611184054,"standard_error":10.160425551019676},"median_abs_dev":{"confidence_interval":{"confidence_level":0.95,"lower_bound":71.45487389816851,"upper_bound":155.6705870053536},"point_estimate":100.15864831427963,"standard_error":20.70734316364913},"slope":{"confidence_interval":{"confidence_level":0.95,"lower_bound":61944.3732099817,"upper_bound":62246.09974446785},"point_estimate":62088.1875157012,"standard_error":76.40324605401985},"std_dev":{"confidence_interval":{"confidence_level":0.95,"lower_bound":409.3056337995973,"upper_bound":1191.5021273013945},"point_estimate":831.3498006111121,"standard_error":199.93980613533122}}