{"mean":{"confidence_interval":{"confidence_level":0.95,"lower_bound":-0.04761348258896427,"upper_bound":-0.03985017016832828},"point_estimate":-0.043542888672297275,"standard_error":0.0019869833257077675},"median":{"confidence_interval":{"confidence_level":0.95,"lower_bound":-0.054844964811208374,"upper_bound":-0.035392080511165706},"point_estimate":-0.03845224887296017,"standard_error":0.005592173335320859}}