{"mean":{"confidence_interval":{"confidence_level":0.95,"lower_bound":208436.8924809,"upper_bound":208928.6328974411},"point_estimate":208660.66986681268,"standard_error":126.09982554742457},"median":{"confidence_interval":{"confidence_level":0.95,"lower_bound":208247.90305555557,"upper_bound":208427.672},"point_estimate":208329.62272727274,"standard_error":55.1871775000875},"median_abs_dev":{"confidence_interval":{"confidence_level":0.95,"lower_bound":223.64835277943337,"upper_bound":418.20652160733056},"point_estimate":319.79917630772974,"standard_error":46.78520279430963},"slope":{"confidence_interval":{"confidence_level":0.95,"lower_bound":208180.15950084635,"upper_bound":208447.46366482566},"point_estimate":208293.6662544702,"standard_error":68.46943473755626},"std_dev":{"confidence_interval":{"confidence_level":0.95,"lower_bound":705.4058136734657,"upper_bound":1705.1892486483919},"point_estimate":1264.8935675599805,"standard_error":257.0100276089781}}