{"mean":{"confidence_interval":{"confidence_level":0.95,"lower_bound":40961.60845921294,"upper_bound":40993.06500352143},"point_estimate":40973.929365270495,"standard_error":8.357187683954868},"median":{"confidence_interval":{"confidence_level":0.95,"lower_bound":40954.066,"upper_bound":40966.635862068964},"point_estimate":40959.73435465769,"standard_error":3.5727182757402542},"median_abs_dev":{"confidence_interval":{"confidence_level":0.95,"lower_bound":17.160181499687916,"upper_bound":27.319075935419256},"point_estimate":21.8388828865954,"standard_error":2.5721145577656},"slope":{"confidence_interval":{"confidence_level":0.95,"lower_bound":40960.179733114834,"upper_bound":40976.21026331065},"point_estimate":40967.40371780701,"standard_error":4.09627218947155},"std_dev":{"confidence_interval":{"confidence_level":0.95,"lower_bound":23.932854011789967,"upper_bound":137.4378171872575},"point_estimate":83.66283893589703,"standard_error":37.17418870880782}}