{"mean":{"confidence_interval":{"confidence_level":0.95,"lower_bound":137163062.41,"upper_bound":137893460.72175},"point_estimate":137429630.29,"standard_error":206705.0106884405},"median":{"confidence_interval":{"confidence_level":0.95,"lower_bound":137203792.0,"upper_bound":137239375.0},"point_estimate":137219708.0,"standard_error":8370.729561057287},"median_abs_dev":{"confidence_interval":{"confidence_level":0.95,"lower_bound":49203.78662645817,"upper_bound":99735.98282933235},"point_estimate":65697.71133363247,"standard_error":12645.137649336544},"slope":null,"std_dev":{"confidence_interval":{"confidence_level":0.95,"lower_bound":241530.57720851846,"upper_bound":3506625.374549869},"point_estimate":2071616.9108195899,"standard_error":1090164.005409121}}