{"mean":{"confidence_interval":{"confidence_level":0.95,"lower_bound":-0.005120120056076026,"upper_bound":0.0053242919657627555},"point_estimate":-0.000035875018894349076,"standard_error":0.0026213471673644318},"median":{"confidence_interval":{"confidence_level":0.95,"lower_bound":-0.0018510524022970483,"upper_bound":-0.0005079082634918963},"point_estimate":-0.001270815724341512,"standard_error":0.00035117196252812454}}