{"mean":{"confidence_interval":{"confidence_level":0.95,"lower_bound":0.012635417172701776,"upper_bound":0.03301378985026183},"point_estimate":0.022284919512443935,"standard_error":0.005118836666430745},"median":{"confidence_interval":{"confidence_level":0.95,"lower_bound":0.00990465738872337,"upper_bound":0.021296725362677654},"point_estimate":0.01619062502828439,"standard_error":0.0029483275563938842}}