{"mean":{"confidence_interval":{"confidence_level":0.95,"lower_bound":-0.04665049905077435,"upper_bound":-0.026799752288771433},"point_estimate":-0.0356896539022481,"standard_error":0.005108168813137235},"median":{"confidence_interval":{"confidence_level":0.95,"lower_bound":-0.02396889147026693,"upper_bound":-0.022076556675907688},"point_estimate":-0.023307166239498023,"standard_error":0.0005166698718380051}}