{"mean":{"confidence_interval":{"confidence_level":0.95,"lower_bound":0.016090331852821365,"upper_bound":0.03275106350667589},"point_estimate":0.02431181734173138,"standard_error":0.004325956520611785},"median":{"confidence_interval":{"confidence_level":0.95,"lower_bound":0.013612845898241188,"upper_bound":0.019065819386708815},"point_estimate":0.016937827213160617,"standard_error":0.001410975786696404}}