{"mean":{"confidence_interval":{"confidence_level":0.95,"lower_bound":29.237644935221358,"upper_bound":29.29480973967902},"point_estimate":29.265953641158767,"standard_error":0.014594286937234819},"median":{"confidence_interval":{"confidence_level":0.95,"lower_bound":29.217160797160798,"upper_bound":29.273365349965353},"point_estimate":29.243751083949117,"standard_error":0.014088400225034313},"median_abs_dev":{"confidence_interval":{"confidence_level":0.95,"lower_bound":0.09081713804055407,"upper_bound":0.1550486234781114},"point_estimate":0.11258581505005273,"standard_error":0.016773431258318455},"slope":{"confidence_interval":{"confidence_level":0.95,"lower_bound":29.215303584349066,"upper_bound":29.2759929916628},"point_estimate":29.243410280947415,"standard_error":0.015433549290987579},"std_dev":{"confidence_interval":{"confidence_level":0.95,"lower_bound":0.12016401556707741,"upper_bound":0.16904536712312213},"point_estimate":0.14577422862275222,"standard_error":0.012483099003084641}}