{"mean":{"confidence_interval":{"confidence_level":0.95,"lower_bound":3249643.6367333336,"upper_bound":3255647.8081666655},"point_estimate":3252231.7326666676,"standard_error":1548.7757943360136},"median":{"confidence_interval":{"confidence_level":0.95,"lower_bound":3248760.466666667,"upper_bound":3251390.5666666664},"point_estimate":3250160.7333333334,"standard_error":735.6724631645798},"median_abs_dev":{"confidence_interval":{"confidence_level":0.95,"lower_bound":4272.95196414026,"upper_bound":8686.05904579174},"point_estimate":6960.362096428802,"standard_error":1196.8775810995096},"slope":null,"std_dev":{"confidence_interval":{"confidence_level":0.95,"lower_bound":6958.462701439121,"upper_bound":24092.209849085448},"point_estimate":15556.390164001241,"standard_error":5179.608000993528}}