{"mean":{"confidence_interval":{"confidence_level":0.95,"lower_bound":0.12947863320630798,"upper_bound":0.1316321459383507},"point_estimate":0.13055560136494404,"standard_error":0.0005461108712343156},"median":{"confidence_interval":{"confidence_level":0.95,"lower_bound":0.12944437689141042,"upper_bound":0.13068354943541674},"point_estimate":0.1301607733669834,"standard_error":0.0002897782044572086}}