{"mean":{"confidence_interval":{"confidence_level":0.95,"lower_bound":33.522596129005834,"upper_bound":33.744611817435974},"point_estimate":33.64297881062759,"standard_error":0.05700368443183625},"median":{"confidence_interval":{"confidence_level":0.95,"lower_bound":33.7016967740652,"upper_bound":33.765777279981826},"point_estimate":33.7257325886237,"standard_error":0.01609033012807395},"median_abs_dev":{"confidence_interval":{"confidence_level":0.95,"lower_bound":0.10219284016173927,"upper_bound":0.17253680096686283},"point_estimate":0.13866341518952924,"standard_error":0.018364223193209264},"slope":{"confidence_interval":{"confidence_level":0.95,"lower_bound":33.69799843369261,"upper_bound":33.750019851128755},"point_estimate":33.72219800926318,"standard_error":0.013287549639040695},"std_dev":{"confidence_interval":{"confidence_level":0.95,"lower_bound":0.31825775215954044,"upper_bound":0.7749595595134671},"point_estimate":0.5722845876721497,"standard_error":0.11719101840660516}}