{"mean":{"confidence_interval":{"confidence_level":0.95,"lower_bound":40574.21347415069,"upper_bound":40830.01601036105},"point_estimate":40694.23018999156,"standard_error":65.26390413329035},"median":{"confidence_interval":{"confidence_level":0.95,"lower_bound":40479.38105263158,"upper_bound":40519.69907968574},"point_estimate":40499.540907258066,"standard_error":9.354269152415192},"median_abs_dev":{"confidence_interval":{"confidence_level":0.95,"lower_bound":80.25570765938528,"upper_bound":143.91709865417207},"point_estimate":105.59048480097943,"standard_error":16.125407225996046},"slope":{"confidence_interval":{"confidence_level":0.95,"lower_bound":40643.057870416545,"upper_bound":41021.82314332425},"point_estimate":40819.802758563615,"standard_error":97.22432425085654},"std_dev":{"confidence_interval":{"confidence_level":0.95,"lower_bound":463.425203295889,"upper_bound":806.1589723159382},"point_estimate":654.1373955659429,"standard_error":87.47954993842377}}