{"mean":{"confidence_interval":{"confidence_level":0.95,"lower_bound":39.84243894685303,"upper_bound":39.95718173042365},"point_estimate":39.898764672365466,"standard_error":0.02936151500457949},"median":{"confidence_interval":{"confidence_level":0.95,"lower_bound":39.794236191358095,"upper_bound":39.95272001615964},"point_estimate":39.85284766343794,"standard_error":0.045173265656564224},"median_abs_dev":{"confidence_interval":{"confidence_level":0.95,"lower_bound":0.22177279111442932,"upper_bound":0.3638904160712394},"point_estimate":0.26567787659173714,"standard_error":0.03615612974244766},"slope":{"confidence_interval":{"confidence_level":0.95,"lower_bound":39.716629461010164,"upper_bound":39.836582637085456},"point_estimate":39.773768484085736,"standard_error":0.030621909968992007},"std_dev":{"confidence_interval":{"confidence_level":0.95,"lower_bound":0.25384624354630514,"upper_bound":0.33276169209899775},"point_estimate":0.29573900006205844,"standard_error":0.02016750105268051}}