{"mean":{"confidence_interval":{"confidence_level":0.95,"lower_bound":0.09661493062039961,"upper_bound":0.09931023211812015},"point_estimate":0.09792850231796413,"standard_error":0.0006882102425353158},"median":{"confidence_interval":{"confidence_level":0.95,"lower_bound":0.09659928253251282,"upper_bound":0.09814262619080183},"point_estimate":0.09709126344415697,"standard_error":0.00039231263990728804}}