{"mean":{"confidence_interval":{"confidence_level":0.95,"lower_bound":0.015870033762666547,"upper_bound":0.02635179644750426},"point_estimate":0.021159754509700868,"standard_error":0.002657432414608304},"median":{"confidence_interval":{"confidence_level":0.95,"lower_bound":0.013838321151346644,"upper_bound":0.016134739991368052},"point_estimate":0.014959952709205915,"standard_error":0.0005954014826956427}}