{"mean":{"confidence_interval":{"confidence_level":0.95,"lower_bound":0.0029091811611913344,"upper_bound":0.011993164697285773},"point_estimate":0.0070334591827501125,"standard_error":0.0023140246729447425},"median":{"confidence_interval":{"confidence_level":0.95,"lower_bound":0.004674642046743503,"upper_bound":0.008859926131357554},"point_estimate":0.007314951200085185,"standard_error":0.0010200915075251858}}