{"mean":{"confidence_interval":{"confidence_level":0.95,"lower_bound":744310.488821429,"upper_bound":745089.6945714285},"point_estimate":744702.8115714288,"standard_error":198.90169653808744},"median":{"confidence_interval":{"confidence_level":0.95,"lower_bound":745592.9285714286,"upper_bound":746992.7857142857},"point_estimate":746544.1785714286,"standard_error":354.3670329833471},"median_abs_dev":{"confidence_interval":{"confidence_level":0.95,"lower_bound":2735.7146514313167,"upper_bound":4152.0212262869745},"point_estimate":3360.3657903415324,"standard_error":363.69060984678055},"slope":null,"std_dev":{"confidence_interval":{"confidence_level":0.95,"lower_bound":4177.053666096127,"upper_bound":4748.677434170915},"point_estimate":4470.053314293611,"standard_error":145.03496002572433}}