{"mean":{"confidence_interval":{"confidence_level":0.95,"lower_bound":34205.362677808414,"upper_bound":34304.07019038415},"point_estimate":34255.72940591291,"standard_error":25.27623324493467},"median":{"confidence_interval":{"confidence_level":0.95,"lower_bound":34250.72603923602,"upper_bound":34316.04482758621},"point_estimate":34277.09451090781,"standard_error":18.37004735263129},"median_abs_dev":{"confidence_interval":{"confidence_level":0.95,"lower_bound":102.0886428019763,"upper_bound":233.54429738441482},"point_estimate":163.6584577766431,"standard_error":32.831141883494325},"slope":{"confidence_interval":{"confidence_level":0.95,"lower_bound":34184.24820208382,"upper_bound":34264.153307745386},"point_estimate":34222.4409498428,"standard_error":20.432031449925987},"std_dev":{"confidence_interval":{"confidence_level":0.95,"lower_bound":195.4896168562806,"upper_bound":307.082903988146},"point_estimate":254.4267519017316,"standard_error":28.521599538711083}}