{"mean":{"confidence_interval":{"confidence_level":0.95,"lower_bound":-0.027346930324958395,"upper_bound":-0.011916931724934599},"point_estimate":-0.018919762709961763,"standard_error":0.003962839039413284},"median":{"confidence_interval":{"confidence_level":0.95,"lower_bound":-0.009969348860218517,"upper_bound":-0.003025057109520881},"point_estimate":-0.00621244487625916,"standard_error":0.0016775943029480548}}