{"mean":{"confidence_interval":{"confidence_level":0.95,"lower_bound":-0.0008190451441550615,"upper_bound":0.004936453999000043},"point_estimate":0.0021194825832091535,"standard_error":0.0014605832409366917},"median":{"confidence_interval":{"confidence_level":0.95,"lower_bound":-0.0009651907330829879,"upper_bound":0.0011155514526499655},"point_estimate":-0.00005671756781555626,"standard_error":0.000531449470043279}}