{"mean":{"confidence_interval":{"confidence_level":0.95,"lower_bound":468155.7999090506,"upper_bound":468770.7928711436},"point_estimate":468418.5798546791,"standard_error":158.57672119284757},"median":{"confidence_interval":{"confidence_level":0.95,"lower_bound":468010.57936507935,"upper_bound":468112.6126126126},"point_estimate":468063.4322916666,"standard_error":25.298974379758935},"median_abs_dev":{"confidence_interval":{"confidence_level":0.95,"lower_bound":149.1057265194999,"upper_bound":246.22998477084872},"point_estimate":222.28088696283163,"standard_error":26.314562581791616},"slope":{"confidence_interval":{"confidence_level":0.95,"lower_bound":467986.1695038012,"upper_bound":468266.9348133382},"point_estimate":468092.1570986651,"standard_error":74.83831724616347},"std_dev":{"confidence_interval":{"confidence_level":0.95,"lower_bound":494.6235250247764,"upper_bound":2474.70463264032},"point_estimate":1593.3332544928544,"standard_error":518.9017791637731}}