{"mean":{"confidence_interval":{"confidence_level":0.95,"lower_bound":0.0021803639799903526,"upper_bound":0.007645856132977541},"point_estimate":0.005148815739378199,"standard_error":0.0013940304261449352},"median":{"confidence_interval":{"confidence_level":0.95,"lower_bound":0.003877098832360426,"upper_bound":0.00531234144839976},"point_estimate":0.004378221535775051,"standard_error":0.0003383726071814536}}