{"mean":{"confidence_interval":{"confidence_level":0.95,"lower_bound":40971.5893193418,"upper_bound":40999.09136702112},"point_estimate":40983.87353686665,"standard_error":7.053216425136908},"median":{"confidence_interval":{"confidence_level":0.95,"lower_bound":40961.263050847454,"upper_bound":40973.26340476191},"point_estimate":40968.65676693568,"standard_error":2.9983804543031076},"median_abs_dev":{"confidence_interval":{"confidence_level":0.95,"lower_bound":16.61168470280886,"upper_bound":29.697190040213652},"point_estimate":24.783219218852956,"standard_error":3.3570536290476185},"slope":{"confidence_interval":{"confidence_level":0.95,"lower_bound":40969.719748638105,"upper_bound":41009.72246846211},"point_estimate":40985.94732377715,"standard_error":10.61006480300915},"std_dev":{"confidence_interval":{"confidence_level":0.95,"lower_bound":31.180845670129656,"upper_bound":98.72135865551104},"point_estimate":70.55324942627408,"standard_error":16.390769290220017}}