{"mean":{"confidence_interval":{"confidence_level":0.95,"lower_bound":53656.88446535014,"upper_bound":53920.94514473669},"point_estimate":53772.87730744487,"standard_error":68.08683988608335},"median":{"confidence_interval":{"confidence_level":0.95,"lower_bound":53598.24582043344,"upper_bound":53617.36237144586},"point_estimate":53604.84143049932,"standard_error":4.760219604353102},"median_abs_dev":{"confidence_interval":{"confidence_level":0.95,"lower_bound":28.228631016674896,"upper_bound":53.529083806372455},"point_estimate":40.11609768675726,"standard_error":6.5629236713008305},"slope":{"confidence_interval":{"confidence_level":0.95,"lower_bound":53640.20972561598,"upper_bound":54101.51838344652},"point_estimate":53835.74138940524,"standard_error":120.95840943379349},"std_dev":{"confidence_interval":{"confidence_level":0.95,"lower_bound":218.12203112283973,"upper_bound":986.7393210585159},"point_estimate":685.5979605203654,"standard_error":182.3079082044902}}