{"mean":{"confidence_interval":{"confidence_level":0.95,"lower_bound":47777.27998181817,"upper_bound":47811.839318181745},"point_estimate":47794.52678181833,"standard_error":8.809113617527718},"median":{"confidence_interval":{"confidence_level":0.95,"lower_bound":47626.84090909091,"upper_bound":47633.27272727273},"point_estimate":47630.045454545456,"standard_error":1.6057157724962436},"median_abs_dev":{"confidence_interval":{"confidence_level":0.95,"lower_bound":131.61444311792297,"upper_bound":245.26920928196193},"point_estimate":181.04567405852356,"standard_error":30.712634055815702},"slope":null,"std_dev":{"confidence_interval":{"confidence_level":0.95,"lower_bound":612.1028523451374,"upper_bound":633.9556741555144},"point_estimate":623.1221703819306,"standard_error":5.5524379715642285}}