{"mean":{"confidence_interval":{"confidence_level":0.95,"lower_bound":123292619.4875,"upper_bound":137543051.49324998},"point_estimate":130333001.24,"standard_error":3624659.4200602435},"median":{"confidence_interval":{"confidence_level":0.95,"lower_bound":118555291.0,"upper_bound":141667459.0},"point_estimate":127697500.0,"standard_error":5584208.882741181},"median_abs_dev":{"confidence_interval":{"confidence_level":0.95,"lower_bound":29387571.837866306,"upper_bound":48352218.26657653},"point_estimate":39833724.399510026,"standard_error":4539904.079373523},"slope":null,"std_dev":{"confidence_interval":{"confidence_level":0.95,"lower_bound":31099293.22752709,"upper_bound":41637241.24658919},"point_estimate":36519547.125602014,"standard_error":2684282.976286146}}