{"mean":{"confidence_interval":{"confidence_level":0.95,"lower_bound":35071.11506469944,"upper_bound":36673.36563213716},"point_estimate":35752.662140972076,"standard_error":415.8674373688538},"median":{"confidence_interval":{"confidence_level":0.95,"lower_bound":34787.175198253586,"upper_bound":34945.63560111836},"point_estimate":34826.535553651745,"standard_error":45.5941690233984},"median_abs_dev":{"confidence_interval":{"confidence_level":0.95,"lower_bound":171.0155949170859,"upper_bound":383.069922907498},"point_estimate":235.67090764765962,"standard_error":54.65546211804981},"slope":{"confidence_interval":{"confidence_level":0.95,"lower_bound":35190.91340245961,"upper_bound":36587.4864814679},"point_estimate":35751.87378760007,"standard_error":366.18881914661034},"std_dev":{"confidence_interval":{"confidence_level":0.95,"lower_bound":738.2769965630398,"upper_bound":6335.594024733913},"point_estimate":4176.423743270662,"standard_error":1427.8081495292904}}