{"mean":{"confidence_interval":{"confidence_level":0.95,"lower_bound":3053934406.56825,"upper_bound":3136932947.1667495},"point_estimate":3094875650.84,"standard_error":21178381.16574789},"median":{"confidence_interval":{"confidence_level":0.95,"lower_bound":3018340646.0,"upper_bound":3105904333.0},"point_estimate":3060941104.5,"standard_error":20818097.816854462},"median_abs_dev":{"confidence_interval":{"confidence_level":0.95,"lower_bound":162071002.49096453,"upper_bound":255920229.4623077},"point_estimate":212676711.9309336,"standard_error":22730761.14286709},"slope":null,"std_dev":{"confidence_interval":{"confidence_level":0.95,"lower_bound":181159097.64685068,"upper_bound":244016258.07372794},"point_estimate":213748253.00192475,"standard_error":16054037.810308773}}