{"mean":{"confidence_interval":{"confidence_level":0.95,"lower_bound":1100.611324206671,"upper_bound":1105.8617529221783},"point_estimate":1102.9769314576076,"standard_error":1.3510725948593785},"median":{"confidence_interval":{"confidence_level":0.95,"lower_bound":1098.0753923766815,"upper_bound":1099.2986290171898},"point_estimate":1098.5150280721105,"standard_error":0.3375177032918713},"median_abs_dev":{"confidence_interval":{"confidence_level":0.95,"lower_bound":1.8216775038573139,"upper_bound":3.412813872992354},"point_estimate":2.5388867963474824,"standard_error":0.3968108587088422},"slope":{"confidence_interval":{"confidence_level":0.95,"lower_bound":1100.038743344185,"upper_bound":1104.4054224152728},"point_estimate":1102.0256961706143,"standard_error":1.1121105101889992},"std_dev":{"confidence_interval":{"confidence_level":0.95,"lower_bound":7.445434035302693,"upper_bound":19.53093597606843},"point_estimate":13.521923979526173,"standard_error":3.3432331439790244}}