{"mean":{"confidence_interval":{"confidence_level":0.95,"lower_bound":-0.01941657374039751,"upper_bound":-0.007320531413584087},"point_estimate":-0.013281534602454514,"standard_error":0.003074199353419744},"median":{"confidence_interval":{"confidence_level":0.95,"lower_bound":-0.01066382105790209,"upper_bound":-0.00384909838270997},"point_estimate":-0.006828275526958749,"standard_error":0.0018965230776017228}}