{"mean":{"confidence_interval":{"confidence_level":0.95,"lower_bound":4494230.167166666,"upper_bound":4518979.742666667},"point_estimate":4504692.813333335,"standard_error":6436.1438947918205},"median":{"confidence_interval":{"confidence_level":0.95,"lower_bound":4479013.833333333,"upper_bound":4507218.75},"point_estimate":4486267.375,"standard_error":11198.979455114986},"median_abs_dev":{"confidence_interval":{"confidence_level":0.95,"lower_bound":7294.515420496004,"upper_bound":40133.239987492576},"point_estimate":19008.66136252857,"standard_error":11177.484295932458},"slope":null,"std_dev":{"confidence_interval":{"confidence_level":0.95,"lower_bound":24708.133306511885,"upper_bound":101456.08430764441},"point_estimate":64599.25570470717,"standard_error":22870.736715830582}}