{"mean":{"confidence_interval":{"confidence_level":0.95,"lower_bound":327743441.977,"upper_bound":328103180.435},"point_estimate":327915041.71,"standard_error":92319.40811375385},"median":{"confidence_interval":{"confidence_level":0.95,"lower_bound":327455682.0,"upper_bound":327529293.0},"point_estimate":327484811.0,"standard_error":18298.025933734625},"median_abs_dev":{"confidence_interval":{"confidence_level":0.95,"lower_bound":89094.0655432642,"upper_bound":192032.27899074554},"point_estimate":117027.54632234573,"standard_error":24990.955254443394},"slope":null,"std_dev":{"confidence_interval":{"confidence_level":0.95,"lower_bound":703563.8496342364,"upper_bound":1113546.0511721892},"point_estimate":930124.7704412293,"standard_error":105061.61258454942}}