{"mean":{"confidence_interval":{"confidence_level":0.95,"lower_bound":0.00867508346958783,"upper_bound":0.0726084490605825},"point_estimate":0.038073198274399145,"standard_error":0.017359816982131536},"median":{"confidence_interval":{"confidence_level":0.95,"lower_bound":-0.02657640523219429,"upper_bound":0.003670547081918052},"point_estimate":-0.01819646338685621,"standard_error":0.0073347078490033826}}