{"mean":{"confidence_interval":{"confidence_level":0.95,"lower_bound":0.012789055083612782,"upper_bound":0.020937783846058194},"point_estimate":0.016845715931689265,"standard_error":0.0020743738163987143},"median":{"confidence_interval":{"confidence_level":0.95,"lower_bound":0.01583212791337875,"upper_bound":0.018952873114108648},"point_estimate":0.01809267650947244,"standard_error":0.0006750473686392496}}