{"mean":{"confidence_interval":{"confidence_level":0.95,"lower_bound":0.01134466700750324,"upper_bound":0.02109828409669967},"point_estimate":0.016135908631705886,"standard_error":0.0024838736627535917},"median":{"confidence_interval":{"confidence_level":0.95,"lower_bound":0.013341554150567259,"upper_bound":0.019380270272243427},"point_estimate":0.016086174645431273,"standard_error":0.001540214650586366}}