{"mean":{"confidence_interval":{"confidence_level":0.95,"lower_bound":-0.002117175602323899,"upper_bound":0.008596795190010342},"point_estimate":0.0031969211861087032,"standard_error":0.0027015709305460434},"median":{"confidence_interval":{"confidence_level":0.95,"lower_bound":0.0020614228554127756,"upper_bound":0.0038487112020269},"point_estimate":0.0027792520104039653,"standard_error":0.0004571208449192866}}