{"mean":{"confidence_interval":{"confidence_level":0.95,"lower_bound":-0.9299419616317467,"upper_bound":-0.9274184844411711},"point_estimate":-0.9286132017212947,"standard_error":0.0006474185037263989},"median":{"confidence_interval":{"confidence_level":0.95,"lower_bound":-0.9269834455566897,"upper_bound":-0.9261667076326642},"point_estimate":-0.9265103343029103,"standard_error":0.00022019543564787402}}