{"mean":{"confidence_interval":{"confidence_level":0.95,"lower_bound":-0.014631867220713976,"upper_bound":-0.004463345259362069},"point_estimate":-0.009608608095366344,"standard_error":0.0025955492179067893},"median":{"confidence_interval":{"confidence_level":0.95,"lower_bound":-0.01450008606775588,"upper_bound":-0.0077533416800876775},"point_estimate":-0.011336247444762027,"standard_error":0.0016686760208194248}}