{"mean":{"confidence_interval":{"confidence_level":0.95,"lower_bound":-0.024436750055883184,"upper_bound":-0.019624865208152317},"point_estimate":-0.02184860447767001,"standard_error":0.001242851726716914},"median":{"confidence_interval":{"confidence_level":0.95,"lower_bound":-0.021268176343057887,"upper_bound":-0.01839116767839301},"point_estimate":-0.01991104202901184,"standard_error":0.000717379703306678}}