{"mean":{"confidence_interval":{"confidence_level":0.95,"lower_bound":1169490.4641104469,"upper_bound":1229381.7798427327},"point_estimate":1190706.5403026505,"standard_error":17669.4286197153},"median":{"confidence_interval":{"confidence_level":0.95,"lower_bound":1172642.6052423185,"upper_bound":1174519.2845401582},"point_estimate":1173891.3581011351,"standard_error":483.0965154364273},"median_abs_dev":{"confidence_interval":{"confidence_level":0.95,"lower_bound":2432.572777949515,"upper_bound":5829.559134387023},"point_estimate":3398.305985591596,"standard_error":822.6737551967033},"slope":{"confidence_interval":{"confidence_level":0.95,"lower_bound":1168990.3509072296,"upper_bound":1192768.5200197247},"point_estimate":1177630.1510240876,"standard_error":6597.830541556119},"std_dev":{"confidence_interval":{"confidence_level":0.95,"lower_bound":11273.680914361568,"upper_bound":303644.1169983107},"point_estimate":178094.06581054657,"standard_error":99798.71435827963}}