{"mean":{"confidence_interval":{"confidence_level":0.95,"lower_bound":371262.0731073,"upper_bound":372406.6521316965},"point_estimate":371799.2785337541,"standard_error":293.0182749737145},"median":{"confidence_interval":{"confidence_level":0.95,"lower_bound":370846.3182788051,"upper_bound":371339.56910569104},"point_estimate":371125.14409013605,"standard_error":129.96001551400926},"median_abs_dev":{"confidence_interval":{"confidence_level":0.95,"lower_bound":1027.2362757747574,"upper_bound":1687.61580268513},"point_estimate":1394.1943456614033,"standard_error":171.3289185390665},"slope":{"confidence_interval":{"confidence_level":0.95,"lower_bound":371007.75147046434,"upper_bound":372097.0685987385},"point_estimate":371494.78070341365,"standard_error":279.6494198034893},"std_dev":{"confidence_interval":{"confidence_level":0.95,"lower_bound":1966.9852617663491,"upper_bound":3868.025331296526},"point_estimate":2947.0371992656756,"standard_error":490.66400482406175}}