{"mean":{"confidence_interval":{"confidence_level":0.95,"lower_bound":0.015871845964997668,"upper_bound":0.022310655171809884},"point_estimate":0.019046967391540548,"standard_error":0.0016481844158894134},"median":{"confidence_interval":{"confidence_level":0.95,"lower_bound":0.016206933698370396,"upper_bound":0.020520548383542225},"point_estimate":0.0188657898016813,"standard_error":0.0010537822355294409}}