{"mean":{"confidence_interval":{"confidence_level":0.95,"lower_bound":-0.06162276442056953,"upper_bound":-0.039768596476906115},"point_estimate":-0.04955346785073178,"standard_error":0.00559556426172717},"median":{"confidence_interval":{"confidence_level":0.95,"lower_bound":-0.047737967790083324,"upper_bound":-0.03262225372832751},"point_estimate":-0.041957439659151,"standard_error":0.0036952431464652366}}