{"mean":{"confidence_interval":{"confidence_level":0.95,"lower_bound":37033.53040148848,"upper_bound":37414.07488341704},"point_estimate":37173.94529965464,"standard_error":105.88769872128137},"median":{"confidence_interval":{"confidence_level":0.95,"lower_bound":37000.0,"upper_bound":37019.74074074074},"point_estimate":37008.2304526749,"standard_error":4.732178129451074},"median_abs_dev":{"confidence_interval":{"confidence_level":0.95,"lower_bound":41.99955586597505,"upper_bound":74.83680258051992},"point_estimate":58.92981895378663,"standard_error":8.361462217185597},"slope":{"confidence_interval":{"confidence_level":0.95,"lower_bound":37002.89995238698,"upper_bound":37852.10833412796},"point_estimate":37279.27151568888,"standard_error":248.67562255656665},"std_dev":{"confidence_interval":{"confidence_level":0.95,"lower_bound":150.46267563255978,"upper_bound":1789.1360402563864},"point_estimate":1062.1866895363933,"standard_error":541.6329828792794}}