{"mean":{"confidence_interval":{"confidence_level":0.95,"lower_bound":0.00003690172297285425,"upper_bound":0.007616357216745307},"point_estimate":0.0031768784231942515,"standard_error":0.0018976855321391688},"median":{"confidence_interval":{"confidence_level":0.95,"lower_bound":0.000030160274517188057,"upper_bound":0.0005161707397407511},"point_estimate":0.00019067749564949388,"standard_error":0.0001314915740240269}}