{"mean":{"confidence_interval":{"confidence_level":0.95,"lower_bound":253055.5038653844,"upper_bound":253295.63759999978},"point_estimate":253171.76820512806,"standard_error":61.422020607628696},"median":{"confidence_interval":{"confidence_level":0.95,"lower_bound":252948.0128205128,"upper_bound":253118.47435897437},"point_estimate":253040.03846153847,"standard_error":44.56269384544579},"median_abs_dev":{"confidence_interval":{"confidence_level":0.95,"lower_bound":720.8096948953521,"upper_bound":888.6290824929348},"point_estimate":807.7318702752707,"standard_error":41.63348449421411},"slope":null,"std_dev":{"confidence_interval":{"confidence_level":0.95,"lower_bound":1107.4028313179008,"upper_bound":1622.279015617892},"point_estimate":1372.4196211530511,"standard_error":131.6141115610209}}