{"mean":{"confidence_interval":{"confidence_level":0.95,"lower_bound":2967246.3285882366,"upper_bound":2978387.32235294},"point_estimate":2972554.404117648,"standard_error":2850.4136959628017},"median":{"confidence_interval":{"confidence_level":0.95,"lower_bound":2958271.7352941176,"upper_bound":2968030.117647059},"point_estimate":2967023.823529412,"standard_error":2963.438050489739},"median_abs_dev":{"confidence_interval":{"confidence_level":0.95,"lower_bound":11821.423678363091,"upper_bound":23443.60881335141},"point_estimate":21810.789848075823,"standard_error":3708.3074150705734},"slope":null,"std_dev":{"confidence_interval":{"confidence_level":0.95,"lower_bound":21570.442582797976,"upper_bound":34710.63047255195},"point_estimate":28785.424243918238,"standard_error":3367.8345795344117}}