{"mean":{"confidence_interval":{"confidence_level":0.95,"lower_bound":410111.7076391306,"upper_bound":410998.69854347815},"point_estimate":410557.55295652215,"standard_error":225.96955594520816},"median":{"confidence_interval":{"confidence_level":0.95,"lower_bound":410589.69565217395,"upper_bound":412781.32608695654},"point_estimate":411589.97826086957,"standard_error":593.8637662617608},"median_abs_dev":{"confidence_interval":{"confidence_level":0.95,"lower_bound":3984.970885774307,"upper_bound":6912.499095865622},"point_estimate":5569.999179373589,"standard_error":796.7603424769898},"slope":null,"std_dev":{"confidence_interval":{"confidence_level":0.95,"lower_bound":4806.16845639254,"upper_bound":5322.985002868035},"point_estimate":5061.963823183581,"standard_error":131.8933197941288}}