{"mean":{"confidence_interval":{"confidence_level":0.95,"lower_bound":5052158.315675002,"upper_bound":5068009.9407},"point_estimate":5059034.978,"standard_error":4081.617394082305},"median":{"confidence_interval":{"confidence_level":0.95,"lower_bound":5050946.6,"upper_bound":5057875.9},"point_estimate":5056282.4,"standard_error":1770.1988798668904},"median_abs_dev":{"confidence_interval":{"confidence_level":0.95,"lower_bound":7894.993119836682,"upper_bound":14765.954437851906},"point_estimate":11944.863207936563,"standard_error":1700.8755715433258},"slope":null,"std_dev":{"confidence_interval":{"confidence_level":0.95,"lower_bound":16769.428126790594,"upper_bound":62903.65990411232},"point_estimate":41216.68031641527,"standard_error":12823.577242664463}}