{"mean":{"confidence_interval":{"confidence_level":0.95,"lower_bound":4888193.473909091,"upper_bound":4899990.166931817},"point_estimate":4893729.729999999,"standard_error":3021.0724939355837},"median":{"confidence_interval":{"confidence_level":0.95,"lower_bound":4872022.181818182,"upper_bound":4894019.136363637},"point_estimate":4892538.363636363,"standard_error":5815.807411621065},"median_abs_dev":{"confidence_interval":{"confidence_level":0.95,"lower_bound":9530.568769661346,"upper_bound":35180.345211787215},"point_estimate":33022.825295546405,"standard_error":6704.553168189919},"slope":null,"std_dev":{"confidence_interval":{"confidence_level":0.95,"lower_bound":21413.328343089957,"upper_bound":40070.698720613975},"point_estimate":30283.986159951208,"standard_error":5045.917204904918}}