{"mean":{"confidence_interval":{"confidence_level":0.95,"lower_bound":430760.3061149997,"upper_bound":431374.42550666584},"point_estimate":431065.3181333324,"standard_error":156.40498351487548},"median":{"confidence_interval":{"confidence_level":0.95,"lower_bound":431000.3333333333,"upper_bound":431095.3333333333},"point_estimate":431051.3333333333,"standard_error":23.078589569597636},"median_abs_dev":{"confidence_interval":{"confidence_level":0.95,"lower_bound":13531.195759773283,"upper_bound":13728.134456276894},"point_estimate":13630.282858014063,"standard_error":49.89836494683115},"slope":null,"std_dev":{"confidence_interval":{"confidence_level":0.95,"lower_bound":10651.056137930533,"upper_bound":11481.35860424457},"point_estimate":11071.668732934117,"standard_error":211.9789677541871}}