{"mean":{"confidence_interval":{"confidence_level":0.95,"lower_bound":593930.8869176467,"upper_bound":595229.96737647},"point_estimate":594568.5274117645,"standard_error":329.67771989666915},"median":{"confidence_interval":{"confidence_level":0.95,"lower_bound":593645.7647058824,"upper_bound":595596.6470588235},"point_estimate":594509.4411764706,"standard_error":492.7507818506347},"median_abs_dev":{"confidence_interval":{"confidence_level":0.95,"lower_bound":7792.315440629218,"upper_bound":9357.734975043395},"point_estimate":8790.335243940353,"standard_error":402.98091866684524},"slope":null,"std_dev":{"confidence_interval":{"confidence_level":0.95,"lower_bound":6274.080331809997,"upper_bound":8644.620617580873},"point_estimate":7383.749448492209,"standard_error":610.7958683895179}}