{"mean":{"confidence_interval":{"confidence_level":0.95,"lower_bound":5085249.763999998,"upper_bound":5100648.992074999},"point_estimate":5092515.381999999,"standard_error":3934.0164802217946},"median":{"confidence_interval":{"confidence_level":0.95,"lower_bound":5082291.9,"upper_bound":5091597.800000001},"point_estimate":5088122.4,"standard_error":2279.4796933191815},"median_abs_dev":{"confidence_interval":{"confidence_level":0.95,"lower_bound":13204.628405571537,"upper_bound":23615.66781073781},"point_estimate":17775.854774416046,"standard_error":2550.193688412464},"slope":null,"std_dev":{"confidence_interval":{"confidence_level":0.95,"lower_bound":28009.3203451837,"upper_bound":49268.56720521905},"point_estimate":39480.48060886729,"standard_error":5412.396574797183}}