{"mean":{"confidence_interval":{"confidence_level":0.95,"lower_bound":774.1700371237797,"upper_bound":810.9321873853755},"point_estimate":791.9291178405027,"standard_error":9.411970962468516},"median":{"confidence_interval":{"confidence_level":0.95,"lower_bound":745.6478645573472,"upper_bound":747.7288074027205},"point_estimate":746.4907988345489,"standard_error":0.5485228620742866},"median_abs_dev":{"confidence_interval":{"confidence_level":0.95,"lower_bound":3.467679783479835,"upper_bound":22.063332367017836},"point_estimate":12.138292790576497,"standard_error":5.425994221631975},"slope":{"confidence_interval":{"confidence_level":0.95,"lower_bound":750.2600487684608,"upper_bound":760.174317647598},"point_estimate":755.1462286595743,"standard_error":2.539658353629969},"std_dev":{"confidence_interval":{"confidence_level":0.95,"lower_bound":76.60476966734011,"upper_bound":106.71682278281253},"point_estimate":93.97112822809898,"standard_error":7.737339934430404}}