{"mean":{"confidence_interval":{"confidence_level":0.95,"lower_bound":44688.03371858245,"upper_bound":44759.99672963931},"point_estimate":44722.39154586974,"standard_error":18.386869888982044},"median":{"confidence_interval":{"confidence_level":0.95,"lower_bound":44657.907867494825,"upper_bound":44734.15444516548},"point_estimate":44704.3910188845,"standard_error":18.745377714651145},"median_abs_dev":{"confidence_interval":{"confidence_level":0.95,"lower_bound":102.88029518576941,"upper_bound":174.74942324316288},"point_estimate":138.29937647446397,"standard_error":18.25778136294933},"slope":{"confidence_interval":{"confidence_level":0.95,"lower_bound":44651.57245971245,"upper_bound":44696.94209900564},"point_estimate":44672.924690023836,"standard_error":11.56660487746332},"std_dev":{"confidence_interval":{"confidence_level":0.95,"lower_bound":127.20889996112413,"upper_bound":236.80037542816746},"point_estimate":183.94525520220958,"standard_error":28.291212935992757}}