{"mean":{"confidence_interval":{"confidence_level":0.95,"lower_bound":49898.09074493136,"upper_bound":53460.86345063232},"point_estimate":51532.38143357138,"standard_error":919.7541474242233},"median":{"confidence_interval":{"confidence_level":0.95,"lower_bound":48528.48784722222,"upper_bound":48977.58548387097},"point_estimate":48758.24183994197,"standard_error":135.3051492936684},"median_abs_dev":{"confidence_interval":{"confidence_level":0.95,"lower_bound":351.4141966302771,"upper_bound":984.3878766037576},"point_estimate":680.5539837712314,"standard_error":191.85895809074677},"slope":{"confidence_interval":{"confidence_level":0.95,"lower_bound":49953.32395851857,"upper_bound":54226.590859760625},"point_estimate":51842.12048987734,"standard_error":1095.3887696575914},"std_dev":{"confidence_interval":{"confidence_level":0.95,"lower_bound":5544.149091467182,"upper_bound":12069.112243274001},"point_estimate":9245.791650041157,"standard_error":1668.5013404056954}}