{"mean":{"confidence_interval":{"confidence_level":0.95,"lower_bound":53450.997266923136,"upper_bound":53763.170007290006},"point_estimate":53598.63718099945,"standard_error":79.67926243565857},"median":{"confidence_interval":{"confidence_level":0.95,"lower_bound":53361.47744360902,"upper_bound":53463.76945885841},"point_estimate":53406.08817437153,"standard_error":22.655014283068198},"median_abs_dev":{"confidence_interval":{"confidence_level":0.95,"lower_bound":142.89639221576857,"upper_bound":231.25637330908927},"point_estimate":177.50420843192325,"standard_error":22.751417639706307},"slope":{"confidence_interval":{"confidence_level":0.95,"lower_bound":53505.436096593556,"upper_bound":53970.72365732758},"point_estimate":53721.98846896316,"standard_error":119.31414271787145},"std_dev":{"confidence_interval":{"confidence_level":0.95,"lower_bound":515.9296971170488,"upper_bound":1040.3657661413843},"point_estimate":798.882205527931,"standard_error":134.58782154091315}}