{"mean":{"confidence_interval":{"confidence_level":0.95,"lower_bound":2622535.770657895,"upper_bound":2627846.3046052647},"point_estimate":2625012.0068421056,"standard_error":1360.8615453816421},"median":{"confidence_interval":{"confidence_level":0.95,"lower_bound":2618956.3157894737,"upper_bound":2619570.1052631577},"point_estimate":2619210.2894736845,"standard_error":159.63311589883745},"median_abs_dev":{"confidence_interval":{"confidence_level":0.95,"lower_bound":1043.7893972584532,"upper_bound":2380.255734057906},"point_estimate":1616.892318663371,"standard_error":351.42735569245207},"slope":null,"std_dev":{"confidence_interval":{"confidence_level":0.95,"lower_bound":8962.52929047931,"upper_bound":17438.90783046163},"point_estimate":13678.59702042658,"standard_error":2160.9912224621926}}