{"mean":{"confidence_interval":{"confidence_level":0.95,"lower_bound":358758.315598077,"upper_bound":359429.08844807715},"point_estimate":359090.2242307694,"standard_error":170.9926100702694},"median":{"confidence_interval":{"confidence_level":0.95,"lower_bound":358752.4615384615,"upper_bound":358804.0384615385},"point_estimate":358777.8461538461,"standard_error":12.341946546493242},"median_abs_dev":{"confidence_interval":{"confidence_level":0.95,"lower_bound":173.63526614811377,"upper_bound":214.26420773449485},"point_estimate":190.941769687039,"standard_error":10.321487555901818},"slope":null,"std_dev":{"confidence_interval":{"confidence_level":0.95,"lower_bound":3355.502393187813,"upper_bound":4208.6646243557225},"point_estimate":3797.056670257617,"standard_error":217.515445375549}}