{"mean":{"confidence_interval":{"confidence_level":0.95,"lower_bound":-0.02573798262308549,"upper_bound":-0.01803420297769946},"point_estimate":-0.021830919810465144,"standard_error":0.0019613164231365196},"median":{"confidence_interval":{"confidence_level":0.95,"lower_bound":-0.02659644641577097,"upper_bound":-0.020041322932311954},"point_estimate":-0.02362825389848755,"standard_error":0.001661390308753188}}