{"mean":{"confidence_interval":{"confidence_level":0.95,"lower_bound":0.040727548451210904,"upper_bound":0.04809486944446301},"point_estimate":0.04423707890618789,"standard_error":0.0018727167246043012},"median":{"confidence_interval":{"confidence_level":0.95,"lower_bound":0.04374125308609411,"upper_bound":0.048775708573613796},"point_estimate":0.047593522105351616,"standard_error":0.0013507567009259987}}