{"mean":{"confidence_interval":{"confidence_level":0.95,"lower_bound":49472593.7685,"upper_bound":49624851.637},"point_estimate":49546708.52,"standard_error":38803.761473643106},"median":{"confidence_interval":{"confidence_level":0.95,"lower_bound":49463811.0,"upper_bound":49584657.5},"point_estimate":49525872.5,"standard_error":28493.69703246024},"median_abs_dev":{"confidence_interval":{"confidence_level":0.95,"lower_bound":205276.34455561638,"upper_bound":373229.71737384796},"point_estimate":261689.27355408669,"standard_error":42272.35715926967},"slope":null,"std_dev":{"confidence_interval":{"confidence_level":0.95,"lower_bound":319160.9803763585,"upper_bound":454559.34015144873},"point_estimate":390452.12765155453,"standard_error":34617.13844868236}}