{"mean":{"confidence_interval":{"confidence_level":0.95,"lower_bound":41.07363087439734,"upper_bound":41.262024811828795},"point_estimate":41.16135496388205,"standard_error":0.048292585584063186},"median":{"confidence_interval":{"confidence_level":0.95,"lower_bound":40.95965354605951,"upper_bound":41.04679931401372},"point_estimate":41.00746112912793,"standard_error":0.01972822940363976},"median_abs_dev":{"confidence_interval":{"confidence_level":0.95,"lower_bound":0.16425408730573887,"upper_bound":0.29179588906386494},"point_estimate":0.22778024383348836,"standard_error":0.03222163194383577},"slope":{"confidence_interval":{"confidence_level":0.95,"lower_bound":40.988374665364255,"upper_bound":41.125506903095655},"point_estimate":41.05213430669764,"standard_error":0.03519737153974325},"std_dev":{"confidence_interval":{"confidence_level":0.95,"lower_bound":0.33168836175959815,"upper_bound":0.6384152250324033},"point_estimate":0.4808817929440881,"standard_error":0.08217936103301263}}