{"mean":{"confidence_interval":{"confidence_level":0.95,"lower_bound":31.949034757687432,"upper_bound":32.000607969942045},"point_estimate":31.973965532868924,"standard_error":0.013149705092540546},"median":{"confidence_interval":{"confidence_level":0.95,"lower_bound":31.931258012727966,"upper_bound":31.96596559959027},"point_estimate":31.9519865212922,"standard_error":0.009497038638326748},"median_abs_dev":{"confidence_interval":{"confidence_level":0.95,"lower_bound":0.05358325102584374,"upper_bound":0.103218269879397},"point_estimate":0.08514784750477536,"standard_error":0.013105245621062397},"slope":{"confidence_interval":{"confidence_level":0.95,"lower_bound":31.90916541271059,"upper_bound":31.942497793488407},"point_estimate":31.925014391213033,"standard_error":0.008546464698537422},"std_dev":{"confidence_interval":{"confidence_level":0.95,"lower_bound":0.09922325041235408,"upper_bound":0.15915075243111618},"point_estimate":0.13141409245666869,"standard_error":0.01525013531196537}}