{"mean":{"confidence_interval":{"confidence_level":0.95,"lower_bound":952193.362206616,"upper_bound":955232.2790258146},"point_estimate":953591.0552706693,"standard_error":777.7324375233852},"median":{"confidence_interval":{"confidence_level":0.95,"lower_bound":950930.2581427582,"upper_bound":951842.899250441},"point_estimate":951585.536875,"standard_error":281.1680627203441},"median_abs_dev":{"confidence_interval":{"confidence_level":0.95,"lower_bound":1387.8168614335552,"upper_bound":2596.4385397052342},"point_estimate":1899.7107793344883,"standard_error":307.314677011223},"slope":{"confidence_interval":{"confidence_level":0.95,"lower_bound":950102.6400193548,"upper_bound":951795.250688856},"point_estimate":950829.0969173933,"standard_error":433.31631867067904},"std_dev":{"confidence_interval":{"confidence_level":0.95,"lower_bound":4781.658821487832,"upper_bound":10311.963764728991},"point_estimate":7815.68978909318,"standard_error":1408.960068674764}}