{"mean":{"confidence_interval":{"confidence_level":0.95,"lower_bound":166777.06697500014,"upper_bound":166926.45975083322},"point_estimate":166851.31393333335,"standard_error":38.110660144605156},"median":{"confidence_interval":{"confidence_level":0.95,"lower_bound":167351.4166666667,"upper_bound":167397.75},"point_estimate":167371.3333333333,"standard_error":11.066449252920922},"median_abs_dev":{"confidence_interval":{"confidence_level":0.95,"lower_bound":4120.018688105034,"upper_bound":4338.087522983573},"point_estimate":4250.8612245321565,"standard_error":56.11667897304907},"slope":null,"std_dev":{"confidence_interval":{"confidence_level":0.95,"lower_bound":2649.323245009862,"upper_bound":2744.0563099402907},"point_estimate":2696.611240677677,"standard_error":24.157482888322924}}