{"mean":{"confidence_interval":{"confidence_level":0.95,"lower_bound":220663.54739130446,"upper_bound":220840.52142065213},"point_estimate":220751.6810869564,"standard_error":45.25936077061287},"median":{"confidence_interval":{"confidence_level":0.95,"lower_bound":221275.58695652173,"upper_bound":221330.42391304346},"point_estimate":221316.48913043478,"standard_error":13.859101728246488},"median_abs_dev":{"confidence_interval":{"confidence_level":0.95,"lower_bound":195.5420443545189,"upper_bound":370.2148825578143},"point_estimate":248.33549559116364,"standard_error":44.78906488850535},"slope":null,"std_dev":{"confidence_interval":{"confidence_level":0.95,"lower_bound":894.0530164714355,"upper_bound":1158.1558880848975},"point_estimate":1016.7868340383179,"standard_error":68.60014261440334}}