{"mean":{"confidence_interval":{"confidence_level":0.95,"lower_bound":227860.2668663043,"upper_bound":233665.4107358693},"point_estimate":230669.26213043457,"standard_error":1485.2411027488247},"median":{"confidence_interval":{"confidence_level":0.95,"lower_bound":219679.08695652173,"upper_bound":220171.89130434784},"point_estimate":219870.3695652174,"standard_error":119.76195622133176},"median_abs_dev":{"confidence_interval":{"confidence_level":0.95,"lower_bound":1493.6703220690347,"upper_bound":1761.151501342027},"point_estimate":1700.4615937238032,"standard_error":72.04790882885686},"slope":null,"std_dev":{"confidence_interval":{"confidence_level":0.95,"lower_bound":28445.72254849581,"upper_bound":37251.17718311583},"point_estimate":33088.231124790094,"standard_error":2247.5572463492363}}