{"mean":{"confidence_interval":{"confidence_level":0.95,"lower_bound":-0.0033758189134578424,"upper_bound":0.00031229233806906903},"point_estimate":-0.0015975279465407777,"standard_error":0.000941468298669883},"median":{"confidence_interval":{"confidence_level":0.95,"lower_bound":-0.0023943423470565994,"upper_bound":0.0010186738863642297},"point_estimate":-0.001771952600046367,"standard_error":0.001112865371940312}}