{"mean":{"confidence_interval":{"confidence_level":0.95,"lower_bound":2060258.4096,"upper_bound":2063520.817719999},"point_estimate":2061960.9159999997,"standard_error":832.4676542854794},"median":{"confidence_interval":{"confidence_level":0.95,"lower_bound":2059670.0,"upper_bound":2064189.1800000002},"point_estimate":2063037.48,"standard_error":1120.5439345644184},"median_abs_dev":{"confidence_interval":{"confidence_level":0.95,"lower_bound":6509.799964428017,"upper_bound":9583.763445854407},"point_estimate":8199.993586420936,"standard_error":790.2074222435424},"slope":null,"std_dev":{"confidence_interval":{"confidence_level":0.95,"lower_bound":6254.376877443381,"upper_bound":10971.10166407108},"point_estimate":8378.682754303369,"standard_error":1310.0057094509968}}