{"mean":{"confidence_interval":{"confidence_level":0.95,"lower_bound":-0.003111367888531508,"upper_bound":0.002761449409423688},"point_estimate":-0.0003120506996259209,"standard_error":0.0015028558746470332},"median":{"confidence_interval":{"confidence_level":0.95,"lower_bound":-0.0057357152970011205,"upper_bound":0.004213398967826354},"point_estimate":-0.0024867063669525846,"standard_error":0.0026649851947093592}}