{"mean":{"confidence_interval":{"confidence_level":0.95,"lower_bound":0.01773469471588117,"upper_bound":0.022821539470770102},"point_estimate":0.0202590299280212,"standard_error":0.001288961074800384},"median":{"confidence_interval":{"confidence_level":0.95,"lower_bound":0.020758647430276334,"upper_bound":0.023955537537771354},"point_estimate":0.022503887283677804,"standard_error":0.0008281715928442855}}