{"mean":{"confidence_interval":{"confidence_level":0.95,"lower_bound":53441.387320120186,"upper_bound":53697.905666928455},"point_estimate":53569.471272595365,"standard_error":65.4591488427285},"median":{"confidence_interval":{"confidence_level":0.95,"lower_bound":53604.98132427844,"upper_bound":53811.71804511278},"point_estimate":53714.35777233782,"standard_error":60.181070820849754},"median_abs_dev":{"confidence_interval":{"confidence_level":0.95,"lower_bound":219.06230395775748,"upper_bound":452.15050318684484},"point_estimate":337.1008232472108,"standard_error":63.491866505662074},"slope":{"confidence_interval":{"confidence_level":0.95,"lower_bound":53221.170718354595,"upper_bound":53641.811910243494},"point_estimate":53415.48740979833,"standard_error":107.51026477095361},"std_dev":{"confidence_interval":{"confidence_level":0.95,"lower_bound":518.100925951662,"upper_bound":793.0533105611889},"point_estimate":657.7632331648349,"standard_error":70.51968401857053}}