{"mean":{"confidence_interval":{"confidence_level":0.95,"lower_bound":47724.45665515805,"upper_bound":47827.80365449012},"point_estimate":47774.672485537165,"standard_error":26.277611287485165},"median":{"confidence_interval":{"confidence_level":0.95,"lower_bound":47713.72928981937,"upper_bound":47777.78944348824},"point_estimate":47749.66755397811,"standard_error":18.051620590322578},"median_abs_dev":{"confidence_interval":{"confidence_level":0.95,"lower_bound":89.38902333913653,"upper_bound":150.92686099622873},"point_estimate":117.24962395359951,"standard_error":15.100604352029308},"slope":{"confidence_interval":{"confidence_level":0.95,"lower_bound":47720.84222017187,"upper_bound":47815.22746101056},"point_estimate":47758.81341285088,"standard_error":24.79307071112182},"std_dev":{"confidence_interval":{"confidence_level":0.95,"lower_bound":187.14053010770462,"upper_bound":338.2989834580585},"point_estimate":264.30396466701194,"standard_error":38.90040587499236}}