{"mean":{"confidence_interval":{"confidence_level":0.95,"lower_bound":33682.272962142,"upper_bound":33782.46489177687},"point_estimate":33731.33880264478,"standard_error":25.64279740647101},"median":{"confidence_interval":{"confidence_level":0.95,"lower_bound":33577.48181818182,"upper_bound":33621.86666666667},"point_estimate":33590.61344966762,"standard_error":11.521303750148466},"median_abs_dev":{"confidence_interval":{"confidence_level":0.95,"lower_bound":54.15690603852588,"upper_bound":188.34302493210774},"point_estimate":81.6679565273119,"standard_error":33.461352396845264},"slope":{"confidence_interval":{"confidence_level":0.95,"lower_bound":33847.68355078176,"upper_bound":33970.813043510236},"point_estimate":33914.19964996798,"standard_error":31.431690379337084},"std_dev":{"confidence_interval":{"confidence_level":0.95,"lower_bound":227.9590742708472,"upper_bound":281.09484273738025},"point_estimate":257.46392373145716,"standard_error":13.454859421236549}}