{"mean":{"confidence_interval":{"confidence_level":0.95,"lower_bound":-0.0278778561371863,"upper_bound":-0.008178454622117274},"point_estimate":-0.015896620433862974,"standard_error":0.005207611567392142},"median":{"confidence_interval":{"confidence_level":0.95,"lower_bound":-0.008976623305922476,"upper_bound":-0.006406948213943053},"point_estimate":-0.007788746221660037,"standard_error":0.0006249055027521918}}