{"mean":{"confidence_interval":{"confidence_level":0.95,"lower_bound":165870.4359683334,"upper_bound":166015.3851591665},"point_estimate":165942.32583333337,"standard_error":37.03377639620181},"median":{"confidence_interval":{"confidence_level":0.95,"lower_bound":164092.5,"upper_bound":164141.75},"point_estimate":164114.16666666666,"standard_error":12.473212078711558},"median_abs_dev":{"confidence_interval":{"confidence_level":0.95,"lower_bound":494.94129121307157,"upper_bound":589.951239526279},"point_estimate":536.4540904760073,"standard_error":23.952754761388338},"slope":null,"std_dev":{"confidence_interval":{"confidence_level":0.95,"lower_bound":2530.05164340151,"upper_bound":2711.0244532274855},"point_estimate":2605.479590021187,"standard_error":47.34802232157604}}