{"mean":{"confidence_interval":{"confidence_level":0.95,"lower_bound":-0.0036465525791554735,"upper_bound":0.002526100251499824},"point_estimate":-0.0006110117332274179,"standard_error":0.0015692858172011612},"median":{"confidence_interval":{"confidence_level":0.95,"lower_bound":-0.004814288371459191,"upper_bound":-0.003131003475112082},"point_estimate":-0.0038062213610283724,"standard_error":0.00044407173316762555}}