{"mean":{"confidence_interval":{"confidence_level":0.95,"lower_bound":14308.897467002766,"upper_bound":14352.571935086064},"point_estimate":14328.78636456546,"standard_error":11.164379238058075},"median":{"confidence_interval":{"confidence_level":0.95,"lower_bound":14289.664935064935,"upper_bound":14300.845390114631},"point_estimate":14297.574911518663,"standard_error":2.469453876241913},"median_abs_dev":{"confidence_interval":{"confidence_level":0.95,"lower_bound":15.215747476702584,"upper_bound":25.12611876335708},"point_estimate":20.173111067195528,"standard_error":2.4482183848704624},"slope":{"confidence_interval":{"confidence_level":0.95,"lower_bound":14296.621279498602,"upper_bound":14342.25541957338},"point_estimate":14315.50301336317,"standard_error":11.876201178473115},"std_dev":{"confidence_interval":{"confidence_level":0.95,"lower_bound":66.25864490750993,"upper_bound":147.76260735352173},"point_estimate":111.88284433113952,"standard_error":20.758336291568902}}