{"mean":{"confidence_interval":{"confidence_level":0.95,"lower_bound":329197.438469969,"upper_bound":330976.05356435594},"point_estimate":330007.389641485,"standard_error":456.1909067680199},"median":{"confidence_interval":{"confidence_level":0.95,"lower_bound":328475.4358974359,"upper_bound":329038.0831417624},"point_estimate":328757.9743589744,"standard_error":150.4406319148159},"median_abs_dev":{"confidence_interval":{"confidence_level":0.95,"lower_bound":859.0985109741233,"upper_bound":1477.1591951679773},"point_estimate":1062.6863632610896,"standard_error":155.07003757024452},"slope":{"confidence_interval":{"confidence_level":0.95,"lower_bound":328568.7860204224,"upper_bound":330992.3406333602},"point_estimate":329574.96234668244,"standard_error":628.7610115340904},"std_dev":{"confidence_interval":{"confidence_level":0.95,"lower_bound":2690.4471215064455,"upper_bound":6239.791058123182},"point_estimate":4590.782135683106,"standard_error":914.0493341464114}}