{"mean":{"confidence_interval":{"confidence_level":0.95,"lower_bound":33712.45208485984,"upper_bound":33852.04733009758},"point_estimate":33782.28185260147,"standard_error":35.623922092193425},"median":{"confidence_interval":{"confidence_level":0.95,"lower_bound":33695.42272143774,"upper_bound":33829.61081871345},"point_estimate":33743.43991860896,"standard_error":34.879181805113},"median_abs_dev":{"confidence_interval":{"confidence_level":0.95,"lower_bound":250.16150208045516,"upper_bound":452.5451301262568},"point_estimate":320.44458066448465,"standard_error":50.195886464370034},"slope":{"confidence_interval":{"confidence_level":0.95,"lower_bound":33998.72155881969,"upper_bound":34131.12187808855},"point_estimate":34070.160221269885,"standard_error":33.863215655494706},"std_dev":{"confidence_interval":{"confidence_level":0.95,"lower_bound":312.2797530000721,"upper_bound":394.3846037054387},"point_estimate":356.37115964245066,"standard_error":20.956781767752293}}