{"mean":{"confidence_interval":{"confidence_level":0.95,"lower_bound":892827.2099427526,"upper_bound":895583.1049635075},"point_estimate":894207.699740485,"standard_error":703.2347038699816},"median":{"confidence_interval":{"confidence_level":0.95,"lower_bound":894732.6807228916,"upper_bound":895399.8652597403},"point_estimate":895092.6527003485,"standard_error":164.2326935063804},"median_abs_dev":{"confidence_interval":{"confidence_level":0.95,"lower_bound":1297.00360822362,"upper_bound":2390.159648191184},"point_estimate":1805.9681594220995,"standard_error":294.5213313344528},"slope":{"confidence_interval":{"confidence_level":0.95,"lower_bound":888738.623956504,"upper_bound":892489.52073848},"point_estimate":890510.7523067829,"standard_error":953.2456183253548},"std_dev":{"confidence_interval":{"confidence_level":0.95,"lower_bound":5377.991566874179,"upper_bound":8640.913299120793},"point_estimate":7070.750677208003,"standard_error":837.1015073896214}}