{"mean":{"confidence_interval":{"confidence_level":0.95,"lower_bound":-0.018949152373067667,"upper_bound":-0.007650893641381552},"point_estimate":-0.012592117109492262,"standard_error":0.0029076738416178955},"median":{"confidence_interval":{"confidence_level":0.95,"lower_bound":-0.008496108131379354,"upper_bound":-0.0060529619141285185},"point_estimate":-0.0073108238001377,"standard_error":0.0006580325819600023}}