{"mean":{"confidence_interval":{"confidence_level":0.95,"lower_bound":44877.195448437174,"upper_bound":45015.95332110613},"point_estimate":44940.69117234429,"standard_error":35.340283564587445},"median":{"confidence_interval":{"confidence_level":0.95,"lower_bound":44773.14738292011,"upper_bound":44784.96353754941},"point_estimate":44774.54747474747,"standard_error":11.797759837812432},"median_abs_dev":{"confidence_interval":{"confidence_level":0.95,"lower_bound":9.08528124957527,"upper_bound":81.11618946899443},"point_estimate":12.74235099908134,"standard_error":19.987243025673656},"slope":{"confidence_interval":{"confidence_level":0.95,"lower_bound":44861.46307001382,"upper_bound":45093.914771790274},"point_estimate":44959.05157878475,"standard_error":60.9761905151374},"std_dev":{"confidence_interval":{"confidence_level":0.95,"lower_bound":198.1231930273008,"upper_bound":486.90247976453304},"point_estimate":356.8003574683366,"standard_error":73.71440396543092}}