{"mean":{"confidence_interval":{"confidence_level":0.95,"lower_bound":167839.6143808334,"upper_bound":167997.04261916684},"point_estimate":167917.89399999988,"standard_error":40.18478552671894},"median":{"confidence_interval":{"confidence_level":0.95,"lower_bound":167505.1666666667,"upper_bound":167548.5},"point_estimate":167526.8333333333,"standard_error":10.336079359871691},"median_abs_dev":{"confidence_interval":{"confidence_level":0.95,"lower_bound":1549.4405224919242,"upper_bound":2214.1395106911737},"point_estimate":1853.002867102659,"standard_error":177.98107480711835},"slope":null,"std_dev":{"confidence_interval":{"confidence_level":0.95,"lower_bound":2779.278050829769,"upper_bound":2913.072133957355},"point_estimate":2846.4040845240775,"standard_error":34.222576992100144}}