{"mean":{"confidence_interval":{"confidence_level":0.95,"lower_bound":-0.019665601548522784,"upper_bound":-0.012273504223591865},"point_estimate":-0.01641985822396841,"standard_error":0.0018876164214406694},"median":{"confidence_interval":{"confidence_level":0.95,"lower_bound":-0.018942356910394476,"upper_bound":-0.015692255976682556},"point_estimate":-0.01746301399347272,"standard_error":0.0008211535029563232}}