{"mean":{"confidence_interval":{"confidence_level":0.95,"lower_bound":-0.0029551669595761555,"upper_bound":0.0009702889489063996},"point_estimate":-0.0010097886951526691,"standard_error":0.0009951645249005638},"median":{"confidence_interval":{"confidence_level":0.95,"lower_bound":-0.0020795809846073654,"upper_bound":-0.0009646253794634019},"point_estimate":-0.0016361039895871343,"standard_error":0.00030543930522881224}}