{"mean":{"confidence_interval":{"confidence_level":0.95,"lower_bound":29536529.66,"upper_bound":29598923.828250002},"point_estimate":29567530.935,"standard_error":16008.004984573596},"median":{"confidence_interval":{"confidence_level":0.95,"lower_bound":29526200.5,"upper_bound":29597402.75},"point_estimate":29559414.25,"standard_error":17625.675460220547},"median_abs_dev":{"confidence_interval":{"confidence_level":0.95,"lower_bound":131899.13600832224,"upper_bound":220667.95618236065},"point_estimate":170711.37941926718,"standard_error":22218.2282062613},"slope":null,"std_dev":{"confidence_interval":{"confidence_level":0.95,"lower_bound":138776.35830085058,"upper_bound":181010.4209136112},"point_estimate":160953.59647475998,"standard_error":10736.466577925796}}