{"mean":{"confidence_interval":{"confidence_level":0.95,"lower_bound":5886935.320888887,"upper_bound":5920641.974444444},"point_estimate":5901685.517777778,"standard_error":8699.572170726333},"median":{"confidence_interval":{"confidence_level":0.95,"lower_bound":5873726.888888889,"upper_bound":5886148.111111111},"point_estimate":5876569.5,"standard_error":2998.0925417468984},"median_abs_dev":{"confidence_interval":{"confidence_level":0.95,"lower_bound":9300.59673488117,"upper_bound":24974.231823285576},"point_estimate":17242.143493890533,"standard_error":3851.8039124335746},"slope":null,"std_dev":{"confidence_interval":{"confidence_level":0.95,"lower_bound":33251.42743639078,"upper_bound":127271.24949198119},"point_estimate":87111.64116749084,"standard_error":23962.26900289689}}