{"mean":{"confidence_interval":{"confidence_level":0.95,"lower_bound":0.04334423001168596,"upper_bound":0.07656291451585467},"point_estimate":0.05930769542687431,"standard_error":0.008548982755388962},"median":{"confidence_interval":{"confidence_level":0.95,"lower_bound":0.02037753215939042,"upper_bound":0.044904938975367514},"point_estimate":0.03178543192601002,"standard_error":0.006535580971833316}}