{"mean":{"confidence_interval":{"confidence_level":0.95,"lower_bound":-0.0025685073876862384,"upper_bound":0.005138166793628508},"point_estimate":0.0015870616160709172,"standard_error":0.001986988889704194},"median":{"confidence_interval":{"confidence_level":0.95,"lower_bound":0.003201343091593367,"upper_bound":0.006668829454358541},"point_estimate":0.006104444068217418,"standard_error":0.001009290831173105}}