{"mean":{"confidence_interval":{"confidence_level":0.95,"lower_bound":154192.6573646153,"upper_bound":154240.76535384616},"point_estimate":154215.8275384614,"standard_error":12.227410989250288},"median":{"confidence_interval":{"confidence_level":0.95,"lower_bound":154097.15384615384,"upper_bound":154110.75384615385},"point_estimate":154103.53076923077,"standard_error":3.670570421036622},"median_abs_dev":{"confidence_interval":{"confidence_level":0.95,"lower_bound":69.26022800114974,"upper_bound":94.55566447514157},"point_estimate":80.63062933774265,"standard_error":6.499437944061168},"slope":null,"std_dev":{"confidence_interval":{"confidence_level":0.95,"lower_bound":229.87156077146753,"upper_bound":317.56129237997686},"point_estimate":272.9461575999408,"standard_error":22.539825044300297}}