{"mean":{"confidence_interval":{"confidence_level":0.95,"lower_bound":38309.37284283912,"upper_bound":38469.50621159512},"point_estimate":38383.29398409474,"standard_error":40.83971135177637},"median":{"confidence_interval":{"confidence_level":0.95,"lower_bound":38283.37061036789,"upper_bound":38338.011096746384},"point_estimate":38305.65767825782,"standard_error":16.12971079549242},"median_abs_dev":{"confidence_interval":{"confidence_level":0.95,"lower_bound":93.97263850292512,"upper_bound":172.00899566353394},"point_estimate":133.37704497078937,"standard_error":20.59254947008237},"slope":{"confidence_interval":{"confidence_level":0.95,"lower_bound":38259.81459449414,"upper_bound":38431.00260759119},"point_estimate":38330.83639801753,"standard_error":44.45396115768152},"std_dev":{"confidence_interval":{"confidence_level":0.95,"lower_bound":234.63847899726295,"upper_bound":568.171195319561},"point_estimate":410.84839359679717,"standard_error":86.52746406846126}}