{"mean":{"confidence_interval":{"confidence_level":0.95,"lower_bound":38975.30348514431,"upper_bound":39089.61300933796},"point_estimate":39030.403771292906,"standard_error":29.06358846225835},"median":{"confidence_interval":{"confidence_level":0.95,"lower_bound":38989.46875,"upper_bound":39032.16216216216},"point_estimate":39009.74305019305,"standard_error":10.562414309963629},"median_abs_dev":{"confidence_interval":{"confidence_level":0.95,"lower_bound":93.94335398918516,"upper_bound":155.5058573264},"point_estimate":124.29649391860377,"standard_error":15.042761785513616},"slope":{"confidence_interval":{"confidence_level":0.95,"lower_bound":38996.657876324985,"upper_bound":39098.46973135332},"point_estimate":39038.60038504507,"standard_error":26.557976324583183},"std_dev":{"confidence_interval":{"confidence_level":0.95,"lower_bound":200.76023850111093,"upper_bound":369.7133531175307},"point_estimate":290.905267110839,"standard_error":43.373010967180036}}