{"mean":{"confidence_interval":{"confidence_level":0.95,"lower_bound":168678.20707402597,"upper_bound":170096.6758737152},"point_estimate":169378.92116836607,"standard_error":363.74787878017975},"median":{"confidence_interval":{"confidence_level":0.95,"lower_bound":166533.08333333334,"upper_bound":170622.80833333332},"point_estimate":166699.6666666667,"standard_error":957.2012248569703},"median_abs_dev":{"confidence_interval":{"confidence_level":0.95,"lower_bound":490.4557399037947,"upper_bound":4521.857848887623},"point_estimate":826.8160932158615,"standard_error":934.2883395379478},"slope":{"confidence_interval":{"confidence_level":0.95,"lower_bound":171444.44525232722,"upper_bound":172642.35439303005},"point_estimate":172099.88657997144,"standard_error":307.35895820131316},"std_dev":{"confidence_interval":{"confidence_level":0.95,"lower_bound":3402.267317986689,"upper_bound":3830.7827886639516},"point_estimate":3660.1642265009123,"standard_error":108.73405988980663}}