{"mean":{"confidence_interval":{"confidence_level":0.95,"lower_bound":36072.07344506557,"upper_bound":36263.791943404816},"point_estimate":36165.77726358129,"standard_error":48.87829381441515},"median":{"confidence_interval":{"confidence_level":0.95,"lower_bound":36056.38852678571,"upper_bound":36167.756539235415},"point_estimate":36114.6966226708,"standard_error":26.470962711947017},"median_abs_dev":{"confidence_interval":{"confidence_level":0.95,"lower_bound":142.1754002183096,"upper_bound":327.3342314132941},"point_estimate":211.09311336081763,"standard_error":47.32225329280254},"slope":{"confidence_interval":{"confidence_level":0.95,"lower_bound":36086.33795513544,"upper_bound":36212.75544940158},"point_estimate":36143.548706326925,"standard_error":32.390880255602575},"std_dev":{"confidence_interval":{"confidence_level":0.95,"lower_bound":369.9067742254796,"upper_bound":592.1324711080282},"point_estimate":489.673390665447,"standard_error":56.698459824872806}}