{"mean":{"confidence_interval":{"confidence_level":0.95,"lower_bound":914792.9091311712,"upper_bound":916770.0689505006},"point_estimate":915752.4732164909,"standard_error":504.5020699243117},"median":{"confidence_interval":{"confidence_level":0.95,"lower_bound":913872.3913043478,"upper_bound":915067.0804204661},"point_estimate":914513.9022921524,"standard_error":307.0614346135492},"median_abs_dev":{"confidence_interval":{"confidence_level":0.95,"lower_bound":1779.5541375221044,"upper_bound":3686.236973284045},"point_estimate":2444.7294002551935,"standard_error":480.0833323081443},"slope":{"confidence_interval":{"confidence_level":0.95,"lower_bound":914801.9944912588,"upper_bound":916887.1698593413},"point_estimate":915775.1618161667,"standard_error":533.1077792947221},"std_dev":{"confidence_interval":{"confidence_level":0.95,"lower_bound":3902.7990657483947,"upper_bound":6141.431790657465},"point_estimate":5088.761977109064,"standard_error":571.4560364120019}}