{"mean":{"confidence_interval":{"confidence_level":0.95,"lower_bound":29627.38273130965,"upper_bound":29789.822368266163},"point_estimate":29701.53607110676,"standard_error":41.55573762776323},"median":{"confidence_interval":{"confidence_level":0.95,"lower_bound":29573.83568003265,"upper_bound":29620.91464552239},"point_estimate":29592.100568181817,"standard_error":12.99174825021524},"median_abs_dev":{"confidence_interval":{"confidence_level":0.95,"lower_bound":79.8281758156231,"upper_bound":171.39640253094396},"point_estimate":132.75393733358356,"standard_error":22.15687929862429},"slope":{"confidence_interval":{"confidence_level":0.95,"lower_bound":29533.011066251078,"upper_bound":29706.845467781783},"point_estimate":29605.289243163123,"standard_error":45.09021439597516},"std_dev":{"confidence_interval":{"confidence_level":0.95,"lower_bound":231.95313784041943,"upper_bound":571.6152114434974},"point_estimate":417.6420968595719,"standard_error":86.48905626356272}}