{"mean":{"confidence_interval":{"confidence_level":0.95,"lower_bound":59152.88378587462,"upper_bound":61223.530711204934},"point_estimate":59883.55424712647,"standard_error":626.1749128684024},"median":{"confidence_interval":{"confidence_level":0.95,"lower_bound":58978.27540106952,"upper_bound":59178.79128732487},"point_estimate":59064.026780185755,"standard_error":48.26418756913839},"median_abs_dev":{"confidence_interval":{"confidence_level":0.95,"lower_bound":278.77293927737264,"upper_bound":548.4355994348581},"point_estimate":367.8726727706364,"standard_error":71.70219831140673},"slope":{"confidence_interval":{"confidence_level":0.95,"lower_bound":58952.3555902029,"upper_bound":59307.80483309012},"point_estimate":59119.634722311566,"standard_error":90.48210231920966},"std_dev":{"confidence_interval":{"confidence_level":0.95,"lower_bound":596.4542845789281,"upper_bound":10744.791450651426},"point_estimate":6287.464291325583,"standard_error":3617.372458894602}}