{"mean":{"confidence_interval":{"confidence_level":0.95,"lower_bound":3792786.4694285737,"upper_bound":3797797.781071429},"point_estimate":3795346.422142857,"standard_error":1277.5398461929008},"median":{"confidence_interval":{"confidence_level":0.95,"lower_bound":3795214.8571428573,"upper_bound":3800500.8571428573},"point_estimate":3797626.8571428573,"standard_error":1371.62587540452},"median_abs_dev":{"confidence_interval":{"confidence_level":0.95,"lower_bound":9283.35268518784,"upper_bound":15624.11507261642},"point_estimate":13313.324163641299,"standard_error":1609.8938135037797},"slope":null,"std_dev":{"confidence_interval":{"confidence_level":0.95,"lower_bound":10784.217919847722,"upper_bound":14664.926328214298},"point_estimate":12859.822967503267,"standard_error":991.8947320087411}}