{"mean":{"confidence_interval":{"confidence_level":0.95,"lower_bound":-0.017786857703163662,"upper_bound":-0.011448164211354323},"point_estimate":-0.01463989105849961,"standard_error":0.0016213536778025793},"median":{"confidence_interval":{"confidence_level":0.95,"lower_bound":-0.015851079839131477,"upper_bound":-0.0131968058372397},"point_estimate":-0.014865878040110636,"standard_error":0.0006605669157941172}}