{"mean":{"confidence_interval":{"confidence_level":0.95,"lower_bound":1230.8422883549042,"upper_bound":1232.3330206977134},"point_estimate":1231.5826107742707,"standard_error":0.38016953750285976},"median":{"confidence_interval":{"confidence_level":0.95,"lower_bound":1229.7071723426213,"upper_bound":1232.5163166559669},"point_estimate":1231.8055923471807,"standard_error":0.7412812650821402},"median_abs_dev":{"confidence_interval":{"confidence_level":0.95,"lower_bound":3.3991344791270746,"upper_bound":5.527159077887192},"point_estimate":4.605658695959017,"standard_error":0.5388457201857578},"slope":{"confidence_interval":{"confidence_level":0.95,"lower_bound":1233.3683599671604,"upper_bound":1234.8800251914406},"point_estimate":1234.145635979264,"standard_error":0.38521998788458356},"std_dev":{"confidence_interval":{"confidence_level":0.95,"lower_bound":3.330556212986949,"upper_bound":4.247984831202022},"point_estimate":3.822021412276527,"standard_error":0.23429621064769}}