{"mean":{"confidence_interval":{"confidence_level":0.95,"lower_bound":1525.5382248472442,"upper_bound":1559.2461983704409},"point_estimate":1541.8937339021795,"standard_error":8.595557630576192},"median":{"confidence_interval":{"confidence_level":0.95,"lower_bound":1476.494262295082,"upper_bound":1539.495651400227},"point_estimate":1537.8053028526992,"standard_error":14.65709219737815},"median_abs_dev":{"confidence_interval":{"confidence_level":0.95,"lower_bound":23.756252499255574,"upper_bound":102.56663271369439},"point_estimate":98.83123329641367,"standard_error":18.077177195339395},"slope":{"confidence_interval":{"confidence_level":0.95,"lower_bound":1586.9462175770507,"upper_bound":1635.98745533332},"point_estimate":1612.8579399545044,"standard_error":12.521619885407071},"std_dev":{"confidence_interval":{"confidence_level":0.95,"lower_bound":71.6764657999908,"upper_bound":97.81078254928508},"point_estimate":86.26195055043446,"standard_error":6.6717525538392515}}