{"mean":{"confidence_interval":{"confidence_level":0.95,"lower_bound":1253.4730399105265,"upper_bound":1259.1353987760751},"point_estimate":1256.2095102046003,"standard_error":1.4442101696446181},"median":{"confidence_interval":{"confidence_level":0.95,"lower_bound":1247.7592961596733,"upper_bound":1256.2220609094702},"point_estimate":1254.4148083139153,"standard_error":2.0621954450829496},"median_abs_dev":{"confidence_interval":{"confidence_level":0.95,"lower_bound":5.593827090232151,"upper_bound":14.18733470870846},"point_estimate":11.63784710824829,"standard_error":2.061067733471701},"slope":{"confidence_interval":{"confidence_level":0.95,"lower_bound":1260.8804707767285,"upper_bound":1271.4106763859581},"point_estimate":1266.2402120206043,"standard_error":2.6851606463981526},"std_dev":{"confidence_interval":{"confidence_level":0.95,"lower_bound":11.038256669620045,"upper_bound":17.1920145919469},"point_estimate":14.464651756469813,"standard_error":1.5747800685454474}}