{"mean":{"confidence_interval":{"confidence_level":0.95,"lower_bound":1620.292266157196,"upper_bound":1630.3416375302058},"point_estimate":1625.0165519015559,"standard_error":2.5575490300025274},"median":{"confidence_interval":{"confidence_level":0.95,"lower_bound":1612.0964591066272,"upper_bound":1614.0907305577375},"point_estimate":1613.4227472089315,"standard_error":0.607415190688024},"median_abs_dev":{"confidence_interval":{"confidence_level":0.95,"lower_bound":3.1379811568493374,"upper_bound":6.658466908426314},"point_estimate":5.106612057266227,"standard_error":0.9864848489149669},"slope":{"confidence_interval":{"confidence_level":0.95,"lower_bound":1612.2857414747095,"upper_bound":1618.920865009083},"point_estimate":1615.2264632024867,"standard_error":1.7149460509833758},"std_dev":{"confidence_interval":{"confidence_level":0.95,"lower_bound":20.25774058326205,"upper_bound":30.14772116320205},"point_estimate":25.66602535031097,"standard_error":2.5193040762678347}}