{"mean":{"confidence_interval":{"confidence_level":0.95,"lower_bound":40.60230819675626,"upper_bound":40.74584416491939},"point_estimate":40.673084424357015,"standard_error":0.03677112495381432},"median":{"confidence_interval":{"confidence_level":0.95,"lower_bound":40.530344875812965,"upper_bound":40.7051578308948},"point_estimate":40.62181683560888,"standard_error":0.04086562453827434},"median_abs_dev":{"confidence_interval":{"confidence_level":0.95,"lower_bound":0.24560315625412063,"upper_bound":0.43418203182395987},"point_estimate":0.3558227169727746,"standard_error":0.04739084988488766},"slope":{"confidence_interval":{"confidence_level":0.95,"lower_bound":40.587982925468516,"upper_bound":40.743192621988726},"point_estimate":40.66152486864171,"standard_error":0.03952579493678157},"std_dev":{"confidence_interval":{"confidence_level":0.95,"lower_bound":0.3081983959090448,"upper_bound":0.4288084806996563},"point_estimate":0.36937598460200827,"standard_error":0.03094486570898971}}