{"mean":{"confidence_interval":{"confidence_level":0.95,"lower_bound":889888.3932307689,"upper_bound":897969.6081538454},"point_estimate":893935.818461538,"standard_error":2060.6008392250033},"median":{"confidence_interval":{"confidence_level":0.95,"lower_bound":914369.6153846154,"upper_bound":917616.5},"point_estimate":916037.9615384615,"standard_error":788.8294084082103},"median_abs_dev":{"confidence_interval":{"confidence_level":0.95,"lower_bound":15286.860236296247,"upper_bound":20874.72251401497},"point_estimate":18097.698717163217,"standard_error":1400.7252169741548},"slope":null,"std_dev":{"confidence_interval":{"confidence_level":0.95,"lower_bound":43865.59839379181,"upper_bound":48201.735147182204},"point_estimate":46218.00889085951,"standard_error":1109.0751336910753}}