{"mean":{"confidence_interval":{"confidence_level":0.95,"lower_bound":969536.812729346,"upper_bound":972376.9210394224},"point_estimate":970896.9716971527,"standard_error":723.0299681054452},"median":{"confidence_interval":{"confidence_level":0.95,"lower_bound":967914.495215311,"upper_bound":969253.1447108067},"point_estimate":968839.3378337562,"standard_error":393.02061737799374},"median_abs_dev":{"confidence_interval":{"confidence_level":0.95,"lower_bound":2079.5946327768124,"upper_bound":4807.732988931667},"point_estimate":3248.5232836019336,"standard_error":653.218048499361},"slope":{"confidence_interval":{"confidence_level":0.95,"lower_bound":968651.3350794613,"upper_bound":970735.3549172874},"point_estimate":969600.0704536722,"standard_error":536.0832348769525},"std_dev":{"confidence_interval":{"confidence_level":0.95,"lower_bound":5792.486580635312,"upper_bound":8468.296634275728},"point_estimate":7242.501142627395,"standard_error":684.1921867428059}}