{"mean":{"confidence_interval":{"confidence_level":0.95,"lower_bound":882647.8897228434,"upper_bound":884494.0932801926},"point_estimate":883533.1254954943,"standard_error":468.7572116587971},"median":{"confidence_interval":{"confidence_level":0.95,"lower_bound":881685.0714285715,"upper_bound":882877.3963675214},"point_estimate":882048.3619696969,"standard_error":278.8205482297927},"median_abs_dev":{"confidence_interval":{"confidence_level":0.95,"lower_bound":1503.775625777048,"upper_bound":2631.195457029994},"point_estimate":1908.1055120361248,"standard_error":283.9458583206649},"slope":{"confidence_interval":{"confidence_level":0.95,"lower_bound":882666.8206030712,"upper_bound":884646.7904557138},"point_estimate":883592.3448706961,"standard_error":507.57171747803505},"std_dev":{"confidence_interval":{"confidence_level":0.95,"lower_bound":3495.8041432570003,"upper_bound":5768.074863034649},"point_estimate":4730.383929160458,"standard_error":582.1615186885632}}