{"mean":{"confidence_interval":{"confidence_level":0.95,"lower_bound":185155.821287551,"upper_bound":186915.85504369566},"point_estimate":185965.8452521617,"standard_error":450.06697111646577},"median":{"confidence_interval":{"confidence_level":0.95,"lower_bound":184201.38815789475,"upper_bound":185247.58454106282},"point_estimate":184479.97408026757,"standard_error":263.8190242232389},"median_abs_dev":{"confidence_interval":{"confidence_level":0.95,"lower_bound":902.9059246335456,"upper_bound":2262.6728973992267},"point_estimate":1443.6228910372488,"standard_error":349.7298031077031},"slope":{"confidence_interval":{"confidence_level":0.95,"lower_bound":185859.5391955284,"upper_bound":188817.5066729912},"point_estimate":187215.4506127777,"standard_error":756.3433800619239},"std_dev":{"confidence_interval":{"confidence_level":0.95,"lower_bound":2549.6664544825626,"upper_bound":6134.414094646717},"point_estimate":4518.106064994477,"standard_error":912.164704651722}}