{"mean":{"confidence_interval":{"confidence_level":0.95,"lower_bound":62010.10867283205,"upper_bound":62199.67533996515},"point_estimate":62094.90676016184,"standard_error":48.60570051020813},"median":{"confidence_interval":{"confidence_level":0.95,"lower_bound":61952.604464285716,"upper_bound":61985.56233677455},"point_estimate":61968.31081145357,"standard_error":8.530442880264163},"median_abs_dev":{"confidence_interval":{"confidence_level":0.95,"lower_bound":45.70675087111753,"upper_bound":83.64625058228592},"point_estimate":59.75040679394854,"standard_error":9.333147214268731},"slope":{"confidence_interval":{"confidence_level":0.95,"lower_bound":61972.945499661786,"upper_bound":62232.66214864545},"point_estimate":62088.6062509236,"standard_error":67.12657039258451},"std_dev":{"confidence_interval":{"confidence_level":0.95,"lower_bound":229.10379690328995,"upper_bound":700.7525914366116},"point_estimate":488.49264711097686,"standard_error":121.84029261893178}}