{"mean":{"confidence_interval":{"confidence_level":0.95,"lower_bound":-0.0035406222742247065,"upper_bound":0.002035269453330845},"point_estimate":-0.0009660020263576596,"standard_error":0.0014185386553622256},"median":{"confidence_interval":{"confidence_level":0.95,"lower_bound":-0.001593996515736884,"upper_bound":-0.00038327806568372313},"point_estimate":-0.0009121151410377282,"standard_error":0.0002998634960672486}}