{"mean":{"confidence_interval":{"confidence_level":0.95,"lower_bound":0.016765501265965477,"upper_bound":0.027748379574903587},"point_estimate":0.021958191717891262,"standard_error":0.002755256371231743},"median":{"confidence_interval":{"confidence_level":0.95,"lower_bound":0.016977779546865364,"upper_bound":0.021166304308178452},"point_estimate":0.01816525655003587,"standard_error":0.0010550734420153491}}