{"mean":{"confidence_interval":{"confidence_level":0.95,"lower_bound":46023.31406648623,"upper_bound":46181.24291791056},"point_estimate":46097.18242304805,"standard_error":40.464945479099065},"median":{"confidence_interval":{"confidence_level":0.95,"lower_bound":45928.24915158371,"upper_bound":46031.01483585859},"point_estimate":45984.96331268955,"standard_error":25.5587514762788},"median_abs_dev":{"confidence_interval":{"confidence_level":0.95,"lower_bound":135.26188240923614,"upper_bound":268.30048196475275},"point_estimate":215.29337138757626,"standard_error":38.43122681445084},"slope":{"confidence_interval":{"confidence_level":0.95,"lower_bound":45996.96107153965,"upper_bound":46159.01147005675},"point_estimate":46073.49609025082,"standard_error":41.44572564464204},"std_dev":{"confidence_interval":{"confidence_level":0.95,"lower_bound":278.03224453083527,"upper_bound":508.9265135544918},"point_estimate":406.01251450014803,"standard_error":59.047213686790215}}