{"mean":{"confidence_interval":{"confidence_level":0.95,"lower_bound":47337.13299870303,"upper_bound":47480.42670331996},"point_estimate":47403.17539395119,"standard_error":36.60871109006313},"median":{"confidence_interval":{"confidence_level":0.95,"lower_bound":47315.44700396825,"upper_bound":47394.59670781893},"point_estimate":47362.391746031746,"standard_error":18.608946633199388},"median_abs_dev":{"confidence_interval":{"confidence_level":0.95,"lower_bound":111.30030790244352,"upper_bound":177.18948773822368},"point_estimate":146.48814961955424,"standard_error":17.075879415103987},"slope":{"confidence_interval":{"confidence_level":0.95,"lower_bound":47348.60757195358,"upper_bound":47611.90448788409},"point_estimate":47459.64921249481,"standard_error":68.90741491885561},"std_dev":{"confidence_interval":{"confidence_level":0.95,"lower_bound":220.83111932293383,"upper_bound":521.8564027262719},"point_estimate":368.75115702352645,"standard_error":82.05567489505486}}