{"mean":{"confidence_interval":{"confidence_level":0.95,"lower_bound":13725.699424110451,"upper_bound":13776.519089779418},"point_estimate":13746.997852843386,"standard_error":13.179685790385296},"median":{"confidence_interval":{"confidence_level":0.95,"lower_bound":13716.421650517876,"upper_bound":13729.336396740073},"point_estimate":13719.812998132005,"standard_error":3.195810121903134},"median_abs_dev":{"confidence_interval":{"confidence_level":0.95,"lower_bound":15.87829129586245,"upper_bound":23.198725526380027},"point_estimate":21.140979919721143,"standard_error":1.8643027266937968},"slope":{"confidence_interval":{"confidence_level":0.95,"lower_bound":13725.011507693702,"upper_bound":13784.242957189364},"point_estimate":13750.761311724302,"standard_error":15.230417294764056},"std_dev":{"confidence_interval":{"confidence_level":0.95,"lower_bound":45.82098481377289,"upper_bound":209.08159516402083},"point_estimate":132.49015681089506,"standard_error":47.654470693897835}}