{"mean":{"confidence_interval":{"confidence_level":0.95,"lower_bound":2629988.3405124997,"upper_bound":2643261.8113125},"point_estimate":2635892.8950000005,"standard_error":3417.60144335851},"median":{"confidence_interval":{"confidence_level":0.95,"lower_bound":2626120.85,"upper_bound":2628266.65},"point_estimate":2627017.725,"standard_error":536.5570392710488},"median_abs_dev":{"confidence_interval":{"confidence_level":0.95,"lower_bound":3419.2832542954493,"upper_bound":6460.132865309784},"point_estimate":4440.090401172707,"standard_error":776.2428060654444},"slope":null,"std_dev":{"confidence_interval":{"confidence_level":0.95,"lower_bound":17223.11561025036,"upper_bound":49731.88208709311},"point_estimate":34289.675664769355,"standard_error":8602.332867569838}}