{"mean":{"confidence_interval":{"confidence_level":0.95,"lower_bound":422331.05857900716,"upper_bound":425197.894195633},"point_estimate":423554.0402549241,"standard_error":742.1744375649376},"median":{"confidence_interval":{"confidence_level":0.95,"lower_bound":421331.05936147185,"upper_bound":421870.94237231184},"point_estimate":421552.85624999995,"standard_error":136.1912547109028},"median_abs_dev":{"confidence_interval":{"confidence_level":0.95,"lower_bound":607.7862188835232,"upper_bound":1190.8720609816153},"point_estimate":830.561085115656,"standard_error":151.7757661407072},"slope":{"confidence_interval":{"confidence_level":0.95,"lower_bound":421679.6222381782,"upper_bound":427260.38875947584},"point_estimate":423710.6458716319,"standard_error":1546.2054549949346},"std_dev":{"confidence_interval":{"confidence_level":0.95,"lower_bound":3331.108389084418,"upper_bound":11552.596035834646},"point_estimate":7469.906093381809,"standard_error":2535.554925453832}}