{"mean":{"confidence_interval":{"confidence_level":0.95,"lower_bound":35327.21620923335,"upper_bound":35343.97474737752},"point_estimate":35335.21601602757,"standard_error":4.278709672459547},"median":{"confidence_interval":{"confidence_level":0.95,"lower_bound":35326.50596816976,"upper_bound":35339.01592476489},"point_estimate":35333.466079138816,"standard_error":2.642337022577208},"median_abs_dev":{"confidence_interval":{"confidence_level":0.95,"lower_bound":20.500352911912614,"upper_bound":36.146671009485935},"point_estimate":26.659828020342676,"standard_error":4.0911607957549245},"slope":{"confidence_interval":{"confidence_level":0.95,"lower_bound":35338.02056677821,"upper_bound":35350.412687218624},"point_estimate":35344.08828941669,"standard_error":3.1477481164354724},"std_dev":{"confidence_interval":{"confidence_level":0.95,"lower_bound":29.857122951587108,"upper_bound":55.527730491688324},"point_estimate":43.02820869608709,"standard_error":6.6140065841809355}}