{"mean":{"confidence_interval":{"confidence_level":0.95,"lower_bound":-0.008479361492818856,"upper_bound":-0.0004414131312369847},"point_estimate":-0.00416435432725637,"standard_error":0.0020590879717407914},"median":{"confidence_interval":{"confidence_level":0.95,"lower_bound":-0.00023470060863928222,"upper_bound":0.003251584803332097},"point_estimate":0.001487405880881143,"standard_error":0.0008904289622557802}}