{"mean":{"confidence_interval":{"confidence_level":0.95,"lower_bound":33864.041358961855,"upper_bound":33964.26002976848},"point_estimate":33913.699162147175,"standard_error":25.630602788782546},"median":{"confidence_interval":{"confidence_level":0.95,"lower_bound":33866.36363636364,"upper_bound":33988.992789855074},"point_estimate":33931.76407312925,"standard_error":28.83288183693592},"median_abs_dev":{"confidence_interval":{"confidence_level":0.95,"lower_bound":169.47010004685728,"upper_bound":278.4503837859851},"point_estimate":212.7377822525624,"standard_error":27.66750099162309},"slope":{"confidence_interval":{"confidence_level":0.95,"lower_bound":33784.25879166461,"upper_bound":33929.43383120893},"point_estimate":33854.66460627555,"standard_error":36.927652518972494},"std_dev":{"confidence_interval":{"confidence_level":0.95,"lower_bound":212.28610011623883,"upper_bound":303.1241405498583},"point_estimate":257.1355774561988,"standard_error":23.360281713966696}}