{"mean":{"confidence_interval":{"confidence_level":0.95,"lower_bound":23670.58595860401,"upper_bound":23727.468611830278},"point_estimate":23697.99172263985,"standard_error":14.523468259636745},"median":{"confidence_interval":{"confidence_level":0.95,"lower_bound":23638.130268199235,"upper_bound":23653.14043583535},"point_estimate":23647.50948478874,"standard_error":3.3636939512680257},"median_abs_dev":{"confidence_interval":{"confidence_level":0.95,"lower_bound":23.823023739735714,"upper_bound":76.24702142849733},"point_estimate":35.04969876841668,"standard_error":14.2327871283017},"slope":{"confidence_interval":{"confidence_level":0.95,"lower_bound":23706.04366757403,"upper_bound":23807.07336645505},"point_estimate":23757.50287508708,"standard_error":25.80772001520299},"std_dev":{"confidence_interval":{"confidence_level":0.95,"lower_bound":118.60277378217643,"upper_bound":166.11269432368468},"point_estimate":145.44832917189953,"standard_error":12.175365049382227}}