{"mean":{"confidence_interval":{"confidence_level":0.95,"lower_bound":0.06689176636022952,"upper_bound":0.09896064142075464},"point_estimate":0.08095470666750759,"standard_error":0.00797786586811656},"median":{"confidence_interval":{"confidence_level":0.95,"lower_bound":0.05341602375191479,"upper_bound":0.07280517016825039},"point_estimate":0.06584979508413369,"standard_error":0.004738263999214831}}