{"mean":{"confidence_interval":{"confidence_level":0.95,"lower_bound":95074.23655461386,"upper_bound":95480.42522106747},"point_estimate":95277.60669283436,"standard_error":103.45117697180589},"median":{"confidence_interval":{"confidence_level":0.95,"lower_bound":95074.11202938476,"upper_bound":95281.67311411993},"point_estimate":95176.49443690637,"standard_error":48.166212537130626},"median_abs_dev":{"confidence_interval":{"confidence_level":0.95,"lower_bound":390.003220735764,"upper_bound":671.2077688700767},"point_estimate":507.68361114083757,"standard_error":73.24750390660365},"slope":{"confidence_interval":{"confidence_level":0.95,"lower_bound":94916.91046508272,"upper_bound":95092.39656505155},"point_estimate":94997.82878192297,"standard_error":44.43884523183287},"std_dev":{"confidence_interval":{"confidence_level":0.95,"lower_bound":744.8870750108725,"upper_bound":1302.736688371433},"point_estimate":1038.8276456786023,"standard_error":142.61931828966652}}