{"mean":{"confidence_interval":{"confidence_level":0.95,"lower_bound":53050.662203771535,"upper_bound":53246.06087623636},"point_estimate":53141.30903898994,"standard_error":49.95688029455942},"median":{"confidence_interval":{"confidence_level":0.95,"lower_bound":52935.65235457064,"upper_bound":52957.333393829394},"point_estimate":52943.24611244019,"standard_error":5.749766713324968},"median_abs_dev":{"confidence_interval":{"confidence_level":0.95,"lower_bound":26.0981668141116,"upper_bound":66.47757230829305},"point_estimate":42.07055901793077,"standard_error":12.333358751755398},"slope":{"confidence_interval":{"confidence_level":0.95,"lower_bound":53041.206544765315,"upper_bound":53271.6102286581},"point_estimate":53145.879944000684,"standard_error":58.68021914747412},"std_dev":{"confidence_interval":{"confidence_level":0.95,"lower_bound":331.4560042520745,"upper_bound":644.4937933207657},"point_estimate":500.38870483085896,"standard_error":79.92661512168844}}