{"mean":{"confidence_interval":{"confidence_level":0.95,"lower_bound":29.88786040659229,"upper_bound":30.544073012085647},"point_estimate":30.173901391952892,"standard_error":0.17200020235067454},"median":{"confidence_interval":{"confidence_level":0.95,"lower_bound":29.7605290894996,"upper_bound":29.82682601317692},"point_estimate":29.79340558277628,"standard_error":0.016953977884539784},"median_abs_dev":{"confidence_interval":{"confidence_level":0.95,"lower_bound":0.11312965200903115,"upper_bound":0.1925131290919335},"point_estimate":0.14290186518132963,"standard_error":0.019576779853794374},"slope":{"confidence_interval":{"confidence_level":0.95,"lower_bound":30.0057002231988,"upper_bound":31.670316029533844},"point_estimate":30.752895251826857,"standard_error":0.4402637642018764},"std_dev":{"confidence_interval":{"confidence_level":0.95,"lower_bound":0.7172599048309419,"upper_bound":2.43605869426383},"point_estimate":1.7216126058675694,"standard_error":0.44537017601227175}}