{"mean":{"confidence_interval":{"confidence_level":0.95,"lower_bound":47728.447221184644,"upper_bound":47813.81668757903},"point_estimate":47770.5794800071,"standard_error":21.815408207540095},"median":{"confidence_interval":{"confidence_level":0.95,"lower_bound":47695.207039337474,"upper_bound":47747.09387755102},"point_estimate":47712.69780115242,"standard_error":13.599926678914613},"median_abs_dev":{"confidence_interval":{"confidence_level":0.95,"lower_bound":75.1772458853692,"upper_bound":139.1255153484847},"point_estimate":102.56137557380399,"standard_error":16.57201185865728},"slope":{"confidence_interval":{"confidence_level":0.95,"lower_bound":47701.500105341845,"upper_bound":47738.82256530995},"point_estimate":47719.2829225865,"standard_error":9.545551773062472},"std_dev":{"confidence_interval":{"confidence_level":0.95,"lower_bound":167.7806363969334,"upper_bound":266.15457395231573},"point_estimate":219.39605685240863,"standard_error":25.15480301225267}}