{"mean":{"confidence_interval":{"confidence_level":0.95,"lower_bound":0.0025869514333924093,"upper_bound":0.011122414375315129},"point_estimate":0.006931753146105724,"standard_error":0.0021830881173404548},"median":{"confidence_interval":{"confidence_level":0.95,"lower_bound":0.0021630509006012044,"upper_bound":0.013187679999682844},"point_estimate":0.0076074287770668825,"standard_error":0.002955424079916763}}