{"mean":{"confidence_interval":{"confidence_level":0.95,"lower_bound":18628186.095750008,"upper_bound":18696273.337166667},"point_estimate":18657242.630000006,"standard_error":17604.06602301766},"median":{"confidence_interval":{"confidence_level":0.95,"lower_bound":18612736.0,"upper_bound":18621201.333333332},"point_estimate":18618375.0,"standard_error":2208.05212290042},"median_abs_dev":{"confidence_interval":{"confidence_level":0.95,"lower_bound":12293.224781753474,"upper_bound":21786.065313220024},"point_estimate":17606.121787427935,"standard_error":2393.440751867963},"slope":null,"std_dev":{"confidence_interval":{"confidence_level":0.95,"lower_bound":56138.056880087475,"upper_bound":271561.34253904695},"point_estimate":176150.62486907069,"standard_error":56103.450764301415}}