{"mean":{"confidence_interval":{"confidence_level":0.95,"lower_bound":0.007033382278841155,"upper_bound":0.012247048633740869},"point_estimate":0.009423854268403087,"standard_error":0.0013204341621612912},"median":{"confidence_interval":{"confidence_level":0.95,"lower_bound":0.006285921601026256,"upper_bound":0.008168045964734194},"point_estimate":0.00717345236952327,"standard_error":0.0004594971117523313}}