{"mean":{"confidence_interval":{"confidence_level":0.95,"lower_bound":48313.707092286546,"upper_bound":48665.321184079214},"point_estimate":48480.2029825405,"standard_error":89.42927770394584},"median":{"confidence_interval":{"confidence_level":0.95,"lower_bound":48285.15328282828,"upper_bound":48342.130952380954},"point_estimate":48294.93475383373,"standard_error":13.267698782411635},"median_abs_dev":{"confidence_interval":{"confidence_level":0.95,"lower_bound":75.80170217436294,"upper_bound":280.6259723631461},"point_estimate":104.78020369533674,"standard_error":63.55805795839594},"slope":{"confidence_interval":{"confidence_level":0.95,"lower_bound":48465.26838791174,"upper_bound":49108.88410494382},"point_estimate":48773.98521283259,"standard_error":165.0134663606484},"std_dev":{"confidence_interval":{"confidence_level":0.95,"lower_bound":641.9299258364513,"upper_bound":1109.0529345495495},"point_estimate":903.2051297892876,"standard_error":119.56582890678256}}