{"mean":{"confidence_interval":{"confidence_level":0.95,"lower_bound":0.03273596878393136,"upper_bound":0.037839534932643866},"point_estimate":0.03533552538287599,"standard_error":0.0013040281717832806},"median":{"confidence_interval":{"confidence_level":0.95,"lower_bound":0.02379385976241144,"upper_bound":0.04598098825912689},"point_estimate":0.04467181764140338,"standard_error":0.005266425962761438}}