{"mean":{"confidence_interval":{"confidence_level":0.95,"lower_bound":2441.836165662296,"upper_bound":2457.3403593430994},"point_estimate":2449.2535659718274,"standard_error":3.94386989034363},"median":{"confidence_interval":{"confidence_level":0.95,"lower_bound":2446.3442909164887,"upper_bound":2449.7457342803764},"point_estimate":2447.61049464041,"standard_error":0.7693789066021309},"median_abs_dev":{"confidence_interval":{"confidence_level":0.95,"lower_bound":5.203462336430917,"upper_bound":10.546623179016581},"point_estimate":7.547220093282917,"standard_error":1.2804164640170965},"slope":{"confidence_interval":{"confidence_level":0.95,"lower_bound":2447.2385872019154,"upper_bound":2462.4730286050694},"point_estimate":2453.6421022802797,"standard_error":3.9464620242016317},"std_dev":{"confidence_interval":{"confidence_level":0.95,"lower_bound":25.197976765398106,"upper_bound":53.733378022968665},"point_estimate":39.70235653926592,"standard_error":7.441262075875878}}