{"mean":{"confidence_interval":{"confidence_level":0.95,"lower_bound":-0.0011378665830608112,"upper_bound":0.0044923222486194896},"point_estimate":0.001540329446305222,"standard_error":0.0014445655778893768},"median":{"confidence_interval":{"confidence_level":0.95,"lower_bound":-0.0033943371385951045,"upper_bound":-0.00035363278427769096},"point_estimate":-0.0018936549690912186,"standard_error":0.0007593262760057203}}