{"mean":{"confidence_interval":{"confidence_level":0.95,"lower_bound":53367.320563338595,"upper_bound":53587.6251234867},"point_estimate":53466.004132626615,"standard_error":56.479754420128494},"median":{"confidence_interval":{"confidence_level":0.95,"lower_bound":53294.05741626794,"upper_bound":53316.47532894737},"point_estimate":53304.29488963858,"standard_error":6.214897921364065},"median_abs_dev":{"confidence_interval":{"confidence_level":0.95,"lower_bound":37.05845093021844,"upper_bound":70.89674839680971},"point_estimate":55.185402866819906,"standard_error":8.01349468415005},"slope":{"confidence_interval":{"confidence_level":0.95,"lower_bound":53297.32007021755,"upper_bound":53452.469417058426},"point_estimate":53358.88745817551,"standard_error":40.573505914217705},"std_dev":{"confidence_interval":{"confidence_level":0.95,"lower_bound":287.24172015138174,"upper_bound":786.0320250264708},"point_estimate":566.1193183302396,"standard_error":126.93235826901737}}