{"mean":{"confidence_interval":{"confidence_level":0.95,"lower_bound":895173.1139272726,"upper_bound":896947.1958181816},"point_estimate":896045.3234545457,"standard_error":451.3318681742851},"median":{"confidence_interval":{"confidence_level":0.95,"lower_bound":895180.4545454546,"upper_bound":898760.5},"point_estimate":896880.1818181819,"standard_error":825.0896668713798},"median_abs_dev":{"confidence_interval":{"confidence_level":0.95,"lower_bound":6890.315986763324,"upper_bound":10226.3023941286},"point_estimate":8625.56447413819,"standard_error":794.4766262110838},"slope":null,"std_dev":{"confidence_interval":{"confidence_level":0.95,"lower_bound":8655.97470743185,"upper_bound":11546.185578858553},"point_estimate":10065.504194969086,"standard_error":738.5683440329148}}