{"mean":{"confidence_interval":{"confidence_level":0.95,"lower_bound":884319.7879999996,"upper_bound":887378.1941666673},"point_estimate":885816.6799999999,"standard_error":780.7472131544333},"median":{"confidence_interval":{"confidence_level":0.95,"lower_bound":876240.1666666666,"upper_bound":876908.8854166666},"point_estimate":876489.9166666666,"standard_error":162.40202271753677},"median_abs_dev":{"confidence_interval":{"confidence_level":0.95,"lower_bound":2191.5298610925097,"upper_bound":3533.4681622685152},"point_estimate":2725.1423016190242,"standard_error":337.10778487794306},"slope":null,"std_dev":{"confidence_interval":{"confidence_level":0.95,"lower_bound":15808.617768544585,"upper_bound":18860.422129530398},"point_estimate":17393.596915368766,"standard_error":781.208538522371}}