{"mean":{"confidence_interval":{"confidence_level":0.95,"lower_bound":905496.7001031379,"upper_bound":907423.036876432},"point_estimate":906409.2464230631,"standard_error":492.70951358303745},"median":{"confidence_interval":{"confidence_level":0.95,"lower_bound":904356.7149898887,"upper_bound":905725.9879518072},"point_estimate":905057.0394265233,"standard_error":319.56686447533946},"median_abs_dev":{"confidence_interval":{"confidence_level":0.95,"lower_bound":1819.057171431507,"upper_bound":3619.535900233566},"point_estimate":2536.3522733433915,"standard_error":447.22653854285375},"slope":{"confidence_interval":{"confidence_level":0.95,"lower_bound":905701.5025674005,"upper_bound":908746.579043222},"point_estimate":907093.5360602926,"standard_error":784.5307178513536},"std_dev":{"confidence_interval":{"confidence_level":0.95,"lower_bound":3529.366272984649,"upper_bound":6320.1203916930735},"point_estimate":4957.848431142109,"standard_error":718.438798644061}}