{"mean":{"confidence_interval":{"confidence_level":0.95,"lower_bound":1200.8542916293036,"upper_bound":1210.3356962792832},"point_estimate":1205.404537510077,"standard_error":2.429795975126913},"median":{"confidence_interval":{"confidence_level":0.95,"lower_bound":1194.4204944178628,"upper_bound":1195.4095530665506},"point_estimate":1194.7463411201802,"standard_error":0.2591344119333081},"median_abs_dev":{"confidence_interval":{"confidence_level":0.95,"lower_bound":1.6830973095300195,"upper_bound":4.3389892212132235},"point_estimate":2.5708451695363483,"standard_error":0.7295241267605631},"slope":{"confidence_interval":{"confidence_level":0.95,"lower_bound":1214.1499273749137,"upper_bound":1230.3432292888185},"point_estimate":1222.8188397818572,"standard_error":4.147628578102387},"std_dev":{"confidence_interval":{"confidence_level":0.95,"lower_bound":20.131385338153684,"upper_bound":27.640628399758736},"point_estimate":24.474546180309144,"standard_error":1.9244643406252449}}