{"mean":{"confidence_interval":{"confidence_level":0.95,"lower_bound":154152.78649230767,"upper_bound":154185.4108676924},"point_estimate":154168.41630769236,"standard_error":8.327134039950295},"median":{"confidence_interval":{"confidence_level":0.95,"lower_bound":154108.06923076924,"upper_bound":154122.84615384616},"point_estimate":154113.2923076923,"standard_error":4.15459752918124},"median_abs_dev":{"confidence_interval":{"confidence_level":0.95,"lower_bound":57.00026668036262,"upper_bound":73.71943253737827},"point_estimate":64.64135885235196,"standard_error":4.241823465315026},"slope":null,"std_dev":{"confidence_interval":{"confidence_level":0.95,"lower_bound":148.24114135078716,"upper_bound":222.53912072008401},"point_estimate":185.18021783744214,"standard_error":19.066971513323235}}