{"mean":{"confidence_interval":{"confidence_level":0.95,"lower_bound":69772258.32,"upper_bound":69998584.617},"point_estimate":69877543.4,"standard_error":57791.03232124819},"median":{"confidence_interval":{"confidence_level":0.95,"lower_bound":69562949.0,"upper_bound":69790019.0},"point_estimate":69664135.5,"standard_error":73842.99437040977},"median_abs_dev":{"confidence_interval":{"confidence_level":0.95,"lower_bound":35968.616661429405,"upper_bound":349977.3606866598},"point_estimate":184875.02761781216,"standard_error":98157.28714926119},"slope":null,"std_dev":{"confidence_interval":{"confidence_level":0.95,"lower_bound":401039.7242796849,"upper_bound":723665.236436633},"point_estimate":579546.0209469255,"standard_error":81918.74674512271}}