{"mean":{"confidence_interval":{"confidence_level":0.95,"lower_bound":34226.84026472738,"upper_bound":34376.54988457127},"point_estimate":34299.02487300207,"standard_error":38.302972482925085},"median":{"confidence_interval":{"confidence_level":0.95,"lower_bound":34028.07742128936,"upper_bound":34240.60896551724},"point_estimate":34149.7154170008,"standard_error":52.38921778606001},"median_abs_dev":{"confidence_interval":{"confidence_level":0.95,"lower_bound":64.03260165794649,"upper_bound":352.0918442981621},"point_estimate":225.46983462572658,"standard_error":69.04898648551679},"slope":{"confidence_interval":{"confidence_level":0.95,"lower_bound":34175.80168867474,"upper_bound":34325.08634688146},"point_estimate":34246.00306273345,"standard_error":38.205354567895995},"std_dev":{"confidence_interval":{"confidence_level":0.95,"lower_bound":317.82401353887235,"upper_bound":438.31877368733547},"point_estimate":383.60721750199696,"standard_error":30.705367823347054}}