{"mean":{"confidence_interval":{"confidence_level":0.95,"lower_bound":46307.7556213434,"upper_bound":46492.14027467575},"point_estimate":46396.17848266555,"standard_error":46.955656231894665},"median":{"confidence_interval":{"confidence_level":0.95,"lower_bound":46100.18397412864,"upper_bound":46288.27536231884},"point_estimate":46112.72482893451,"standard_error":53.867212561718084},"median_abs_dev":{"confidence_interval":{"confidence_level":0.95,"lower_bound":26.739838663226802,"upper_bound":291.8854658407257},"point_estimate":52.97275274835666,"standard_error":81.6053625504316},"slope":{"confidence_interval":{"confidence_level":0.95,"lower_bound":46355.58596373833,"upper_bound":46632.30679834316},"point_estimate":46493.59400392278,"standard_error":70.63487419841836},"std_dev":{"confidence_interval":{"confidence_level":0.95,"lower_bound":387.75121715236264,"upper_bound":539.6656657785911},"point_estimate":471.9753230058629,"standard_error":38.661186996838154}}