{"mean":{"confidence_interval":{"confidence_level":0.95,"lower_bound":46897.380271196154,"upper_bound":46998.37732463464},"point_estimate":46947.896708603395,"standard_error":25.796543227138635},"median":{"confidence_interval":{"confidence_level":0.95,"lower_bound":46870.594902749835,"upper_bound":46934.292237002766},"point_estimate":46913.540163540165,"standard_error":15.47080714098162},"median_abs_dev":{"confidence_interval":{"confidence_level":0.95,"lower_bound":77.69213699243964,"upper_bound":134.37082876029368},"point_estimate":107.10153793278265,"standard_error":14.158259830297839},"slope":{"confidence_interval":{"confidence_level":0.95,"lower_bound":46900.76800234659,"upper_bound":46985.23428189645},"point_estimate":46938.76094112183,"standard_error":21.68203153798945},"std_dev":{"confidence_interval":{"confidence_level":0.95,"lower_bound":195.01676216987744,"upper_bound":315.65601910588765},"point_estimate":258.8354107459956,"standard_error":30.82705372768419}}