{"mean":{"confidence_interval":{"confidence_level":0.95,"lower_bound":8424102.658208335,"upper_bound":8455397.930333335},"point_estimate":8437623.199999996,"standard_error":8081.3547330605315},"median":{"confidence_interval":{"confidence_level":0.95,"lower_bound":8417718.75,"upper_bound":8422895.833333334},"point_estimate":8420757.0,"standard_error":1630.5739292801043},"median_abs_dev":{"confidence_interval":{"confidence_level":0.95,"lower_bound":10156.67466968077,"upper_bound":21744.799613951716},"point_estimate":15037.146683037741,"standard_error":2973.3847729181653},"slope":null,"std_dev":{"confidence_interval":{"confidence_level":0.95,"lower_bound":32670.136635766798,"upper_bound":123898.51230422872},"point_estimate":81178.60794063304,"standard_error":24839.331693649772}}