{"mean":{"confidence_interval":{"confidence_level":0.95,"lower_bound":253995004.26475,"upper_bound":254320799.8585},"point_estimate":254149424.8,"standard_error":83296.40557673045},"median":{"confidence_interval":{"confidence_level":0.95,"lower_bound":253736310.0,"upper_bound":254111962.0},"point_estimate":253950200.0,"standard_error":85599.47963774542},"median_abs_dev":{"confidence_interval":{"confidence_level":0.95,"lower_bound":413021.19953490794,"upper_bound":716450.8699804544},"point_estimate":562264.1792178154,"standard_error":71273.055051357},"slope":null,"std_dev":{"confidence_interval":{"confidence_level":0.95,"lower_bound":608342.986299897,"upper_bound":1050943.6488935205},"point_estimate":838950.7385354106,"standard_error":113594.07853931208}}