{"mean":{"confidence_interval":{"confidence_level":0.95,"lower_bound":-0.019280180010933408,"upper_bound":-0.0079869983533487},"point_estimate":-0.013356073979621907,"standard_error":0.002877327663317493},"median":{"confidence_interval":{"confidence_level":0.95,"lower_bound":-0.019554514467247985,"upper_bound":-0.009403420853028255},"point_estimate":-0.013768532438929948,"standard_error":0.0024918618674439194}}