{"mean":{"confidence_interval":{"confidence_level":0.95,"lower_bound":0.10465675479532055,"upper_bound":0.11528882840796904},"point_estimate":0.10986409450985946,"standard_error":0.0027402165871571304},"median":{"confidence_interval":{"confidence_level":0.95,"lower_bound":0.08421351023569335,"upper_bound":0.13453667243948564},"point_estimate":0.1324247671406531,"standard_error":0.012185950322402673}}