{"mean":{"confidence_interval":{"confidence_level":0.95,"lower_bound":831524.2611230772,"upper_bound":839980.6565423073},"point_estimate":835709.9918461539,"standard_error":2157.307045217071},"median":{"confidence_interval":{"confidence_level":0.95,"lower_bound":808652.8461538461,"upper_bound":809093.3846153846},"point_estimate":808931.0384615385,"standard_error":113.92174780400042},"median_abs_dev":{"confidence_interval":{"confidence_level":0.95,"lower_bound":8883.168811522984,"upper_bound":12474.889847372506},"point_estimate":10739.897186251821,"standard_error":1139.8421771048925},"slope":null,"std_dev":{"confidence_interval":{"confidence_level":0.95,"lower_bound":46350.91944634817,"upper_bound":49821.14701153328},"point_estimate":48236.49183725084,"standard_error":884.6575600824434}}