{"mean":{"confidence_interval":{"confidence_level":0.95,"lower_bound":3285988.184160715,"upper_bound":3628340.648571429},"point_estimate":3471705.452142856,"standard_error":88189.07423272736},"median":{"confidence_interval":{"confidence_level":0.95,"lower_bound":3773458.8214285714,"upper_bound":3774404.3571428573},"point_estimate":3773783.7857142854,"standard_error":217.35217553579193},"median_abs_dev":{"confidence_interval":{"confidence_level":0.95,"lower_bound":1437.2747744833707,"upper_bound":2353.9981082081795},"point_estimate":1779.4906184084166,"standard_error":233.65577623262712},"slope":null,"std_dev":{"confidence_interval":{"confidence_level":0.95,"lower_bound":640093.3504665829,"upper_bound":1077660.0759337307},"point_estimate":883892.4632188844,"standard_error":119582.52335845109}}