{"mean":{"confidence_interval":{"confidence_level":0.95,"lower_bound":47960.701046047034,"upper_bound":48077.159065172586},"point_estimate":48017.061859712434,"standard_error":29.594103731116377},"median":{"confidence_interval":{"confidence_level":0.95,"lower_bound":47934.89581246243,"upper_bound":47987.0731292517},"point_estimate":47968.92509743028,"standard_error":15.067566542223101},"median_abs_dev":{"confidence_interval":{"confidence_level":0.95,"lower_bound":87.45480228648685,"upper_bound":169.18198774576788},"point_estimate":120.85715696547162,"standard_error":20.19674855860528},"slope":{"confidence_interval":{"confidence_level":0.95,"lower_bound":48000.86134024804,"upper_bound":48194.17189649237},"point_estimate":48091.03646435432,"standard_error":49.39653781591787},"std_dev":{"confidence_interval":{"confidence_level":0.95,"lower_bound":207.80704165310743,"upper_bound":373.268502622103},"point_estimate":297.42567065205554,"standard_error":42.24336945214994}}