{"mean":{"confidence_interval":{"confidence_level":0.95,"lower_bound":-0.04137685095509807,"upper_bound":-0.031952360165593004},"point_estimate":-0.03614110548073124,"standard_error":0.0024038367794994094},"median":{"confidence_interval":{"confidence_level":0.95,"lower_bound":-0.03344377255874864,"upper_bound":-0.03195974059916584},"point_estimate":-0.032533973460600496,"standard_error":0.00036110624071706323}}