{"mean":{"confidence_interval":{"confidence_level":0.95,"lower_bound":34914.82891162518,"upper_bound":34955.88914897914},"point_estimate":34932.91449408984,"standard_error":10.489526838977328},"median":{"confidence_interval":{"confidence_level":0.95,"lower_bound":34916.964412024754,"upper_bound":34920.26454741379},"point_estimate":34918.83084909158,"standard_error":0.8931658746018356},"median_abs_dev":{"confidence_interval":{"confidence_level":0.95,"lower_bound":4.532659656300011,"upper_bound":9.819981593953015},"point_estimate":5.793690165338756,"standard_error":1.5268636602136965},"slope":{"confidence_interval":{"confidence_level":0.95,"lower_bound":34899.65751403257,"upper_bound":34924.871509324425},"point_estimate":34910.20251433172,"standard_error":6.527104455263818},"std_dev":{"confidence_interval":{"confidence_level":0.95,"lower_bound":40.82445268833546,"upper_bound":148.935530484484},"point_estimate":105.14282169297462,"standard_error":26.245919928076756}}