{"mean":{"confidence_interval":{"confidence_level":0.95,"lower_bound":5252997.544275002,"upper_bound":5268092.6919249995},"point_estimate":5259713.498000001,"standard_error":3898.359308165097},"median":{"confidence_interval":{"confidence_level":0.95,"lower_bound":5248479.15,"upper_bound":5251831.25},"point_estimate":5250918.75,"standard_error":897.2992154758778},"median_abs_dev":{"confidence_interval":{"confidence_level":0.95,"lower_bound":4694.875206649165,"upper_bound":8941.782831250794},"point_estimate":6711.804210841379,"standard_error":1132.9419696148948},"slope":null,"std_dev":{"confidence_interval":{"confidence_level":0.95,"lower_bound":18895.24709054711,"upper_bound":54587.602318768106},"point_estimate":39273.82252666212,"standard_error":9432.534476173509}}