{"mean":{"confidence_interval":{"confidence_level":0.95,"lower_bound":2551.69814355154,"upper_bound":2570.690152844975},"point_estimate":2560.479037019873,"standard_error":4.88213173115408},"median":{"confidence_interval":{"confidence_level":0.95,"lower_bound":2542.0777542870565,"upper_bound":2544.58752188047},"point_estimate":2543.5524711738417,"standard_error":0.679284876205293},"median_abs_dev":{"confidence_interval":{"confidence_level":0.95,"lower_bound":4.741888250976869,"upper_bound":9.028617480600278},"point_estimate":7.244016392625473,"standard_error":1.153501167279598},"slope":{"confidence_interval":{"confidence_level":0.95,"lower_bound":2556.9438001621743,"upper_bound":2590.524342464416},"point_estimate":2572.1509751037584,"standard_error":8.620223156146979},"std_dev":{"confidence_interval":{"confidence_level":0.95,"lower_bound":28.127447029772856,"upper_bound":65.0037567827478},"point_estimate":48.88363064775062,"standard_error":9.39602505114561}}