{"mean":{"confidence_interval":{"confidence_level":0.95,"lower_bound":0.933983121933536,"upper_bound":0.9405046202777458},"point_estimate":0.9369808604353986,"standard_error":0.00167929563599281},"median":{"confidence_interval":{"confidence_level":0.95,"lower_bound":0.931082040851812,"upper_bound":0.9340923630927345},"point_estimate":0.9321254717881551,"standard_error":0.0007168689357163493},"median_abs_dev":{"confidence_interval":{"confidence_level":0.95,"lower_bound":0.004267127607379102,"upper_bound":0.00971631086150061},"point_estimate":0.008513680699117017,"standard_error":0.0014553770851859044},"slope":{"confidence_interval":{"confidence_level":0.95,"lower_bound":0.9320456538455184,"upper_bound":0.9380436247477912},"point_estimate":0.9344814448139284,"standard_error":0.0015660152003824765},"std_dev":{"confidence_interval":{"confidence_level":0.95,"lower_bound":0.010033658427486304,"upper_bound":0.02267003207140383},"point_estimate":0.016923054755697674,"standard_error":0.0032385090792103974}}