{"mean":{"confidence_interval":{"confidence_level":0.95,"lower_bound":185184.97064603213,"upper_bound":186174.5642382658},"point_estimate":185643.55433281217,"standard_error":253.45224723546417},"median":{"confidence_interval":{"confidence_level":0.95,"lower_bound":184629.9797979798,"upper_bound":184892.31506849316},"point_estimate":184737.61125886525,"standard_error":60.32729780545343},"median_abs_dev":{"confidence_interval":{"confidence_level":0.95,"lower_bound":344.4200912892044,"upper_bound":799.5193481618506},"point_estimate":560.6965841059339,"standard_error":126.50030529477095},"slope":{"confidence_interval":{"confidence_level":0.95,"lower_bound":184773.88843761303,"upper_bound":185722.16617130593},"point_estimate":185191.37430077337,"standard_error":243.56581650575026},"std_dev":{"confidence_interval":{"confidence_level":0.95,"lower_bound":1643.8314469166085,"upper_bound":3323.4748071318436},"point_estimate":2550.703030273628,"standard_error":430.2544192341884}}