{"mean":{"confidence_interval":{"confidence_level":0.95,"lower_bound":837167.3628423084,"upper_bound":839113.8215692311},"point_estimate":838140.0556923081,"standard_error":496.89804258794913},"median":{"confidence_interval":{"confidence_level":0.95,"lower_bound":834831.0,"upper_bound":836186.1538461539},"point_estimate":835382.3461538462,"standard_error":326.1017559397011},"median_abs_dev":{"confidence_interval":{"confidence_level":0.95,"lower_bound":12132.11415903499,"upper_bound":13991.06785930116},"point_estimate":12846.956864228569,"standard_error":458.41271112673695},"slope":null,"std_dev":{"confidence_interval":{"confidence_level":0.95,"lower_bound":10546.354261604993,"upper_bound":11845.888009369792},"point_estimate":11170.408025613011,"standard_error":334.4091415615636}}