{"mean":{"confidence_interval":{"confidence_level":0.95,"lower_bound":741426.722215,"upper_bound":742427.8591655},"point_estimate":741927.31678,"standard_error":254.35590234968285},"median":{"confidence_interval":{"confidence_level":0.95,"lower_bound":764293.5,"upper_bound":764730.0},"point_estimate":764526.5,"standard_error":112.22204621250748},"median_abs_dev":{"confidence_interval":{"confidence_level":0.95,"lower_bound":52755.35486340523,"upper_bound":53390.6489521265},"point_estimate":53066.70085787773,"standard_error":162.44366758686877},"slope":null,"std_dev":{"confidence_interval":{"confidence_level":0.95,"lower_bound":56341.550113424266,"upper_bound":56899.49661506863},"point_estimate":56622.50621892842,"standard_error":142.58263671855264}}