{"mean":{"confidence_interval":{"confidence_level":0.95,"lower_bound":889104.3049545456,"upper_bound":890847.8192727277},"point_estimate":889968.818545454,"standard_error":446.0869519705423},"median":{"confidence_interval":{"confidence_level":0.95,"lower_bound":889080.2727272727,"upper_bound":891596.2727272727},"point_estimate":890423.1818181819,"standard_error":632.9247906157185},"median_abs_dev":{"confidence_interval":{"confidence_level":0.95,"lower_bound":10998.330950195108,"upper_bound":13043.577613884807},"point_estimate":12149.030702493274,"standard_error":531.8196193289974},"slope":null,"std_dev":{"confidence_interval":{"confidence_level":0.95,"lower_bound":9319.6995076155,"upper_bound":10688.007742960253},"point_estimate":9988.810985747574,"standard_error":349.4761513994638}}