{"mean":{"confidence_interval":{"confidence_level":0.95,"lower_bound":-0.00020288478046801153,"upper_bound":0.00914792389072151},"point_estimate":0.004471334238655089,"standard_error":0.002395170116862051},"median":{"confidence_interval":{"confidence_level":0.95,"lower_bound":0.002033439695130923,"upper_bound":0.0055596489645768354},"point_estimate":0.003552131432663641,"standard_error":0.0008993624687046075}}