{"mean":{"confidence_interval":{"confidence_level":0.95,"lower_bound":3634.1377163943666,"upper_bound":3652.4236964361357},"point_estimate":3643.4070054515337,"standard_error":4.665377191331973},"median":{"confidence_interval":{"confidence_level":0.95,"lower_bound":3630.9959736031165,"upper_bound":3635.4285714285716},"point_estimate":3633.487603995195,"standard_error":1.100775351906065},"median_abs_dev":{"confidence_interval":{"confidence_level":0.95,"lower_bound":6.7770224465219115,"upper_bound":14.670157028014163},"point_estimate":10.486404317877465,"standard_error":1.998787545457176},"slope":{"confidence_interval":{"confidence_level":0.95,"lower_bound":3632.522161918247,"upper_bound":3650.4198287501054},"point_estimate":3640.231236018796,"standard_error":4.633477856428589},"std_dev":{"confidence_interval":{"confidence_level":0.95,"lower_bound":31.78536040144136,"upper_bound":60.4853805787302},"point_estimate":46.81345302171717,"standard_error":7.349108618020413}}