{"mean":{"confidence_interval":{"confidence_level":0.95,"lower_bound":134030944.83174999,"upper_bound":134276375.6555},"point_estimate":134148139.16,"standard_error":62595.26900593364},"median":{"confidence_interval":{"confidence_level":0.95,"lower_bound":133958297.0,"upper_bound":134103995.0},"point_estimate":134048054.0,"standard_error":32812.74469711275},"median_abs_dev":{"confidence_interval":{"confidence_level":0.95,"lower_bound":193032.53359548753,"upper_bound":430145.2477633953},"point_estimate":258082.10781812668,"standard_error":62178.98409607626},"slope":null,"std_dev":{"confidence_interval":{"confidence_level":0.95,"lower_bound":466675.0140247709,"upper_bound":765196.5438033645},"point_estimate":630382.8465442943,"standard_error":76323.72260784975}}