{"mean":{"confidence_interval":{"confidence_level":0.95,"lower_bound":0.0005696075098586219,"upper_bound":0.0028719759082366453},"point_estimate":0.0016928291240101423,"standard_error":0.0005816531219387117},"median":{"confidence_interval":{"confidence_level":0.95,"lower_bound":0.0015633588416856582,"upper_bound":0.0019892622018653494},"point_estimate":0.001779517495546834,"standard_error":0.00012011529692639752}}