{"mean":{"confidence_interval":{"confidence_level":0.95,"lower_bound":938127.9432727271,"upper_bound":938674.5142045468},"point_estimate":938394.165454546,"standard_error":138.78196399486836},"median":{"confidence_interval":{"confidence_level":0.95,"lower_bound":938516.5,"upper_bound":938639.8181818181},"point_estimate":938589.8181818181,"standard_error":32.02706214275799},"median_abs_dev":{"confidence_interval":{"confidence_level":0.95,"lower_bound":594.1856349056967,"upper_bound":741.2999868392944},"point_estimate":674.8525516552575,"standard_error":37.29431453107659},"slope":null,"std_dev":{"confidence_interval":{"confidence_level":0.95,"lower_bound":2296.2760430791204,"upper_bound":3918.7595286125998},"point_estimate":3124.11135040095,"standard_error":413.672862761102}}