{"mean":{"confidence_interval":{"confidence_level":0.95,"lower_bound":719167.138,"upper_bound":719818.8779874999},"point_estimate":719492.1372,"standard_error":166.56175084492926},"median":{"confidence_interval":{"confidence_level":0.95,"lower_bound":715269.0,"upper_bound":715468.0},"point_estimate":715378.0,"standard_error":50.30518077458207},"median_abs_dev":{"confidence_interval":{"confidence_level":0.95,"lower_bound":3051.932045817375,"upper_bound":3463.7241885066032},"point_estimate":3239.4809424877167,"standard_error":103.56497800362796},"slope":null,"std_dev":{"confidence_interval":{"confidence_level":0.95,"lower_bound":11478.637527348004,"upper_bound":12067.573043018696},"point_estimate":11774.864564481353,"standard_error":150.29210237301217}}