{"mean":{"confidence_interval":{"confidence_level":0.95,"lower_bound":37524.37895480998,"upper_bound":37799.49422387785},"point_estimate":37651.08343549963,"standard_error":69.56382361390378},"median":{"confidence_interval":{"confidence_level":0.95,"lower_bound":37393.793162393165,"upper_bound":37442.107142857145},"point_estimate":37412.83407122796,"standard_error":15.07530067074745},"median_abs_dev":{"confidence_interval":{"confidence_level":0.95,"lower_bound":65.26973616609868,"upper_bound":137.3141302679369},"point_estimate":92.44011620759304,"standard_error":19.94601225737106},"slope":{"confidence_interval":{"confidence_level":0.95,"lower_bound":37401.04525367031,"upper_bound":37506.40155588541},"point_estimate":37446.09722408521,"standard_error":27.48907124211593},"std_dev":{"confidence_interval":{"confidence_level":0.95,"lower_bound":427.52842405816995,"upper_bound":915.8333812738069},"point_estimate":701.2466657292347,"standard_error":124.6861621675534}}