{"mean":{"confidence_interval":{"confidence_level":0.95,"lower_bound":137822.49995151284,"upper_bound":138409.16542780056},"point_estimate":138117.22986494028,"standard_error":149.69872752928316},"median":{"confidence_interval":{"confidence_level":0.95,"lower_bound":137455.911971831,"upper_bound":137634.5261470985},"point_estimate":137522.6694137449,"standard_error":41.33858399637194},"median_abs_dev":{"confidence_interval":{"confidence_level":0.95,"lower_bound":266.68476193849756,"upper_bound":823.7861444476423},"point_estimate":415.98093684487026,"standard_error":148.4822644219989},"slope":{"confidence_interval":{"confidence_level":0.95,"lower_bound":137445.35996614612,"upper_bound":137738.42808172473},"point_estimate":137569.35140202453,"standard_error":75.92353441371446},"std_dev":{"confidence_interval":{"confidence_level":0.95,"lower_bound":1262.1938429261559,"upper_bound":1751.1709979699947},"point_estimate":1508.7636319509015,"standard_error":125.62970006173252}}