{"mean":{"confidence_interval":{"confidence_level":0.95,"lower_bound":32635.28466408247,"upper_bound":32739.8233904904},"point_estimate":32685.413415259958,"standard_error":26.584483026085785},"median":{"confidence_interval":{"confidence_level":0.95,"lower_bound":32591.44335169158,"upper_bound":32655.28714746925},"point_estimate":32617.991397138776,"standard_error":17.35811904337991},"median_abs_dev":{"confidence_interval":{"confidence_level":0.95,"lower_bound":83.75373933250935,"upper_bound":157.18463551043484},"point_estimate":112.36388903293555,"standard_error":17.808534782973776},"slope":{"confidence_interval":{"confidence_level":0.95,"lower_bound":32616.718485317313,"upper_bound":32689.891712830235},"point_estimate":32649.066070636913,"standard_error":18.663247889150927},"std_dev":{"confidence_interval":{"confidence_level":0.95,"lower_bound":198.5538481954091,"upper_bound":332.48871830523944},"point_estimate":267.0125863991381,"standard_error":34.61153145193997}}