{"mean":{"confidence_interval":{"confidence_level":0.95,"lower_bound":47410.17539730863,"upper_bound":47552.27054594809},"point_estimate":47479.76557678918,"standard_error":36.15700122361669},"median":{"confidence_interval":{"confidence_level":0.95,"lower_bound":47369.24266144814,"upper_bound":47437.81008497675},"point_estimate":47398.47406832298,"standard_error":18.192872461850044},"median_abs_dev":{"confidence_interval":{"confidence_level":0.95,"lower_bound":117.21175949250134,"upper_bound":211.56290803689814},"point_estimate":153.21250422111163,"standard_error":24.43786607371577},"slope":{"confidence_interval":{"confidence_level":0.95,"lower_bound":47444.57617033462,"upper_bound":47655.97792879882},"point_estimate":47544.178611187344,"standard_error":54.18919055596762},"std_dev":{"confidence_interval":{"confidence_level":0.95,"lower_bound":280.3798907816805,"upper_bound":436.64194183182997},"point_estimate":363.27050204476654,"standard_error":40.00277180822684}}