{"mean":{"confidence_interval":{"confidence_level":0.95,"lower_bound":0.0013308730208171585,"upper_bound":0.00898895235787712},"point_estimate":0.0049037622738576925,"standard_error":0.001967694965002181},"median":{"confidence_interval":{"confidence_level":0.95,"lower_bound":0.002868672049204596,"upper_bound":0.0040151905727432435},"point_estimate":0.0034873464187270553,"standard_error":0.0002725964885514758}}